DELETE FROM FOLIO_CONF.FIELD_PRIV;
DELETE FROM FOLIO_CONF.FIELD;
DELETE FROM FOLIO_CONF.FIELD_CATEGORY;

--FIELD_CATEGORIES
INSERT INTO folio_conf.field_category
(FIELD_CATEGORY_ID,FIELD_CATEGORY_LABEL,FIELD_CATEGORY_DESC,PARENT_FIELD_CATEGORY_ID)
VALUES
(6,'Sales Metrics',NULL,NULL)
/
INSERT INTO folio_conf.field_category
(FIELD_CATEGORY_ID,FIELD_CATEGORY_LABEL,FIELD_CATEGORY_DESC,PARENT_FIELD_CATEGORY_ID)
VALUES
(7,'Location Information',NULL,NULL)
/
INSERT INTO folio_conf.field_category
(FIELD_CATEGORY_ID,FIELD_CATEGORY_LABEL,FIELD_CATEGORY_DESC,PARENT_FIELD_CATEGORY_ID)
VALUES
(8,'Sale Date / Time',NULL,NULL)
/
INSERT INTO folio_conf.field_category
(FIELD_CATEGORY_ID,FIELD_CATEGORY_LABEL,FIELD_CATEGORY_DESC,PARENT_FIELD_CATEGORY_ID)
VALUES
(9,'System Dates / Times',NULL,NULL)
/
INSERT INTO folio_conf.field_category
(FIELD_CATEGORY_ID,FIELD_CATEGORY_LABEL,FIELD_CATEGORY_DESC,PARENT_FIELD_CATEGORY_ID)
VALUES
(10,'Customer Information',NULL,NULL)
/
INSERT INTO folio_conf.field_category
(FIELD_CATEGORY_ID,FIELD_CATEGORY_LABEL,FIELD_CATEGORY_DESC,PARENT_FIELD_CATEGORY_ID)
VALUES
(11,'Sale Detail',NULL,NULL)
/
INSERT INTO folio_conf.field_category
(FIELD_CATEGORY_ID,FIELD_CATEGORY_LABEL,FIELD_CATEGORY_DESC,PARENT_FIELD_CATEGORY_ID)
VALUES
(12,'System Ids',NULL,NULL)
/
INSERT INTO folio_conf.field_category
(FIELD_CATEGORY_ID,FIELD_CATEGORY_LABEL,FIELD_CATEGORY_DESC,PARENT_FIELD_CATEGORY_ID)
VALUES
(13,'Fill Date / Time',NULL,NULL)
/
INSERT INTO folio_conf.field_category
(FIELD_CATEGORY_ID,FIELD_CATEGORY_LABEL,FIELD_CATEGORY_DESC,PARENT_FIELD_CATEGORY_ID)
VALUES
(1,'Financial',NULL,NULL)
/
INSERT INTO folio_conf.field_category
(FIELD_CATEGORY_ID,FIELD_CATEGORY_LABEL,FIELD_CATEGORY_DESC,PARENT_FIELD_CATEGORY_ID)
VALUES
(15,'Entry Metrics',NULL,1)
/
INSERT INTO folio_conf.field_category
(FIELD_CATEGORY_ID,FIELD_CATEGORY_LABEL,FIELD_CATEGORY_DESC,PARENT_FIELD_CATEGORY_ID)
VALUES
(16,'Bank Account',NULL,1)
/
INSERT INTO folio_conf.field_category
(FIELD_CATEGORY_ID,FIELD_CATEGORY_LABEL,FIELD_CATEGORY_DESC,PARENT_FIELD_CATEGORY_ID)
VALUES
(17,'Entry Details',NULL,1)
/
INSERT INTO folio_conf.field_category
(FIELD_CATEGORY_ID,FIELD_CATEGORY_LABEL,FIELD_CATEGORY_DESC,PARENT_FIELD_CATEGORY_ID)
VALUES
(2,'Activity Ref',NULL,NULL)
/
INSERT INTO folio_conf.field_category
(FIELD_CATEGORY_ID,FIELD_CATEGORY_LABEL,FIELD_CATEGORY_DESC,PARENT_FIELD_CATEGORY_ID)
VALUES
(58,'Call In',NULL,NULL)
/

--FIELDS
INSERT INTO folio_conf.field
(FIELD_ID,FIELD_LABEL,FIELD_DESC,DISPLAY_EXPRESSION,SORT_EXPRESSION,DISPLAY_FORMAT,DISPLAY_SQL_TYPE,SORT_SQL_TYPE,IMPORTANCE,FIELD_CATEGORY_ID)
VALUES
(221,'Merchant Id',NULL,'REPORT.TRANS.MERCHANT_ID','REPORT.TRANS.MERCHANT_ID','NUMBER','NUMERIC','NUMERIC',50,12)
/
INSERT INTO folio_conf.field
(FIELD_ID,FIELD_LABEL,FIELD_DESC,DISPLAY_EXPRESSION,SORT_EXPRESSION,DISPLAY_FORMAT,DISPLAY_SQL_TYPE,SORT_SQL_TYPE,IMPORTANCE,FIELD_CATEGORY_ID)
VALUES
(222,'Merchant Number',NULL,'CORP.MERCHANT.MERCHANT_NBR','CORP.MERCHANT.MERCHANT_NBR',NULL,'VARCHAR','VARCHAR',50,7)
/
INSERT INTO folio_conf.field
(FIELD_ID,FIELD_LABEL,FIELD_DESC,DISPLAY_EXPRESSION,SORT_EXPRESSION,DISPLAY_FORMAT,DISPLAY_SQL_TYPE,SORT_SQL_TYPE,IMPORTANCE,FIELD_CATEGORY_ID)
VALUES
(242,'Include All Constant','Allows to bypass a filter','1','1',NULL,'VARCHAR','VARCHAR',50,12)
/
INSERT INTO folio_conf.field
(FIELD_ID,FIELD_LABEL,FIELD_DESC,DISPLAY_EXPRESSION,SORT_EXPRESSION,DISPLAY_FORMAT,DISPLAY_SQL_TYPE,SORT_SQL_TYPE,IMPORTANCE,FIELD_CATEGORY_ID)
VALUES
(3,'Trans','Number of Trans','COUNT(DISTINCT REPORT.ACTIVITY_REF.TRAN_ID)','COUNT(DISTINCT REPORT.ACTIVITY_REF.TRAN_ID)','NUMBER','NUMERIC','NUMERIC',50,6)
/
INSERT INTO folio_conf.field
(FIELD_ID,FIELD_LABEL,FIELD_DESC,DISPLAY_EXPRESSION,SORT_EXPRESSION,DISPLAY_FORMAT,DISPLAY_SQL_TYPE,SORT_SQL_TYPE,IMPORTANCE,FIELD_CATEGORY_ID)
VALUES
(4,'Create Dt Month',NULL,'TO_CHAR(REPORT.ACTIVITY_REF.CREATE_DT, ''FMMONTH'')','TO_NUMBER(NVL(TO_CHAR(REPORT.ACTIVITY_REF.CREATE_DT, ''FMMM''), ''0''))',NULL,'VARCHAR','NUMERIC',50,9)
/
INSERT INTO folio_conf.field
(FIELD_ID,FIELD_LABEL,FIELD_DESC,DISPLAY_EXPRESSION,SORT_EXPRESSION,DISPLAY_FORMAT,DISPLAY_SQL_TYPE,SORT_SQL_TYPE,IMPORTANCE,FIELD_CATEGORY_ID)
VALUES
(5,'Create Dt Day Of Month',NULL,'TO_NUMBER(NVL(TO_CHAR(REPORT.ACTIVITY_REF.CREATE_DT, ''FMDD''), ''0''))','TO_NUMBER(NVL(TO_CHAR(REPORT.ACTIVITY_REF.CREATE_DT, ''FMDD''), ''0''))','NUMBER','NUMERIC','NUMERIC',50,9)
/
INSERT INTO folio_conf.field
(FIELD_ID,FIELD_LABEL,FIELD_DESC,DISPLAY_EXPRESSION,SORT_EXPRESSION,DISPLAY_FORMAT,DISPLAY_SQL_TYPE,SORT_SQL_TYPE,IMPORTANCE,FIELD_CATEGORY_ID)
VALUES
(6,'Create Dt Year',NULL,'TO_NUMBER(TO_CHAR(REPORT.ACTIVITY_REF.CREATE_DT, ''FMYYYY''))','TO_NUMBER(TO_CHAR(REPORT.ACTIVITY_REF.CREATE_DT, ''FMYYYY''))','NUMBER','NUMERIC','NUMERIC',50,9)
/
INSERT INTO folio_conf.field
(FIELD_ID,FIELD_LABEL,FIELD_DESC,DISPLAY_EXPRESSION,SORT_EXPRESSION,DISPLAY_FORMAT,DISPLAY_SQL_TYPE,SORT_SQL_TYPE,IMPORTANCE,FIELD_CATEGORY_ID)
VALUES
(7,'Create Dt Hour',NULL,'TO_CHAR(REPORT.ACTIVITY_REF.CREATE_DT, ''FMHH12 PM'')','TO_NUMBER(NVL(TO_CHAR(REPORT.ACTIVITY_REF.CREATE_DT, ''FMHH24''), ''0''))',NULL,'VARCHAR','NUMERIC',50,9)
/
INSERT INTO folio_conf.field
(FIELD_ID,FIELD_LABEL,FIELD_DESC,DISPLAY_EXPRESSION,SORT_EXPRESSION,DISPLAY_FORMAT,DISPLAY_SQL_TYPE,SORT_SQL_TYPE,IMPORTANCE,FIELD_CATEGORY_ID)
VALUES
(8,'Create Dt Minute of Hour',NULL,'TO_NUMBER(NVL(TO_CHAR(REPORT.ACTIVITY_REF.CREATE_DT, ''FMMI''), ''0''))','TO_NUMBER(NVL(TO_CHAR(REPORT.ACTIVITY_REF.CREATE_DT, ''FMMI''), ''0''))','NUMBER','NUMERIC','NUMERIC',50,9)
/
INSERT INTO folio_conf.field
(FIELD_ID,FIELD_LABEL,FIELD_DESC,DISPLAY_EXPRESSION,SORT_EXPRESSION,DISPLAY_FORMAT,DISPLAY_SQL_TYPE,SORT_SQL_TYPE,IMPORTANCE,FIELD_CATEGORY_ID)
VALUES
(9,'Update Dt Month',NULL,'TO_CHAR(REPORT.ACTIVITY_REF.UPDATE_DT, ''FMMONTH'')','TO_NUMBER(NVL(TO_CHAR(REPORT.ACTIVITY_REF.UPDATE_DT, ''FMMM''), ''0''))',NULL,'VARCHAR','NUMERIC',50,9)
/
INSERT INTO folio_conf.field
(FIELD_ID,FIELD_LABEL,FIELD_DESC,DISPLAY_EXPRESSION,SORT_EXPRESSION,DISPLAY_FORMAT,DISPLAY_SQL_TYPE,SORT_SQL_TYPE,IMPORTANCE,FIELD_CATEGORY_ID)
VALUES
(10,'Update Dt Day Of Month',NULL,'TO_NUMBER(NVL(TO_CHAR(REPORT.ACTIVITY_REF.UPDATE_DT, ''FMDD''), ''0''))','TO_NUMBER(NVL(TO_CHAR(REPORT.ACTIVITY_REF.UPDATE_DT, ''FMDD''), ''0''))','NUMBER','NUMERIC','NUMERIC',50,9)
/
INSERT INTO folio_conf.field
(FIELD_ID,FIELD_LABEL,FIELD_DESC,DISPLAY_EXPRESSION,SORT_EXPRESSION,DISPLAY_FORMAT,DISPLAY_SQL_TYPE,SORT_SQL_TYPE,IMPORTANCE,FIELD_CATEGORY_ID)
VALUES
(11,'Update Dt Year',NULL,'TO_NUMBER(TO_CHAR(REPORT.ACTIVITY_REF.UPDATE_DT, ''FMYYYY''))','TO_NUMBER(TO_CHAR(REPORT.ACTIVITY_REF.UPDATE_DT, ''FMYYYY''))','NUMBER','NUMERIC','NUMERIC',50,9)
/
INSERT INTO folio_conf.field
(FIELD_ID,FIELD_LABEL,FIELD_DESC,DISPLAY_EXPRESSION,SORT_EXPRESSION,DISPLAY_FORMAT,DISPLAY_SQL_TYPE,SORT_SQL_TYPE,IMPORTANCE,FIELD_CATEGORY_ID)
VALUES
(12,'Update Dt Hour',NULL,'TO_CHAR(REPORT.ACTIVITY_REF.UPDATE_DT, ''FMHH12 PM'')','TO_NUMBER(NVL(TO_CHAR(REPORT.ACTIVITY_REF.UPDATE_DT, ''FMHH24''), ''0''))',NULL,'VARCHAR','NUMERIC',50,9)
/
INSERT INTO folio_conf.field
(FIELD_ID,FIELD_LABEL,FIELD_DESC,DISPLAY_EXPRESSION,SORT_EXPRESSION,DISPLAY_FORMAT,DISPLAY_SQL_TYPE,SORT_SQL_TYPE,IMPORTANCE,FIELD_CATEGORY_ID)
VALUES
(13,'Update Dt Minute of Hour',NULL,'TO_NUMBER(NVL(TO_CHAR(REPORT.ACTIVITY_REF.UPDATE_DT, ''FMMI''), ''0''))','TO_NUMBER(NVL(TO_CHAR(REPORT.ACTIVITY_REF.UPDATE_DT, ''FMMI''), ''0''))','NUMBER','NUMERIC','NUMERIC',50,9)
/
INSERT INTO folio_conf.field
(FIELD_ID,FIELD_LABEL,FIELD_DESC,DISPLAY_EXPRESSION,SORT_EXPRESSION,DISPLAY_FORMAT,DISPLAY_SQL_TYPE,SORT_SQL_TYPE,IMPORTANCE,FIELD_CATEGORY_ID)
VALUES
(14,'Region Id',NULL,'REPORT.ACTIVITY_REF.REGION_ID','REPORT.ACTIVITY_REF.REGION_ID','NUMBER','NUMERIC','NUMERIC',50,12)
/
INSERT INTO folio_conf.field
(FIELD_ID,FIELD_LABEL,FIELD_DESC,DISPLAY_EXPRESSION,SORT_EXPRESSION,DISPLAY_FORMAT,DISPLAY_SQL_TYPE,SORT_SQL_TYPE,IMPORTANCE,FIELD_CATEGORY_ID)
VALUES
(15,'Region Name',NULL,'REPORT.ACTIVITY_REF.REGION_NAME','UPPER(REPORT.ACTIVITY_REF.REGION_NAME)',NULL,'VARCHAR','VARCHAR',50,7)
/
INSERT INTO folio_conf.field
(FIELD_ID,FIELD_LABEL,FIELD_DESC,DISPLAY_EXPRESSION,SORT_EXPRESSION,DISPLAY_FORMAT,DISPLAY_SQL_TYPE,SORT_SQL_TYPE,IMPORTANCE,FIELD_CATEGORY_ID)
VALUES
(16,'Location Name',NULL,'REPORT.LOCATION.LOCATION_NAME','UPPER(REPORT.LOCATION.LOCATION_NAME)',NULL,'VARCHAR','VARCHAR',50,7)
/
INSERT INTO folio_conf.field
(FIELD_ID,FIELD_LABEL,FIELD_DESC,DISPLAY_EXPRESSION,SORT_EXPRESSION,DISPLAY_FORMAT,DISPLAY_SQL_TYPE,SORT_SQL_TYPE,IMPORTANCE,FIELD_CATEGORY_ID)
VALUES
(17,'Location Id',NULL,'REPORT.LOCATION.LOCATION_ID','REPORT.LOCATION.LOCATION_ID','NUMBER','NUMERIC','NUMERIC',50,12)
/
INSERT INTO folio_conf.field
(FIELD_ID,FIELD_LABEL,FIELD_DESC,DISPLAY_EXPRESSION,SORT_EXPRESSION,DISPLAY_FORMAT,DISPLAY_SQL_TYPE,SORT_SQL_TYPE,IMPORTANCE,FIELD_CATEGORY_ID)
VALUES
(18,'Terminal Id',NULL,'REPORT.TERMINAL.TERMINAL_ID','REPORT.ACTIVITY_REF.TERMINAL_ID','NUMBER','NUMERIC','NUMERIC',50,12)
/
INSERT INTO folio_conf.field
(FIELD_ID,FIELD_LABEL,FIELD_DESC,DISPLAY_EXPRESSION,SORT_EXPRESSION,DISPLAY_FORMAT,DISPLAY_SQL_TYPE,SORT_SQL_TYPE,IMPORTANCE,FIELD_CATEGORY_ID)
VALUES
(19,'Terminal Name',NULL,'REPORT.ACTIVITY_REF.TERMINAL_NAME','UPPER(REPORT.ACTIVITY_REF.TERMINAL_NAME)',NULL,'VARCHAR','VARCHAR',50,7)
/
INSERT INTO folio_conf.field
(FIELD_ID,FIELD_LABEL,FIELD_DESC,DISPLAY_EXPRESSION,SORT_EXPRESSION,DISPLAY_FORMAT,DISPLAY_SQL_TYPE,SORT_SQL_TYPE,IMPORTANCE,FIELD_CATEGORY_ID)
VALUES
(20,'Terminal Nbr',NULL,'REPORT.TERMINAL.TERMINAL_NBR','UPPER(REPORT.TERMINAL.TERMINAL_NBR)',NULL,'VARCHAR','VARCHAR',50,7)
/
INSERT INTO folio_conf.field
(FIELD_ID,FIELD_LABEL,FIELD_DESC,DISPLAY_EXPRESSION,SORT_EXPRESSION,DISPLAY_FORMAT,DISPLAY_SQL_TYPE,SORT_SQL_TYPE,IMPORTANCE,FIELD_CATEGORY_ID)
VALUES
(21,'Trans Type Id',NULL,'REPORT.ACTIVITY_REF.TRANS_TYPE_ID','REPORT.ACTIVITY_REF.TRANS_TYPE_ID','NUMBER','NUMERIC','NUMERIC',50,12)
/
INSERT INTO folio_conf.field
(FIELD_ID,FIELD_LABEL,FIELD_DESC,DISPLAY_EXPRESSION,SORT_EXPRESSION,DISPLAY_FORMAT,DISPLAY_SQL_TYPE,SORT_SQL_TYPE,IMPORTANCE,FIELD_CATEGORY_ID)
VALUES
(22,'Trans Type Name',NULL,'REPORT.ACTIVITY_REF.TRANS_TYPE_NAME','UPPER(REPORT.ACTIVITY_REF.TRANS_TYPE_NAME)',NULL,'VARCHAR','VARCHAR',50,11)
/
INSERT INTO folio_conf.field
(FIELD_ID,FIELD_LABEL,FIELD_DESC,DISPLAY_EXPRESSION,SORT_EXPRESSION,DISPLAY_FORMAT,DISPLAY_SQL_TYPE,SORT_SQL_TYPE,IMPORTANCE,FIELD_CATEGORY_ID)
VALUES
(23,'Card Number',NULL,'REPORT.ACTIVITY_REF.CARD_NUMBER','UPPER(REPORT.ACTIVITY_REF.CARD_NUMBER)',NULL,'VARCHAR','VARCHAR',50,11)
/
INSERT INTO folio_conf.field
(FIELD_ID,FIELD_LABEL,FIELD_DESC,DISPLAY_EXPRESSION,SORT_EXPRESSION,DISPLAY_FORMAT,DISPLAY_SQL_TYPE,SORT_SQL_TYPE,IMPORTANCE,FIELD_CATEGORY_ID)
VALUES
(24,'Card Assoc',NULL,'REPORT.ACTIVITY_REF.CARD_COMPANY','UPPER(REPORT.ACTIVITY_REF.CARD_COMPANY)',NULL,'VARCHAR','VARCHAR',50,11)
/
INSERT INTO folio_conf.field
(FIELD_ID,FIELD_LABEL,FIELD_DESC,DISPLAY_EXPRESSION,SORT_EXPRESSION,DISPLAY_FORMAT,DISPLAY_SQL_TYPE,SORT_SQL_TYPE,IMPORTANCE,FIELD_CATEGORY_ID)
VALUES
(25,'Cc Appr Code',NULL,'REPORT.ACTIVITY_REF.CC_APPR_CODE','UPPER(REPORT.ACTIVITY_REF.CC_APPR_CODE)',NULL,'VARCHAR','VARCHAR',50,11)
/
INSERT INTO folio_conf.field
(FIELD_ID,FIELD_LABEL,FIELD_DESC,DISPLAY_EXPRESSION,SORT_EXPRESSION,DISPLAY_FORMAT,DISPLAY_SQL_TYPE,SORT_SQL_TYPE,IMPORTANCE,FIELD_CATEGORY_ID)
VALUES
(26,'Tran Date Month',NULL,'TO_CHAR(REPORT.ACTIVITY_REF.TRAN_DATE, ''FMMONTH'')','TO_NUMBER(NVL(TO_CHAR(REPORT.ACTIVITY_REF.TRAN_DATE, ''FMMM''), ''0''))',NULL,'VARCHAR','NUMERIC',50,8)
/
INSERT INTO folio_conf.field
(FIELD_ID,FIELD_LABEL,FIELD_DESC,DISPLAY_EXPRESSION,SORT_EXPRESSION,DISPLAY_FORMAT,DISPLAY_SQL_TYPE,SORT_SQL_TYPE,IMPORTANCE,FIELD_CATEGORY_ID)
VALUES
(27,'Tran Date Day Of Month',NULL,'TO_NUMBER(NVL(TO_CHAR(REPORT.ACTIVITY_REF.TRAN_DATE, ''FMDD''), ''0''))','TO_NUMBER(NVL(TO_CHAR(REPORT.ACTIVITY_REF.TRAN_DATE, ''FMDD''), ''0''))','NUMBER','NUMERIC','NUMERIC',50,8)
/
INSERT INTO folio_conf.field
(FIELD_ID,FIELD_LABEL,FIELD_DESC,DISPLAY_EXPRESSION,SORT_EXPRESSION,DISPLAY_FORMAT,DISPLAY_SQL_TYPE,SORT_SQL_TYPE,IMPORTANCE,FIELD_CATEGORY_ID)
VALUES
(28,'Tran Date Year',NULL,'TO_NUMBER(TO_CHAR(REPORT.ACTIVITY_REF.TRAN_DATE, ''FMYYYY''))','TO_NUMBER(TO_CHAR(REPORT.ACTIVITY_REF.TRAN_DATE, ''FMYYYY''))','NUMBER','NUMERIC','NUMERIC',50,8)
/
INSERT INTO folio_conf.field
(FIELD_ID,FIELD_LABEL,FIELD_DESC,DISPLAY_EXPRESSION,SORT_EXPRESSION,DISPLAY_FORMAT,DISPLAY_SQL_TYPE,SORT_SQL_TYPE,IMPORTANCE,FIELD_CATEGORY_ID)
VALUES
(29,'Tran Date Hour',NULL,'TO_CHAR(REPORT.ACTIVITY_REF.TRAN_DATE, ''FMHH12 PM'')','TO_NUMBER(NVL(TO_CHAR(REPORT.ACTIVITY_REF.TRAN_DATE, ''FMHH24''), ''0''))',NULL,'VARCHAR','NUMERIC',50,8)
/
INSERT INTO folio_conf.field
(FIELD_ID,FIELD_LABEL,FIELD_DESC,DISPLAY_EXPRESSION,SORT_EXPRESSION,DISPLAY_FORMAT,DISPLAY_SQL_TYPE,SORT_SQL_TYPE,IMPORTANCE,FIELD_CATEGORY_ID)
VALUES
(30,'Tran Date Minute of Hour',NULL,'TO_NUMBER(NVL(TO_CHAR(REPORT.ACTIVITY_REF.TRAN_DATE, ''FMMI''), ''0''))','TO_NUMBER(NVL(TO_CHAR(REPORT.ACTIVITY_REF.TRAN_DATE, ''FMMI''), ''0''))','NUMBER','NUMERIC','NUMERIC',50,8)
/
INSERT INTO folio_conf.field
(FIELD_ID,FIELD_LABEL,FIELD_DESC,DISPLAY_EXPRESSION,SORT_EXPRESSION,DISPLAY_FORMAT,DISPLAY_SQL_TYPE,SORT_SQL_TYPE,IMPORTANCE,FIELD_CATEGORY_ID)
VALUES
(59,'Eports','Number of Eports','COUNT(DISTINCT REPORT.EPORT.EPORT_ID)','COUNT(DISTINCT REPORT.EPORT.EPORT_ID)','NUMBER','NUMERIC','NUMERIC',50,6)
/
INSERT INTO folio_conf.field
(FIELD_ID,FIELD_LABEL,FIELD_DESC,DISPLAY_EXPRESSION,SORT_EXPRESSION,DISPLAY_FORMAT,DISPLAY_SQL_TYPE,SORT_SQL_TYPE,IMPORTANCE,FIELD_CATEGORY_ID)
VALUES
(61,'Activation Date Month',NULL,'TO_CHAR(REPORT.EPORT.ACTIVATION_DATE, ''FMMONTH'')','TO_NUMBER(NVL(TO_CHAR(REPORT.EPORT.ACTIVATION_DATE, ''FMMM''), ''0''))',NULL,'VARCHAR','NUMERIC',50,9)
/
INSERT INTO folio_conf.field
(FIELD_ID,FIELD_LABEL,FIELD_DESC,DISPLAY_EXPRESSION,SORT_EXPRESSION,DISPLAY_FORMAT,DISPLAY_SQL_TYPE,SORT_SQL_TYPE,IMPORTANCE,FIELD_CATEGORY_ID)
VALUES
(62,'Activation Date Day Of Month',NULL,'TO_NUMBER(NVL(TO_CHAR(REPORT.EPORT.ACTIVATION_DATE, ''FMDD''), ''0''))','TO_NUMBER(NVL(TO_CHAR(REPORT.EPORT.ACTIVATION_DATE, ''FMDD''), ''0''))','NUMBER','NUMERIC','NUMERIC',50,9)
/
INSERT INTO folio_conf.field
(FIELD_ID,FIELD_LABEL,FIELD_DESC,DISPLAY_EXPRESSION,SORT_EXPRESSION,DISPLAY_FORMAT,DISPLAY_SQL_TYPE,SORT_SQL_TYPE,IMPORTANCE,FIELD_CATEGORY_ID)
VALUES
(63,'Activation Date Year',NULL,'TO_NUMBER(TO_CHAR(REPORT.EPORT.ACTIVATION_DATE, ''FMYYYY''))','TO_NUMBER(TO_CHAR(REPORT.EPORT.ACTIVATION_DATE, ''FMYYYY''))','NUMBER','NUMERIC','NUMERIC',50,9)
/
INSERT INTO folio_conf.field
(FIELD_ID,FIELD_LABEL,FIELD_DESC,DISPLAY_EXPRESSION,SORT_EXPRESSION,DISPLAY_FORMAT,DISPLAY_SQL_TYPE,SORT_SQL_TYPE,IMPORTANCE,FIELD_CATEGORY_ID)
VALUES
(66,'Termination Date Month',NULL,'TO_CHAR(REPORT.EPORT.TERMINATION_DATE, ''FMMONTH'')','TO_NUMBER(NVL(TO_CHAR(REPORT.EPORT.TERMINATION_DATE, ''FMMM''), ''0''))',NULL,'VARCHAR','NUMERIC',50,9)
/
INSERT INTO folio_conf.field
(FIELD_ID,FIELD_LABEL,FIELD_DESC,DISPLAY_EXPRESSION,SORT_EXPRESSION,DISPLAY_FORMAT,DISPLAY_SQL_TYPE,SORT_SQL_TYPE,IMPORTANCE,FIELD_CATEGORY_ID)
VALUES
(67,'Termination Date Day Of Month',NULL,'TO_NUMBER(NVL(TO_CHAR(REPORT.EPORT.TERMINATION_DATE, ''FMDD''), ''0''))','TO_NUMBER(NVL(TO_CHAR(REPORT.EPORT.TERMINATION_DATE, ''FMDD''), ''0''))','NUMBER','NUMERIC','NUMERIC',50,9)
/
INSERT INTO folio_conf.field
(FIELD_ID,FIELD_LABEL,FIELD_DESC,DISPLAY_EXPRESSION,SORT_EXPRESSION,DISPLAY_FORMAT,DISPLAY_SQL_TYPE,SORT_SQL_TYPE,IMPORTANCE,FIELD_CATEGORY_ID)
VALUES
(68,'Termination Date Year',NULL,'TO_NUMBER(TO_CHAR(REPORT.EPORT.TERMINATION_DATE, ''FMYYYY''))','TO_NUMBER(TO_CHAR(REPORT.EPORT.TERMINATION_DATE, ''FMYYYY''))','NUMBER','NUMERIC','NUMERIC',50,9)
/
INSERT INTO folio_conf.field
(FIELD_ID,FIELD_LABEL,FIELD_DESC,DISPLAY_EXPRESSION,SORT_EXPRESSION,DISPLAY_FORMAT,DISPLAY_SQL_TYPE,SORT_SQL_TYPE,IMPORTANCE,FIELD_CATEGORY_ID)
VALUES
(71,'Lastdialin Date Month',NULL,'TO_CHAR(REPORT.EPORT.LASTDIALIN_DATE, ''FMMONTH'')','TO_NUMBER(NVL(TO_CHAR(REPORT.EPORT.LASTDIALIN_DATE, ''FMMM''), ''0''))',NULL,'VARCHAR','NUMERIC',50,9)
/
INSERT INTO folio_conf.field
(FIELD_ID,FIELD_LABEL,FIELD_DESC,DISPLAY_EXPRESSION,SORT_EXPRESSION,DISPLAY_FORMAT,DISPLAY_SQL_TYPE,SORT_SQL_TYPE,IMPORTANCE,FIELD_CATEGORY_ID)
VALUES
(72,'Lastdialin Date Day Of Month',NULL,'TO_NUMBER(NVL(TO_CHAR(REPORT.EPORT.LASTDIALIN_DATE, ''FMDD''), ''0''))','TO_NUMBER(NVL(TO_CHAR(REPORT.EPORT.LASTDIALIN_DATE, ''FMDD''), ''0''))','NUMBER','NUMERIC','NUMERIC',50,9)
/
INSERT INTO folio_conf.field
(FIELD_ID,FIELD_LABEL,FIELD_DESC,DISPLAY_EXPRESSION,SORT_EXPRESSION,DISPLAY_FORMAT,DISPLAY_SQL_TYPE,SORT_SQL_TYPE,IMPORTANCE,FIELD_CATEGORY_ID)
VALUES
(73,'Lastdialin Date Year',NULL,'TO_NUMBER(TO_CHAR(REPORT.EPORT.LASTDIALIN_DATE, ''FMYYYY''))','TO_NUMBER(TO_CHAR(REPORT.EPORT.LASTDIALIN_DATE, ''FMYYYY''))','NUMBER','NUMERIC','NUMERIC',50,9)
/
INSERT INTO folio_conf.field
(FIELD_ID,FIELD_LABEL,FIELD_DESC,DISPLAY_EXPRESSION,SORT_EXPRESSION,DISPLAY_FORMAT,DISPLAY_SQL_TYPE,SORT_SQL_TYPE,IMPORTANCE,FIELD_CATEGORY_ID)
VALUES
(79,'Device Types','Number of Device Types','COUNT(DISTINCT REPORT.DEVICE_TYPE.DEVICE_TYPE_ID)','COUNT(DISTINCT REPORT.DEVICE_TYPE.DEVICE_TYPE_ID)','NUMBER','NUMERIC','NUMERIC',50,6)
/
INSERT INTO folio_conf.field
(FIELD_ID,FIELD_LABEL,FIELD_DESC,DISPLAY_EXPRESSION,SORT_EXPRESSION,DISPLAY_FORMAT,DISPLAY_SQL_TYPE,SORT_SQL_TYPE,IMPORTANCE,FIELD_CATEGORY_ID)
VALUES
(80,'Device Type',NULL,'REPORT.DEVICE_TYPE.DEVICE_TYPE_DESC','UPPER(REPORT.DEVICE_TYPE.DEVICE_TYPE_DESC)',NULL,'VARCHAR','VARCHAR',50,7)
/
INSERT INTO folio_conf.field
(FIELD_ID,FIELD_LABEL,FIELD_DESC,DISPLAY_EXPRESSION,SORT_EXPRESSION,DISPLAY_FORMAT,DISPLAY_SQL_TYPE,SORT_SQL_TYPE,IMPORTANCE,FIELD_CATEGORY_ID)
VALUES
(46,'Fill Date Month',NULL,'TO_CHAR(REPORT.ACTIVITY_REF.FILL_DATE, ''FMMONTH'')','TO_NUMBER(NVL(TO_CHAR(REPORT.ACTIVITY_REF.FILL_DATE, ''FMMM''), ''0''))',NULL,'VARCHAR','NUMERIC',50,13)
/
INSERT INTO folio_conf.field
(FIELD_ID,FIELD_LABEL,FIELD_DESC,DISPLAY_EXPRESSION,SORT_EXPRESSION,DISPLAY_FORMAT,DISPLAY_SQL_TYPE,SORT_SQL_TYPE,IMPORTANCE,FIELD_CATEGORY_ID)
VALUES
(47,'Fill Date Day Of Month',NULL,'TO_NUMBER(NVL(TO_CHAR(REPORT.ACTIVITY_REF.FILL_DATE, ''FMDD''), ''0''))','TO_NUMBER(NVL(TO_CHAR(REPORT.ACTIVITY_REF.FILL_DATE, ''FMDD''), ''0''))','NUMBER','NUMERIC','NUMERIC',50,13)
/
INSERT INTO folio_conf.field
(FIELD_ID,FIELD_LABEL,FIELD_DESC,DISPLAY_EXPRESSION,SORT_EXPRESSION,DISPLAY_FORMAT,DISPLAY_SQL_TYPE,SORT_SQL_TYPE,IMPORTANCE,FIELD_CATEGORY_ID)
VALUES
(48,'Fill Date Year',NULL,'TO_NUMBER(TO_CHAR(REPORT.ACTIVITY_REF.FILL_DATE, ''FMYYYY''))','TO_NUMBER(TO_CHAR(REPORT.ACTIVITY_REF.FILL_DATE, ''FMYYYY''))','NUMBER','NUMERIC','NUMERIC',50,13)
/
INSERT INTO folio_conf.field
(FIELD_ID,FIELD_LABEL,FIELD_DESC,DISPLAY_EXPRESSION,SORT_EXPRESSION,DISPLAY_FORMAT,DISPLAY_SQL_TYPE,SORT_SQL_TYPE,IMPORTANCE,FIELD_CATEGORY_ID)
VALUES
(49,'Fill Date Hour',NULL,'TO_CHAR(REPORT.ACTIVITY_REF.FILL_DATE, ''FMHH12 PM'')','TO_NUMBER(NVL(TO_CHAR(REPORT.ACTIVITY_REF.FILL_DATE, ''FMHH24''), ''0''))',NULL,'VARCHAR','NUMERIC',50,13)
/
INSERT INTO folio_conf.field
(FIELD_ID,FIELD_LABEL,FIELD_DESC,DISPLAY_EXPRESSION,SORT_EXPRESSION,DISPLAY_FORMAT,DISPLAY_SQL_TYPE,SORT_SQL_TYPE,IMPORTANCE,FIELD_CATEGORY_ID)
VALUES
(50,'Fill Date Minute of Hour',NULL,'TO_NUMBER(NVL(TO_CHAR(REPORT.ACTIVITY_REF.FILL_DATE, ''FMMI''), ''0''))','TO_NUMBER(NVL(TO_CHAR(REPORT.ACTIVITY_REF.FILL_DATE, ''FMMI''), ''0''))','NUMBER','NUMERIC','NUMERIC',50,13)
/
INSERT INTO folio_conf.field
(FIELD_ID,FIELD_LABEL,FIELD_DESC,DISPLAY_EXPRESSION,SORT_EXPRESSION,DISPLAY_FORMAT,DISPLAY_SQL_TYPE,SORT_SQL_TYPE,IMPORTANCE,FIELD_CATEGORY_ID)
VALUES
(51,'Total Amount',NULL,'SUM(REPORT.ACTIVITY_REF.TOTAL_AMOUNT)','SUM(REPORT.ACTIVITY_REF.TOTAL_AMOUNT)','CURRENCY','NUMERIC','NUMERIC',50,6)
/
INSERT INTO folio_conf.field
(FIELD_ID,FIELD_LABEL,FIELD_DESC,DISPLAY_EXPRESSION,SORT_EXPRESSION,DISPLAY_FORMAT,DISPLAY_SQL_TYPE,SORT_SQL_TYPE,IMPORTANCE,FIELD_CATEGORY_ID)
VALUES
(52,'Orig Tran Id',NULL,'REPORT.ACTIVITY_REF.ORIG_TRAN_ID','REPORT.ACTIVITY_REF.ORIG_TRAN_ID','NUMBER','NUMERIC','NUMERIC',50,12)
/
INSERT INTO folio_conf.field
(FIELD_ID,FIELD_LABEL,FIELD_DESC,DISPLAY_EXPRESSION,SORT_EXPRESSION,DISPLAY_FORMAT,DISPLAY_SQL_TYPE,SORT_SQL_TYPE,IMPORTANCE,FIELD_CATEGORY_ID)
VALUES
(53,'Batch Id',NULL,'REPORT.ACTIVITY_REF.BATCH_ID','REPORT.ACTIVITY_REF.BATCH_ID','NUMBER','NUMERIC','NUMERIC',50,12)
/
INSERT INTO folio_conf.field
(FIELD_ID,FIELD_LABEL,FIELD_DESC,DISPLAY_EXPRESSION,SORT_EXPRESSION,DISPLAY_FORMAT,DISPLAY_SQL_TYPE,SORT_SQL_TYPE,IMPORTANCE,FIELD_CATEGORY_ID)
VALUES
(54,'Vend Column',NULL,'REPORT.ACTIVITY_REF.VEND_COLUMN','UPPER(REPORT.ACTIVITY_REF.VEND_COLUMN)',NULL,'VARCHAR','VARCHAR',50,11)
/
INSERT INTO folio_conf.field
(FIELD_ID,FIELD_LABEL,FIELD_DESC,DISPLAY_EXPRESSION,SORT_EXPRESSION,DISPLAY_FORMAT,DISPLAY_SQL_TYPE,SORT_SQL_TYPE,IMPORTANCE,FIELD_CATEGORY_ID)
VALUES
(55,'Quantity',NULL,'SUM(REPORT.ACTIVITY_REF.QUANTITY)','SUM(REPORT.ACTIVITY_REF.QUANTITY)','NUMBER','NUMERIC','NUMERIC',50,6)
/
INSERT INTO folio_conf.field
(FIELD_ID,FIELD_LABEL,FIELD_DESC,DISPLAY_EXPRESSION,SORT_EXPRESSION,DISPLAY_FORMAT,DISPLAY_SQL_TYPE,SORT_SQL_TYPE,IMPORTANCE,FIELD_CATEGORY_ID)
VALUES
(56,'Ref Nbr',NULL,'REPORT.ACTIVITY_REF.REF_NBR','REPORT.ACTIVITY_REF.REF_NBR','NUMBER','NUMERIC','NUMERIC',50,11)
/
INSERT INTO folio_conf.field
(FIELD_ID,FIELD_LABEL,FIELD_DESC,DISPLAY_EXPRESSION,SORT_EXPRESSION,DISPLAY_FORMAT,DISPLAY_SQL_TYPE,SORT_SQL_TYPE,IMPORTANCE,FIELD_CATEGORY_ID)
VALUES
(102,'Unsettled Indicator',NULL,'MAX(CASE WHEN UPPER(REPORT.ACTIVITY_REF.SETTLE_STATE) IN(''SETTLED'', ''PROCESSED'') THEN NULL ELSE ''*'' END)','MAX(CASE WHEN UPPER(A.SETTLE_STATE) IN(''SETTLED'', ''PROCESSED'') THEN NULL ELSE ''*'' END)',NULL,'VARCHAR','VARCHAR',50,11)
/
INSERT INTO folio_conf.field
(FIELD_ID,FIELD_LABEL,FIELD_DESC,DISPLAY_EXPRESSION,SORT_EXPRESSION,DISPLAY_FORMAT,DISPLAY_SQL_TYPE,SORT_SQL_TYPE,IMPORTANCE,FIELD_CATEGORY_ID)
VALUES
(58,'Description',NULL,'REPORT.ACTIVITY_REF.DESCRIPTION','UPPER(REPORT.ACTIVITY_REF.DESCRIPTION)',NULL,'VARCHAR','VARCHAR',50,11)
/
INSERT INTO folio_conf.field
(FIELD_ID,FIELD_LABEL,FIELD_DESC,DISPLAY_EXPRESSION,SORT_EXPRESSION,DISPLAY_FORMAT,DISPLAY_SQL_TYPE,SORT_SQL_TYPE,IMPORTANCE,FIELD_CATEGORY_ID)
VALUES
(60,'Device Serial Num',NULL,'REPORT.EPORT.EPORT_SERIAL_NUM','UPPER(REPORT.EPORT.EPORT_SERIAL_NUM)',NULL,'VARCHAR','VARCHAR',50,7)
/
INSERT INTO folio_conf.field
(FIELD_ID,FIELD_LABEL,FIELD_DESC,DISPLAY_EXPRESSION,SORT_EXPRESSION,DISPLAY_FORMAT,DISPLAY_SQL_TYPE,SORT_SQL_TYPE,IMPORTANCE,FIELD_CATEGORY_ID)
VALUES
(64,'Activation Date Hour',NULL,'TO_CHAR(REPORT.EPORT.ACTIVATION_DATE, ''FMHH12 PM'')','TO_NUMBER(NVL(TO_CHAR(REPORT.EPORT.ACTIVATION_DATE, ''FMHH24''), ''0''))',NULL,'VARCHAR','NUMERIC',50,9)
/
INSERT INTO folio_conf.field
(FIELD_ID,FIELD_LABEL,FIELD_DESC,DISPLAY_EXPRESSION,SORT_EXPRESSION,DISPLAY_FORMAT,DISPLAY_SQL_TYPE,SORT_SQL_TYPE,IMPORTANCE,FIELD_CATEGORY_ID)
VALUES
(65,'Activation Date Minute of Hour',NULL,'TO_NUMBER(NVL(TO_CHAR(REPORT.EPORT.ACTIVATION_DATE, ''FMMI''), ''0''))','TO_NUMBER(NVL(TO_CHAR(REPORT.EPORT.ACTIVATION_DATE, ''FMMI''), ''0''))','NUMBER','NUMERIC','NUMERIC',50,9)
/
INSERT INTO folio_conf.field
(FIELD_ID,FIELD_LABEL,FIELD_DESC,DISPLAY_EXPRESSION,SORT_EXPRESSION,DISPLAY_FORMAT,DISPLAY_SQL_TYPE,SORT_SQL_TYPE,IMPORTANCE,FIELD_CATEGORY_ID)
VALUES
(69,'Termination Date Hour',NULL,'TO_CHAR(REPORT.EPORT.TERMINATION_DATE, ''FMHH12 PM'')','TO_NUMBER(NVL(TO_CHAR(REPORT.EPORT.TERMINATION_DATE, ''FMHH24''), ''0''))',NULL,'VARCHAR','NUMERIC',50,9)
/
INSERT INTO folio_conf.field
(FIELD_ID,FIELD_LABEL,FIELD_DESC,DISPLAY_EXPRESSION,SORT_EXPRESSION,DISPLAY_FORMAT,DISPLAY_SQL_TYPE,SORT_SQL_TYPE,IMPORTANCE,FIELD_CATEGORY_ID)
VALUES
(70,'Termination Date Minute of Hour',NULL,'TO_NUMBER(NVL(TO_CHAR(REPORT.EPORT.TERMINATION_DATE, ''FMMI''), ''0''))','TO_NUMBER(NVL(TO_CHAR(REPORT.EPORT.TERMINATION_DATE, ''FMMI''), ''0''))','NUMBER','NUMERIC','NUMERIC',50,9)
/
INSERT INTO folio_conf.field
(FIELD_ID,FIELD_LABEL,FIELD_DESC,DISPLAY_EXPRESSION,SORT_EXPRESSION,DISPLAY_FORMAT,DISPLAY_SQL_TYPE,SORT_SQL_TYPE,IMPORTANCE,FIELD_CATEGORY_ID)
VALUES
(74,'Lastdialin Date Hour',NULL,'TO_CHAR(REPORT.EPORT.LASTDIALIN_DATE, ''FMHH12 PM'')','TO_NUMBER(NVL(TO_CHAR(REPORT.EPORT.LASTDIALIN_DATE, ''FMHH24''), ''0''))',NULL,'VARCHAR','NUMERIC',50,9)
/
INSERT INTO folio_conf.field
(FIELD_ID,FIELD_LABEL,FIELD_DESC,DISPLAY_EXPRESSION,SORT_EXPRESSION,DISPLAY_FORMAT,DISPLAY_SQL_TYPE,SORT_SQL_TYPE,IMPORTANCE,FIELD_CATEGORY_ID)
VALUES
(75,'Lastdialin Date Minute of Hour',NULL,'TO_NUMBER(NVL(TO_CHAR(REPORT.EPORT.LASTDIALIN_DATE, ''FMMI''), ''0''))','TO_NUMBER(NVL(TO_CHAR(REPORT.EPORT.LASTDIALIN_DATE, ''FMMI''), ''0''))','NUMBER','NUMERIC','NUMERIC',50,9)
/
INSERT INTO folio_conf.field
(FIELD_ID,FIELD_LABEL,FIELD_DESC,DISPLAY_EXPRESSION,SORT_EXPRESSION,DISPLAY_FORMAT,DISPLAY_SQL_TYPE,SORT_SQL_TYPE,IMPORTANCE,FIELD_CATEGORY_ID)
VALUES
(103,'Settle State',NULL,'REPORT.ACTIVITY_REF.SETTLE_STATE','UPPER(REPORT.ACTIVITY_REF.SETTLE_STATE)',NULL,'VARCHAR','VARCHAR',50,11)
/
INSERT INTO folio_conf.field
(FIELD_ID,FIELD_LABEL,FIELD_DESC,DISPLAY_EXPRESSION,SORT_EXPRESSION,DISPLAY_FORMAT,DISPLAY_SQL_TYPE,SORT_SQL_TYPE,IMPORTANCE,FIELD_CATEGORY_ID)
VALUES
(105,'Credit Amount',NULL,'SUM(CASE WHEN CORP.LEDGER.ENTRY_TYPE = ''CC'' THEN CORP.LEDGER.AMOUNT ELSE NULL END)','SUM(CASE WHEN CORP.LEDGER.ENTRY_TYPE = ''CC'' THEN CORP.LEDGER.AMOUNT ELSE NULL END)','CURRENCY','NUMERIC','NUMERIC',50,15)
/
INSERT INTO folio_conf.field
(FIELD_ID,FIELD_LABEL,FIELD_DESC,DISPLAY_EXPRESSION,SORT_EXPRESSION,DISPLAY_FORMAT,DISPLAY_SQL_TYPE,SORT_SQL_TYPE,IMPORTANCE,FIELD_CATEGORY_ID)
VALUES
(78,'Device Status',NULL,'REPORT.EPORT.STATUS','UPPER(REPORT.EPORT.STATUS)',NULL,'VARCHAR','VARCHAR',50,7)
/
INSERT INTO folio_conf.field
(FIELD_ID,FIELD_LABEL,FIELD_DESC,DISPLAY_EXPRESSION,SORT_EXPRESSION,DISPLAY_FORMAT,DISPLAY_SQL_TYPE,SORT_SQL_TYPE,IMPORTANCE,FIELD_CATEGORY_ID)
VALUES
(106,'Refund Amount',NULL,'SUM(CASE WHEN CORP.LEDGER.ENTRY_TYPE = ''RF'' THEN CORP.LEDGER.AMOUNT ELSE NULL END)','SUM(CASE WHEN CORP.LEDGER.ENTRY_TYPE = ''RF'' THEN CORP.LEDGER.AMOUNT ELSE NULL END)','CURRENCY','NUMERIC','NUMERIC',50,15)
/
INSERT INTO folio_conf.field
(FIELD_ID,FIELD_LABEL,FIELD_DESC,DISPLAY_EXPRESSION,SORT_EXPRESSION,DISPLAY_FORMAT,DISPLAY_SQL_TYPE,SORT_SQL_TYPE,IMPORTANCE,FIELD_CATEGORY_ID)
VALUES
(107,'Chrgbck Amount',NULL,'SUM(CASE WHEN CORP.LEDGER.ENTRY_TYPE = ''CB'' THEN CORP.LEDGER.AMOUNT ELSE NULL END)','SUM(CASE WHEN CORP.LEDGER.ENTRY_TYPE = ''CB'' THEN CORP.LEDGER.AMOUNT ELSE NULL END)','CURRENCY','NUMERIC','NUMERIC',50,15)
/
INSERT INTO folio_conf.field
(FIELD_ID,FIELD_LABEL,FIELD_DESC,DISPLAY_EXPRESSION,SORT_EXPRESSION,DISPLAY_FORMAT,DISPLAY_SQL_TYPE,SORT_SQL_TYPE,IMPORTANCE,FIELD_CATEGORY_ID)
VALUES
(108,'Process Fee',NULL,'SUM(CASE WHEN CORP.LEDGER.ENTRY_TYPE = ''PF'' THEN CORP.LEDGER.AMOUNT ELSE NULL END)','SUM(CASE WHEN CORP.LEDGER.ENTRY_TYPE = ''PF'' THEN CORP.LEDGER.AMOUNT ELSE NULL END)','CURRENCY','NUMERIC','NUMERIC',50,15)
/
INSERT INTO folio_conf.field
(FIELD_ID,FIELD_LABEL,FIELD_DESC,DISPLAY_EXPRESSION,SORT_EXPRESSION,DISPLAY_FORMAT,DISPLAY_SQL_TYPE,SORT_SQL_TYPE,IMPORTANCE,FIELD_CATEGORY_ID)
VALUES
(109,'Service Fee',NULL,'SUM(CASE WHEN CORP.LEDGER.ENTRY_TYPE = ''SF'' THEN CORP.LEDGER.AMOUNT ELSE NULL END)','SUM(CASE WHEN CORP.LEDGER.ENTRY_TYPE = ''SF'' THEN CORP.LEDGER.AMOUNT ELSE NULL END)','CURRENCY','NUMERIC','NUMERIC',50,15)
/
INSERT INTO folio_conf.field
(FIELD_ID,FIELD_LABEL,FIELD_DESC,DISPLAY_EXPRESSION,SORT_EXPRESSION,DISPLAY_FORMAT,DISPLAY_SQL_TYPE,SORT_SQL_TYPE,IMPORTANCE,FIELD_CATEGORY_ID)
VALUES
(110,'Adjustments',NULL,'SUM(CASE WHEN CORP.LEDGER.ENTRY_TYPE = ''AD'' THEN CORP.LEDGER.AMOUNT ELSE NULL END)','SUM(CASE WHEN CORP.LEDGER.ENTRY_TYPE = ''AD'' THEN CORP.LEDGER.AMOUNT ELSE NULL END)','CURRENCY','NUMERIC','NUMERIC',50,15)
/
INSERT INTO folio_conf.field
(FIELD_ID,FIELD_LABEL,FIELD_DESC,DISPLAY_EXPRESSION,SORT_EXPRESSION,DISPLAY_FORMAT,DISPLAY_SQL_TYPE,SORT_SQL_TYPE,IMPORTANCE,FIELD_CATEGORY_ID)
VALUES
(111,'Bank Account',NULL,'CORP.CUSTOMER_BANK.BANK_ACCT_NBR','CORP.CUSTOMER_BANK.BANK_ACCT_NBR',NULL,'VARCHAR','VARCHAR',50,16)
/
INSERT INTO folio_conf.field
(FIELD_ID,FIELD_LABEL,FIELD_DESC,DISPLAY_EXPRESSION,SORT_EXPRESSION,DISPLAY_FORMAT,DISPLAY_SQL_TYPE,SORT_SQL_TYPE,IMPORTANCE,FIELD_CATEGORY_ID)
VALUES
(112,'Bank Routing Nbr',NULL,'CORP.CUSTOMER_BANK.BANK_ROUTING_NBR','CORP.CUSTOMER_BANK.BANK_ROUTING_NBR',NULL,'VARCHAR','VARCHAR',50,16)
/
INSERT INTO folio_conf.field
(FIELD_ID,FIELD_LABEL,FIELD_DESC,DISPLAY_EXPRESSION,SORT_EXPRESSION,DISPLAY_FORMAT,DISPLAY_SQL_TYPE,SORT_SQL_TYPE,IMPORTANCE,FIELD_CATEGORY_ID)
VALUES
(113,'In Payment',NULL,'CORP.BATCH.CLOSED','CORP.BATCH.CLOSED',NULL,'VARCHAR','VARCHAR',50,17)
/
INSERT INTO folio_conf.field
(FIELD_ID,FIELD_LABEL,FIELD_DESC,DISPLAY_EXPRESSION,SORT_EXPRESSION,DISPLAY_FORMAT,DISPLAY_SQL_TYPE,SORT_SQL_TYPE,IMPORTANCE,FIELD_CATEGORY_ID)
VALUES
(114,'Paid Date',NULL,'CORP.DOC.SENT_DATE','CORP.DOC.SENT_DATE','DATE','DATE','DATE',50,17)
/
INSERT INTO folio_conf.field
(FIELD_ID,FIELD_LABEL,FIELD_DESC,DISPLAY_EXPRESSION,SORT_EXPRESSION,DISPLAY_FORMAT,DISPLAY_SQL_TYPE,SORT_SQL_TYPE,IMPORTANCE,FIELD_CATEGORY_ID)
VALUES
(115,'Entry Received Date',NULL,'DECODE(CORP.LEDGER.ENTRY_TYPE, ''AD'', CORP.LEDGER.ENTRY_DATE, ''SF'', CORP.LEDGER.ENTRY_DATE, REPORT.TRANS.SERVER_DATE)','DECODE(CORP.LEDGER.ENTRY_TYPE, ''AD'', CORP.LEDGER.ENTRY_DATE, ''SF'', CORP.LEDGER.ENTRY_DATE, REPORT.TRANS.SERVER_DATE)','DATE','DATE','DATE',50,17)
/
INSERT INTO folio_conf.field
(FIELD_ID,FIELD_LABEL,FIELD_DESC,DISPLAY_EXPRESSION,SORT_EXPRESSION,DISPLAY_FORMAT,DISPLAY_SQL_TYPE,SORT_SQL_TYPE,IMPORTANCE,FIELD_CATEGORY_ID)
VALUES
(116,'Payable',NULL,'CORP.PAYMENTS_PKG.ENTRY_PAYABLE(CORP.LEDGER.SETTLE_STATE_ID,CORP.LEDGER.ENTRY_TYPE)','CORP.PAYMENTS_PKG.ENTRY_PAYABLE(CORP.LEDGER.SETTLE_STATE_ID,CORP.LEDGER.ENTRY_TYPE)',NULL,'VARCHAR','VARCHAR',50,17)
/
INSERT INTO folio_conf.field
(FIELD_ID,FIELD_LABEL,FIELD_DESC,DISPLAY_EXPRESSION,SORT_EXPRESSION,DISPLAY_FORMAT,DISPLAY_SQL_TYPE,SORT_SQL_TYPE,IMPORTANCE,FIELD_CATEGORY_ID)
VALUES
(117,'Entry Month',NULL,'TRUNC(CORP.LEDGER.ENTRY_DATE, ''MONTH'')','TRUNC(CORP.LEDGER.ENTRY_DATE, ''MONTH'')','DATE:MMMM, yyyy','DATE','DATE',50,17)
/
INSERT INTO folio_conf.field
(FIELD_ID,FIELD_LABEL,FIELD_DESC,DISPLAY_EXPRESSION,SORT_EXPRESSION,DISPLAY_FORMAT,DISPLAY_SQL_TYPE,SORT_SQL_TYPE,IMPORTANCE,FIELD_CATEGORY_ID)
VALUES
(261,'Settle Date',NULL,'REPORT.TRANS.SETTLE_DATE','REPORT.TRANS.SETTLE_DATE','DATE:MM/dd/yyyy','DATE','DATE',50,9)
/
INSERT INTO folio_conf.field
(FIELD_ID,FIELD_LABEL,FIELD_DESC,DISPLAY_EXPRESSION,SORT_EXPRESSION,DISPLAY_FORMAT,DISPLAY_SQL_TYPE,SORT_SQL_TYPE,IMPORTANCE,FIELD_CATEGORY_ID)
VALUES
(301,'Pass Card Amount','From Trans','SUM(CASE WHEN REPORT.TRANS.TRANS_TYPE_ID = 18 THEN REPORT.TRANS.TOTAL_AMOUNT ELSE 0 END)','SUM(CASE WHEN REPORT.TRANS.TRANS_TYPE_ID = 18 THEN REPORT.TRANS.TOTAL_AMOUNT ELSE NULL END)',NULL,'NUMERIC','NUMERIC',50,15)
/
INSERT INTO folio_conf.field
(FIELD_ID,FIELD_LABEL,FIELD_DESC,DISPLAY_EXPRESSION,SORT_EXPRESSION,DISPLAY_FORMAT,DISPLAY_SQL_TYPE,SORT_SQL_TYPE,IMPORTANCE,FIELD_CATEGORY_ID)
VALUES
(263,'Settle Time',NULL,'REPORT.TRANS.SETTLE_DATE','REPORT.TRANS.SETTLE_DATE','DATE:HH:mm:ss PM','DATE','DATE',50,9)
/
INSERT INTO folio_conf.field
(FIELD_ID,FIELD_LABEL,FIELD_DESC,DISPLAY_EXPRESSION,SORT_EXPRESSION,DISPLAY_FORMAT,DISPLAY_SQL_TYPE,SORT_SQL_TYPE,IMPORTANCE,FIELD_CATEGORY_ID)
VALUES
(281,'Refund Reason',NULL,'REPORT.ACTIVITY_REF.DESCRIPTION','REPORT.ACTIVITY_REF.DESCRIPTION',NULL,'VARCHAR','VARCHAR',50,11)
/
INSERT INTO folio_conf.field
(FIELD_ID,FIELD_LABEL,FIELD_DESC,DISPLAY_EXPRESSION,SORT_EXPRESSION,DISPLAY_FORMAT,DISPLAY_SQL_TYPE,SORT_SQL_TYPE,IMPORTANCE,FIELD_CATEGORY_ID)
VALUES
(302,'Access Card Amount','From Trans','SUM(CASE WHEN REPORT.TRANS.TRANS_TYPE_ID = 17 THEN REPORT.TRANS.TOTAL_AMOUNT ELSE 0 END)','SUM(CASE WHEN REPORT.TRANS.TRANS_TYPE_ID = 17 THEN REPORT.TRANS.TOTAL_AMOUNT ELSE NULL END)',NULL,'NUMERIC','NUMERIC',50,15)
/
INSERT INTO folio_conf.field
(FIELD_ID,FIELD_LABEL,FIELD_DESC,DISPLAY_EXPRESSION,SORT_EXPRESSION,DISPLAY_FORMAT,DISPLAY_SQL_TYPE,SORT_SQL_TYPE,IMPORTANCE,FIELD_CATEGORY_ID)
VALUES
(303,'Debit Card Amount',NULL,'SUM(CASE WHEN REPORT.TRANS.TRANS_TYPE_ID = 19 THEN REPORT.TRANS.TOTAL_AMOUNT ELSE 0 END)','SUM(CASE WHEN REPORT.TRANS.TRANS_TYPE_ID = 19 THEN REPORT.TRANS.TOTAL_AMOUNT ELSE NULL END)',NULL,'NUMERIC','NUMERIC',50,15)
/
INSERT INTO folio_conf.field
(FIELD_ID,FIELD_LABEL,FIELD_DESC,DISPLAY_EXPRESSION,SORT_EXPRESSION,DISPLAY_FORMAT,DISPLAY_SQL_TYPE,SORT_SQL_TYPE,IMPORTANCE,FIELD_CATEGORY_ID)
VALUES
(321,'Device Type Id',NULL,'REPORT.DEVICE_TYPE.DEVICE_TYPE_ID','REPORT.DEVICE_TYPE.DEVICE_TYPE_ID','NUMBER','NUMERIC','NUMERIC',50,12)
/
INSERT INTO folio_conf.field
(FIELD_ID,FIELD_LABEL,FIELD_DESC,DISPLAY_EXPRESSION,SORT_EXPRESSION,DISPLAY_FORMAT,DISPLAY_SQL_TYPE,SORT_SQL_TYPE,IMPORTANCE,FIELD_CATEGORY_ID)
VALUES
(322,'Credit Card Amount','From Trans','SUM(CASE WHEN REPORT.TRANS.TRANS_TYPE_ID = 16 THEN REPORT.TRANS.TOTAL_AMOUNT ELSE 0 END)','SUM(CASE WHEN REPORT.TRANS.TRANS_TYPE_ID = 16 THEN REPORT.TRANS.TOTAL_AMOUNT ELSE NULL END)',NULL,'NUMERIC','NUMERIC',50,15)
/
INSERT INTO folio_conf.field
(FIELD_ID,FIELD_LABEL,FIELD_DESC,DISPLAY_EXPRESSION,SORT_EXPRESSION,DISPLAY_FORMAT,DISPLAY_SQL_TYPE,SORT_SQL_TYPE,IMPORTANCE,FIELD_CATEGORY_ID)
VALUES
(323,'Refund and CB Amount','From Trans','SUM(CASE WHEN REPORT.TRANS.TRANS_TYPE_ID = 20 OR REPORT.TRANS.TRANS_TYPE_ID = 21 THEN REPORT.TRANS.TOTAL_AMOUNT ELSE 0 END)','SUM(CASE WHEN REPORT.TRANS.TRANS_TYPE_ID = 20 OR REPORT.TRANS.TRANS_TYPE_ID = 21 THEN REPORT.TRANS.TOTAL_AMOUNT ELSE NULL END)',NULL,'NUMERIC','NUMERIC',50,15)
/
INSERT INTO folio_conf.field
(FIELD_ID,FIELD_LABEL,FIELD_DESC,DISPLAY_EXPRESSION,SORT_EXPRESSION,DISPLAY_FORMAT,DISPLAY_SQL_TYPE,SORT_SQL_TYPE,IMPORTANCE,FIELD_CATEGORY_ID)
VALUES
(324,'Total Amount','From Trans','SUM(REPORT.TRANS.TOTAL_AMOUNT)','SUM(REPORT.TRANS.TOTAL_AMOUNT)',NULL,'NUMERIC','NUMERIC',50,15)
/
INSERT INTO folio_conf.field
(FIELD_ID,FIELD_LABEL,FIELD_DESC,DISPLAY_EXPRESSION,SORT_EXPRESSION,DISPLAY_FORMAT,DISPLAY_SQL_TYPE,SORT_SQL_TYPE,IMPORTANCE,FIELD_CATEGORY_ID)
VALUES
(341,'Service Fee Type Name',NULL,'CORP.FEES.FEE_NAME','CORP.FEES.FEE_NAME',NULL,'VARCHAR','VARCHAR',50,15)
/
INSERT INTO folio_conf.field
(FIELD_ID,FIELD_LABEL,FIELD_DESC,DISPLAY_EXPRESSION,SORT_EXPRESSION,DISPLAY_FORMAT,DISPLAY_SQL_TYPE,SORT_SQL_TYPE,IMPORTANCE,FIELD_CATEGORY_ID)
VALUES
(121,'Create Date',NULL,'REPORT.ACTIVITY_REF.CREATE_DT','REPORT.ACTIVITY_REF.CREATE_DT','DATE:MM/dd/yyyy','DATE','DATE',50,9)
/
INSERT INTO folio_conf.field
(FIELD_ID,FIELD_LABEL,FIELD_DESC,DISPLAY_EXPRESSION,SORT_EXPRESSION,DISPLAY_FORMAT,DISPLAY_SQL_TYPE,SORT_SQL_TYPE,IMPORTANCE,FIELD_CATEGORY_ID)
VALUES
(101,'Customer Name',NULL,'CORP.CUSTOMER.CUSTOMER_NAME','UPPER(CORP.CUSTOMER.CUSTOMER_NAME)',NULL,'VARCHAR','VARCHAR',50,7)
/
INSERT INTO folio_conf.field
(FIELD_ID,FIELD_LABEL,FIELD_DESC,DISPLAY_EXPRESSION,SORT_EXPRESSION,DISPLAY_FORMAT,DISPLAY_SQL_TYPE,SORT_SQL_TYPE,IMPORTANCE,FIELD_CATEGORY_ID)
VALUES
(161,'Currency Type Id',NULL,'CORP.CURRENCY.CURRENCY_ID','CORP.CURRENCY.CURRENCY_ID',NULL,'NUMERIC','NUMERIC',50,12)
/
INSERT INTO folio_conf.field
(FIELD_ID,FIELD_LABEL,FIELD_DESC,DISPLAY_EXPRESSION,SORT_EXPRESSION,DISPLAY_FORMAT,DISPLAY_SQL_TYPE,SORT_SQL_TYPE,IMPORTANCE,FIELD_CATEGORY_ID)
VALUES
(181,'Currency Symbol',NULL,'CORP.CURRENCY.CURRENCY_SYMBOL','CORP.CURRENCY.CURRENCY_SYMBOL',NULL,'VARCHAR','VARCHAR',50,6)
/
INSERT INTO folio_conf.field
(FIELD_ID,FIELD_LABEL,FIELD_DESC,DISPLAY_EXPRESSION,SORT_EXPRESSION,DISPLAY_FORMAT,DISPLAY_SQL_TYPE,SORT_SQL_TYPE,IMPORTANCE,FIELD_CATEGORY_ID)
VALUES
(182,'Currency Code',NULL,'CORP.CURRENCY.CURRENCY_CODE','CORP.CURRENCY.CURRENCY_CODE',NULL,'VARCHAR','VARCHAR',50,6)
/
INSERT INTO folio_conf.field
(FIELD_ID,FIELD_LABEL,FIELD_DESC,DISPLAY_EXPRESSION,SORT_EXPRESSION,DISPLAY_FORMAT,DISPLAY_SQL_TYPE,SORT_SQL_TYPE,IMPORTANCE,FIELD_CATEGORY_ID)
VALUES
(201,'Currency Type Name',NULL,'CORP.CURRENCY.CURRENCY_NAME','CORP.CURRENCY.CURRENCY_NAME',NULL,'VARCHAR','VARCHAR',50,12)
/
INSERT INTO folio_conf.field
(FIELD_ID,FIELD_LABEL,FIELD_DESC,DISPLAY_EXPRESSION,SORT_EXPRESSION,DISPLAY_FORMAT,DISPLAY_SQL_TYPE,SORT_SQL_TYPE,IMPORTANCE,FIELD_CATEGORY_ID)
VALUES
(344,'Ledger Date',NULL,'CORP.LEDGER.LEDGER_DATE','CORP.LEDGER.LEDGER_DATE',NULL,'DATE','DATE',50,9)
/
INSERT INTO folio_conf.field
(FIELD_ID,FIELD_LABEL,FIELD_DESC,DISPLAY_EXPRESSION,SORT_EXPRESSION,DISPLAY_FORMAT,DISPLAY_SQL_TYPE,SORT_SQL_TYPE,IMPORTANCE,FIELD_CATEGORY_ID)
VALUES
(345,'Fee Type Id',NULL,'CORP.FEES.FEE_ID','CORP.FEES.FEE_ID',NULL,'NUMERIC','NUMERIC',50,12)
/
INSERT INTO folio_conf.field
(FIELD_ID,FIELD_LABEL,FIELD_DESC,DISPLAY_EXPRESSION,SORT_EXPRESSION,DISPLAY_FORMAT,DISPLAY_SQL_TYPE,SORT_SQL_TYPE,IMPORTANCE,FIELD_CATEGORY_ID)
VALUES
(141,'Create Time',NULL,'REPORT.ACTIVITY_REF.CREATE_DT','REPORT.ACTIVITY_REF.CREATE_DT','DATE:HH:mm:ss PM','DATE','DATE',50,9)
/
INSERT INTO folio_conf.field
(FIELD_ID,FIELD_LABEL,FIELD_DESC,DISPLAY_EXPRESSION,SORT_EXPRESSION,DISPLAY_FORMAT,DISPLAY_SQL_TYPE,SORT_SQL_TYPE,IMPORTANCE,FIELD_CATEGORY_ID)
VALUES
(142,'Masked Card Number',NULL,'SUBSTR(TRIM(REPORT.ACTIVITY_REF.CARD_NUMBER),0,2) || ''..'' || SUBSTR(TRIM(REPORT.ACTIVITY_REF.CARD_NUMBER),LENGTH(TRIM(REPORT.ACTIVITY_REF.CARD_NUMBER))-3,LENGTH(TRIM(REPORT.ACTIVITY_REF.CARD_NUMBER)))','SUBSTR(TRIM(REPORT.ACTIVITY_REF.CARD_NUMBER),0,2) || ''..'' || SUBSTR(TRIM(REPORT.ACTIVITY_REF.CARD_NUMBER),LENGTH(TRIM(REPORT.ACTIVITY_REF.CARD_NUMBER))-3,LENGTH(TRIM(REPORT.ACTIVITY_REF.CARD_NUMBER)))',NULL,'VARCHAR','VARCHAR',50,11)
/
INSERT INTO folio_conf.field
(FIELD_ID,FIELD_LABEL,FIELD_DESC,DISPLAY_EXPRESSION,SORT_EXPRESSION,DISPLAY_FORMAT,DISPLAY_SQL_TYPE,SORT_SQL_TYPE,IMPORTANCE,FIELD_CATEGORY_ID)
VALUES
(386,'User Id (for Terminal)',NULL,'REPORT.VW_USER_TERMINAL.USER_ID','REPORT.VW_USER_TERMINAL.USER_ID','LITERAL:***','VARCHAR','NUMERIC',50,12)
/
INSERT INTO folio_conf.field
(FIELD_ID,FIELD_LABEL,FIELD_DESC,DISPLAY_EXPRESSION,SORT_EXPRESSION,DISPLAY_FORMAT,DISPLAY_SQL_TYPE,SORT_SQL_TYPE,IMPORTANCE,FIELD_CATEGORY_ID)
VALUES
(388,'Call Start Time',NULL,'REAL_TIME.DEVICE_CALL_IN_RECORD.CALL_IN_START_TS','REAL_TIME.DEVICE_CALL_IN_RECORD.CALL_IN_START_TS','DATE:MM/dd/yyyy HH:mm:ss','TIMESTAMP','TIMESTAMP',50,58)
/
INSERT INTO folio_conf.field
(FIELD_ID,FIELD_LABEL,FIELD_DESC,DISPLAY_EXPRESSION,SORT_EXPRESSION,DISPLAY_FORMAT,DISPLAY_SQL_TYPE,SORT_SQL_TYPE,IMPORTANCE,FIELD_CATEGORY_ID)
VALUES
(390,'Call End Time',NULL,'REAL_TIME.DEVICE_CALL_IN_RECORD.CALL_IN_FINISH_TS','REAL_TIME.DEVICE_CALL_IN_RECORD.CALL_IN_FINISH_TS','DATE:MM/dd/yyyy HH:mm:ss','TIMESTAMP','TIMESTAMP',50,58)
/
INSERT INTO folio_conf.field
(FIELD_ID,FIELD_LABEL,FIELD_DESC,DISPLAY_EXPRESSION,SORT_EXPRESSION,DISPLAY_FORMAT,DISPLAY_SQL_TYPE,SORT_SQL_TYPE,IMPORTANCE,FIELD_CATEGORY_ID)
VALUES
(392,'Call Elapsed Minutes',NULL,'24 * 60 * (REAL_TIME.DEVICE_CALL_IN_RECORD.CALL_IN_FINISH_TS - REAL_TIME.DEVICE_CALL_IN_RECORD.CALL_IN_START_TS)','24 * 60 * (REAL_TIME.DEVICE_CALL_IN_RECORD.CALL_IN_FINISH_TS - REAL_TIME.DEVICE_CALL_IN_RECORD.CALL_IN_START_TS)','NUMBER','DECIMAL','DECIMAL',50,58)
/
INSERT INTO folio_conf.field
(FIELD_ID,FIELD_LABEL,FIELD_DESC,DISPLAY_EXPRESSION,SORT_EXPRESSION,DISPLAY_FORMAT,DISPLAY_SQL_TYPE,SORT_SQL_TYPE,IMPORTANCE,FIELD_CATEGORY_ID)
VALUES
(394,'Call Outcome',NULL,'DECODE(REAL_TIME.DEVICE_CALL_IN_RECORD.CALL_IN_STATUS, ''S'', ''Success'', ''U'', ''Failure'', ''I'', ''In-Progress'', ''Unknown'')','REAL_TIME.DEVICE_CALL_IN_RECORD.CALL_IN_STATUS',NULL,'VARCHAR','VARCHAR',50,58)
/
INSERT INTO folio_conf.field
(FIELD_ID,FIELD_LABEL,FIELD_DESC,DISPLAY_EXPRESSION,SORT_EXPRESSION,DISPLAY_FORMAT,DISPLAY_SQL_TYPE,SORT_SQL_TYPE,IMPORTANCE,FIELD_CATEGORY_ID)
VALUES
(396,'Call Reason',NULL,'DECODE(REAL_TIME.DEVICE_CALL_IN_RECORD.CALL_IN_TYPE, ''B'', ''Batch'', ''A'', ''Auth'', ''C'', ''Combo'', ''Unknown'')','REAL_TIME.DEVICE_CALL_IN_RECORD.CALL_IN_TYPE',NULL,'VARCHAR','VARCHAR',50,58)
/
INSERT INTO folio_conf.field
(FIELD_ID,FIELD_LABEL,FIELD_DESC,DISPLAY_EXPRESSION,SORT_EXPRESSION,DISPLAY_FORMAT,DISPLAY_SQL_TYPE,SORT_SQL_TYPE,IMPORTANCE,FIELD_CATEGORY_ID)
VALUES
(398,'Credit Trans',NULL,'REAL_TIME.DEVICE_CALL_IN_RECORD.CREDIT_TRANS_COUNT','REAL_TIME.DEVICE_CALL_IN_RECORD.CREDIT_TRANS_COUNT',NULL,'DECIMAL','DECIMAL',50,58)
/
INSERT INTO folio_conf.field
(FIELD_ID,FIELD_LABEL,FIELD_DESC,DISPLAY_EXPRESSION,SORT_EXPRESSION,DISPLAY_FORMAT,DISPLAY_SQL_TYPE,SORT_SQL_TYPE,IMPORTANCE,FIELD_CATEGORY_ID)
VALUES
(400,'Credit Vends',NULL,'REAL_TIME.DEVICE_CALL_IN_RECORD.CREDIT_VEND_COUNT','REAL_TIME.DEVICE_CALL_IN_RECORD.CREDIT_VEND_COUNT',NULL,'DECIMAL','DECIMAL',50,58)
/
INSERT INTO folio_conf.field
(FIELD_ID,FIELD_LABEL,FIELD_DESC,DISPLAY_EXPRESSION,SORT_EXPRESSION,DISPLAY_FORMAT,DISPLAY_SQL_TYPE,SORT_SQL_TYPE,IMPORTANCE,FIELD_CATEGORY_ID)
VALUES
(402,'Credit Amount',NULL,'REAL_TIME.DEVICE_CALL_IN_RECORD.CREDIT_TRANS_TOTAL','REAL_TIME.DEVICE_CALL_IN_RECORD.CREDIT_TRANS_TOTAL','CURRENCY','DECIMAL','DECIMAL',50,58)
/
INSERT INTO folio_conf.field
(FIELD_ID,FIELD_LABEL,FIELD_DESC,DISPLAY_EXPRESSION,SORT_EXPRESSION,DISPLAY_FORMAT,DISPLAY_SQL_TYPE,SORT_SQL_TYPE,IMPORTANCE,FIELD_CATEGORY_ID)
VALUES
(404,'DEX Received',NULL,'DECODE(REAL_TIME.DEVICE_CALL_IN_RECORD.DEX_RECEIVED_FLAG, ''Y'', ''Yes'', ''N'', ''No'', ''Unknown'')','REAL_TIME.DEVICE_CALL_IN_RECORD.DEX_RECEIVED_FLAG',NULL,'VARCHAR','VARCHAR',50,58)
/
INSERT INTO folio_conf.field
(FIELD_ID,FIELD_LABEL,FIELD_DESC,DISPLAY_EXPRESSION,SORT_EXPRESSION,DISPLAY_FORMAT,DISPLAY_SQL_TYPE,SORT_SQL_TYPE,IMPORTANCE,FIELD_CATEGORY_ID)
VALUES
(406,'DEX File Size',NULL,'REAL_TIME.DEVICE_CALL_IN_RECORD.DEX_FILE_SIZE','REAL_TIME.DEVICE_CALL_IN_RECORD.DEX_FILE_SIZE','NUMBER','DECIMAL','DECIMAL',50,58)
/
INSERT INTO folio_conf.field
(FIELD_ID,FIELD_LABEL,FIELD_DESC,DISPLAY_EXPRESSION,SORT_EXPRESSION,DISPLAY_FORMAT,DISPLAY_SQL_TYPE,SORT_SQL_TYPE,IMPORTANCE,FIELD_CATEGORY_ID)
VALUES
(408,'Cash Trans',NULL,'REAL_TIME.DEVICE_CALL_IN_RECORD.CASH_TRANS_COUNT','REAL_TIME.DEVICE_CALL_IN_RECORD.CASH_TRANS_COUNT',NULL,'DECIMAL','DECIMAL',50,58)
/
INSERT INTO folio_conf.field
(FIELD_ID,FIELD_LABEL,FIELD_DESC,DISPLAY_EXPRESSION,SORT_EXPRESSION,DISPLAY_FORMAT,DISPLAY_SQL_TYPE,SORT_SQL_TYPE,IMPORTANCE,FIELD_CATEGORY_ID)
VALUES
(409,'Cash Vends',NULL,'REAL_TIME.DEVICE_CALL_IN_RECORD.CASH_VEND_COUNT','REAL_TIME.DEVICE_CALL_IN_RECORD.CASH_VEND_COUNT',NULL,'DECIMAL','DECIMAL',50,58)
/
INSERT INTO folio_conf.field
(FIELD_ID,FIELD_LABEL,FIELD_DESC,DISPLAY_EXPRESSION,SORT_EXPRESSION,DISPLAY_FORMAT,DISPLAY_SQL_TYPE,SORT_SQL_TYPE,IMPORTANCE,FIELD_CATEGORY_ID)
VALUES
(410,'Cash Amount',NULL,'REAL_TIME.DEVICE_CALL_IN_RECORD.CASH_TRANS_TOTAL','REAL_TIME.DEVICE_CALL_IN_RECORD.CASH_TRANS_TOTAL','CURRENCY','DECIMAL','DECIMAL',50,58)
/
INSERT INTO folio_conf.field
(FIELD_ID,FIELD_LABEL,FIELD_DESC,DISPLAY_EXPRESSION,SORT_EXPRESSION,DISPLAY_FORMAT,DISPLAY_SQL_TYPE,SORT_SQL_TYPE,IMPORTANCE,FIELD_CATEGORY_ID)
VALUES
(411,'Passcard Trans',NULL,'REAL_TIME.DEVICE_CALL_IN_RECORD.PASSCARD_TRANS_COUNT','REAL_TIME.DEVICE_CALL_IN_RECORD.PASSCARD_TRANS_COUNT',NULL,'DECIMAL','DECIMAL',50,58)
/
INSERT INTO folio_conf.field
(FIELD_ID,FIELD_LABEL,FIELD_DESC,DISPLAY_EXPRESSION,SORT_EXPRESSION,DISPLAY_FORMAT,DISPLAY_SQL_TYPE,SORT_SQL_TYPE,IMPORTANCE,FIELD_CATEGORY_ID)
VALUES
(412,'Passcard Vends',NULL,'REAL_TIME.DEVICE_CALL_IN_RECORD.PASSCARD_VEND_COUNT','REAL_TIME.DEVICE_CALL_IN_RECORD.PASSCARD_VEND_COUNT',NULL,'DECIMAL','DECIMAL',50,58)
/
INSERT INTO folio_conf.field
(FIELD_ID,FIELD_LABEL,FIELD_DESC,DISPLAY_EXPRESSION,SORT_EXPRESSION,DISPLAY_FORMAT,DISPLAY_SQL_TYPE,SORT_SQL_TYPE,IMPORTANCE,FIELD_CATEGORY_ID)
VALUES
(413,'Passcard Amount',NULL,'REAL_TIME.DEVICE_CALL_IN_RECORD.PASSCARD_TRANS_TOTAL','REAL_TIME.DEVICE_CALL_IN_RECORD.PASSCARD_TRANS_TOTAL','CURRENCY','DECIMAL','DECIMAL',50,58)
/
INSERT INTO folio_conf.field
(FIELD_ID,FIELD_LABEL,FIELD_DESC,DISPLAY_EXPRESSION,SORT_EXPRESSION,DISPLAY_FORMAT,DISPLAY_SQL_TYPE,SORT_SQL_TYPE,IMPORTANCE,FIELD_CATEGORY_ID)
VALUES
(414,'Call In Order',NULL,'REAL_TIME.DEVICE_CALL_IN_RECORD.CALL_IN_ORDER','REAL_TIME.DEVICE_CALL_IN_RECORD.CALL_IN_ORDER',NULL,'DECIMAL','DECIMAL',50,58)
/

--FIELD_PRIVS
INSERT INTO folio_conf.field_priv
(FIELD_PRIV_ID,USER_GROUP_ID,FIELD_ID,FILTER_GROUP_ID)
VALUES
(181,1,221,NULL)
/
INSERT INTO folio_conf.field_priv
(FIELD_PRIV_ID,USER_GROUP_ID,FIELD_ID,FILTER_GROUP_ID)
VALUES
(182,1,222,NULL)
/
INSERT INTO folio_conf.field_priv
(FIELD_PRIV_ID,USER_GROUP_ID,FIELD_ID,FILTER_GROUP_ID)
VALUES
(201,1,242,NULL)
/
INSERT INTO folio_conf.field_priv
(FIELD_PRIV_ID,USER_GROUP_ID,FIELD_ID,FILTER_GROUP_ID)
VALUES
(241,1,281,NULL)
/
INSERT INTO folio_conf.field_priv
(FIELD_PRIV_ID,USER_GROUP_ID,FIELD_ID,FILTER_GROUP_ID)
VALUES
(281,1,321,NULL)
/
INSERT INTO folio_conf.field_priv
(FIELD_PRIV_ID,USER_GROUP_ID,FIELD_ID,FILTER_GROUP_ID)
VALUES
(282,1,322,NULL)
/
INSERT INTO folio_conf.field_priv
(FIELD_PRIV_ID,USER_GROUP_ID,FIELD_ID,FILTER_GROUP_ID)
VALUES
(283,1,323,NULL)
/
INSERT INTO folio_conf.field_priv
(FIELD_PRIV_ID,USER_GROUP_ID,FIELD_ID,FILTER_GROUP_ID)
VALUES
(284,1,324,NULL)
/
INSERT INTO folio_conf.field_priv
(FIELD_PRIV_ID,USER_GROUP_ID,FIELD_ID,FILTER_GROUP_ID)
VALUES
(303,1,344,NULL)
/
INSERT INTO folio_conf.field_priv
(FIELD_PRIV_ID,USER_GROUP_ID,FIELD_ID,FILTER_GROUP_ID)
VALUES
(304,1,345,NULL)
/
INSERT INTO folio_conf.field_priv
(FIELD_PRIV_ID,USER_GROUP_ID,FIELD_ID,FILTER_GROUP_ID)
VALUES
(102,1,102,NULL)
/
INSERT INTO folio_conf.field_priv
(FIELD_PRIV_ID,USER_GROUP_ID,FIELD_ID,FILTER_GROUP_ID)
VALUES
(107,1,107,NULL)
/
INSERT INTO folio_conf.field_priv
(FIELD_PRIV_ID,USER_GROUP_ID,FIELD_ID,FILTER_GROUP_ID)
VALUES
(103,1,103,NULL)
/
INSERT INTO folio_conf.field_priv
(FIELD_PRIV_ID,USER_GROUP_ID,FIELD_ID,FILTER_GROUP_ID)
VALUES
(114,1,114,NULL)
/
INSERT INTO folio_conf.field_priv
(FIELD_PRIV_ID,USER_GROUP_ID,FIELD_ID,FILTER_GROUP_ID)
VALUES
(112,1,112,NULL)
/
INSERT INTO folio_conf.field_priv
(FIELD_PRIV_ID,USER_GROUP_ID,FIELD_ID,FILTER_GROUP_ID)
VALUES
(110,1,110,NULL)
/
INSERT INTO folio_conf.field_priv
(FIELD_PRIV_ID,USER_GROUP_ID,FIELD_ID,FILTER_GROUP_ID)
VALUES
(105,1,105,NULL)
/
INSERT INTO folio_conf.field_priv
(FIELD_PRIV_ID,USER_GROUP_ID,FIELD_ID,FILTER_GROUP_ID)
VALUES
(109,1,109,NULL)
/
INSERT INTO folio_conf.field_priv
(FIELD_PRIV_ID,USER_GROUP_ID,FIELD_ID,FILTER_GROUP_ID)
VALUES
(106,1,106,NULL)
/
INSERT INTO folio_conf.field_priv
(FIELD_PRIV_ID,USER_GROUP_ID,FIELD_ID,FILTER_GROUP_ID)
VALUES
(116,1,116,NULL)
/
INSERT INTO folio_conf.field_priv
(FIELD_PRIV_ID,USER_GROUP_ID,FIELD_ID,FILTER_GROUP_ID)
VALUES
(115,1,115,NULL)
/
INSERT INTO folio_conf.field_priv
(FIELD_PRIV_ID,USER_GROUP_ID,FIELD_ID,FILTER_GROUP_ID)
VALUES
(111,1,111,NULL)
/
INSERT INTO folio_conf.field_priv
(FIELD_PRIV_ID,USER_GROUP_ID,FIELD_ID,FILTER_GROUP_ID)
VALUES
(113,1,113,NULL)
/
INSERT INTO folio_conf.field_priv
(FIELD_PRIV_ID,USER_GROUP_ID,FIELD_ID,FILTER_GROUP_ID)
VALUES
(108,1,108,NULL)
/
INSERT INTO folio_conf.field_priv
(FIELD_PRIV_ID,USER_GROUP_ID,FIELD_ID,FILTER_GROUP_ID)
VALUES
(117,1,117,NULL)
/
INSERT INTO folio_conf.field_priv
(FIELD_PRIV_ID,USER_GROUP_ID,FIELD_ID,FILTER_GROUP_ID)
VALUES
(221,1,261,NULL)
/
INSERT INTO folio_conf.field_priv
(FIELD_PRIV_ID,USER_GROUP_ID,FIELD_ID,FILTER_GROUP_ID)
VALUES
(222,1,262,NULL)
/
INSERT INTO folio_conf.field_priv
(FIELD_PRIV_ID,USER_GROUP_ID,FIELD_ID,FILTER_GROUP_ID)
VALUES
(223,1,263,NULL)
/
INSERT INTO folio_conf.field_priv
(FIELD_PRIV_ID,USER_GROUP_ID,FIELD_ID,FILTER_GROUP_ID)
VALUES
(261,1,301,NULL)
/
INSERT INTO folio_conf.field_priv
(FIELD_PRIV_ID,USER_GROUP_ID,FIELD_ID,FILTER_GROUP_ID)
VALUES
(262,1,302,NULL)
/
INSERT INTO folio_conf.field_priv
(FIELD_PRIV_ID,USER_GROUP_ID,FIELD_ID,FILTER_GROUP_ID)
VALUES
(263,1,303,NULL)
/
INSERT INTO folio_conf.field_priv
(FIELD_PRIV_ID,USER_GROUP_ID,FIELD_ID,FILTER_GROUP_ID)
VALUES
(301,1,341,NULL)
/
INSERT INTO folio_conf.field_priv
(FIELD_PRIV_ID,USER_GROUP_ID,FIELD_ID,FILTER_GROUP_ID)
VALUES
(302,1,342,NULL)
/
INSERT INTO folio_conf.field_priv
(FIELD_PRIV_ID,USER_GROUP_ID,FIELD_ID,FILTER_GROUP_ID)
VALUES
(101,1,101,NULL)
/
INSERT INTO folio_conf.field_priv
(FIELD_PRIV_ID,USER_GROUP_ID,FIELD_ID,FILTER_GROUP_ID)
VALUES
(81,1,121,NULL)
/
INSERT INTO folio_conf.field_priv
(FIELD_PRIV_ID,USER_GROUP_ID,FIELD_ID,FILTER_GROUP_ID)
VALUES
(121,1,161,NULL)
/
INSERT INTO folio_conf.field_priv
(FIELD_PRIV_ID,USER_GROUP_ID,FIELD_ID,FILTER_GROUP_ID)
VALUES
(141,1,181,NULL)
/
INSERT INTO folio_conf.field_priv
(FIELD_PRIV_ID,USER_GROUP_ID,FIELD_ID,FILTER_GROUP_ID)
VALUES
(142,1,182,NULL)
/
INSERT INTO folio_conf.field_priv
(FIELD_PRIV_ID,USER_GROUP_ID,FIELD_ID,FILTER_GROUP_ID)
VALUES
(161,1,201,NULL)
/
INSERT INTO folio_conf.field_priv
(FIELD_PRIV_ID,USER_GROUP_ID,FIELD_ID,FILTER_GROUP_ID)
VALUES
(2,1,3,NULL)
/
INSERT INTO folio_conf.field_priv
(FIELD_PRIV_ID,USER_GROUP_ID,FIELD_ID,FILTER_GROUP_ID)
VALUES
(3,1,4,NULL)
/
INSERT INTO folio_conf.field_priv
(FIELD_PRIV_ID,USER_GROUP_ID,FIELD_ID,FILTER_GROUP_ID)
VALUES
(4,1,5,NULL)
/
INSERT INTO folio_conf.field_priv
(FIELD_PRIV_ID,USER_GROUP_ID,FIELD_ID,FILTER_GROUP_ID)
VALUES
(5,1,6,NULL)
/
INSERT INTO folio_conf.field_priv
(FIELD_PRIV_ID,USER_GROUP_ID,FIELD_ID,FILTER_GROUP_ID)
VALUES
(6,1,7,NULL)
/
INSERT INTO folio_conf.field_priv
(FIELD_PRIV_ID,USER_GROUP_ID,FIELD_ID,FILTER_GROUP_ID)
VALUES
(7,1,8,NULL)
/
INSERT INTO folio_conf.field_priv
(FIELD_PRIV_ID,USER_GROUP_ID,FIELD_ID,FILTER_GROUP_ID)
VALUES
(8,1,9,NULL)
/
INSERT INTO folio_conf.field_priv
(FIELD_PRIV_ID,USER_GROUP_ID,FIELD_ID,FILTER_GROUP_ID)
VALUES
(9,1,10,NULL)
/
INSERT INTO folio_conf.field_priv
(FIELD_PRIV_ID,USER_GROUP_ID,FIELD_ID,FILTER_GROUP_ID)
VALUES
(10,1,11,NULL)
/
INSERT INTO folio_conf.field_priv
(FIELD_PRIV_ID,USER_GROUP_ID,FIELD_ID,FILTER_GROUP_ID)
VALUES
(11,1,12,NULL)
/
INSERT INTO folio_conf.field_priv
(FIELD_PRIV_ID,USER_GROUP_ID,FIELD_ID,FILTER_GROUP_ID)
VALUES
(12,1,13,NULL)
/
INSERT INTO folio_conf.field_priv
(FIELD_PRIV_ID,USER_GROUP_ID,FIELD_ID,FILTER_GROUP_ID)
VALUES
(13,1,14,NULL)
/
INSERT INTO folio_conf.field_priv
(FIELD_PRIV_ID,USER_GROUP_ID,FIELD_ID,FILTER_GROUP_ID)
VALUES
(14,1,15,NULL)
/
INSERT INTO folio_conf.field_priv
(FIELD_PRIV_ID,USER_GROUP_ID,FIELD_ID,FILTER_GROUP_ID)
VALUES
(15,1,16,NULL)
/
INSERT INTO folio_conf.field_priv
(FIELD_PRIV_ID,USER_GROUP_ID,FIELD_ID,FILTER_GROUP_ID)
VALUES
(16,1,17,NULL)
/
INSERT INTO folio_conf.field_priv
(FIELD_PRIV_ID,USER_GROUP_ID,FIELD_ID,FILTER_GROUP_ID)
VALUES
(17,1,18,NULL)
/
INSERT INTO folio_conf.field_priv
(FIELD_PRIV_ID,USER_GROUP_ID,FIELD_ID,FILTER_GROUP_ID)
VALUES
(18,1,19,NULL)
/
INSERT INTO folio_conf.field_priv
(FIELD_PRIV_ID,USER_GROUP_ID,FIELD_ID,FILTER_GROUP_ID)
VALUES
(19,1,20,NULL)
/
INSERT INTO folio_conf.field_priv
(FIELD_PRIV_ID,USER_GROUP_ID,FIELD_ID,FILTER_GROUP_ID)
VALUES
(20,1,21,NULL)
/
INSERT INTO folio_conf.field_priv
(FIELD_PRIV_ID,USER_GROUP_ID,FIELD_ID,FILTER_GROUP_ID)
VALUES
(21,1,22,NULL)
/
INSERT INTO folio_conf.field_priv
(FIELD_PRIV_ID,USER_GROUP_ID,FIELD_ID,FILTER_GROUP_ID)
VALUES
(22,1,23,NULL)
/
INSERT INTO folio_conf.field_priv
(FIELD_PRIV_ID,USER_GROUP_ID,FIELD_ID,FILTER_GROUP_ID)
VALUES
(23,1,24,NULL)
/
INSERT INTO folio_conf.field_priv
(FIELD_PRIV_ID,USER_GROUP_ID,FIELD_ID,FILTER_GROUP_ID)
VALUES
(24,1,25,NULL)
/
INSERT INTO folio_conf.field_priv
(FIELD_PRIV_ID,USER_GROUP_ID,FIELD_ID,FILTER_GROUP_ID)
VALUES
(25,1,26,NULL)
/
INSERT INTO folio_conf.field_priv
(FIELD_PRIV_ID,USER_GROUP_ID,FIELD_ID,FILTER_GROUP_ID)
VALUES
(26,1,27,NULL)
/
INSERT INTO folio_conf.field_priv
(FIELD_PRIV_ID,USER_GROUP_ID,FIELD_ID,FILTER_GROUP_ID)
VALUES
(27,1,28,NULL)
/
INSERT INTO folio_conf.field_priv
(FIELD_PRIV_ID,USER_GROUP_ID,FIELD_ID,FILTER_GROUP_ID)
VALUES
(28,1,29,NULL)
/
INSERT INTO folio_conf.field_priv
(FIELD_PRIV_ID,USER_GROUP_ID,FIELD_ID,FILTER_GROUP_ID)
VALUES
(29,1,30,NULL)
/
INSERT INTO folio_conf.field_priv
(FIELD_PRIV_ID,USER_GROUP_ID,FIELD_ID,FILTER_GROUP_ID)
VALUES
(30,1,46,NULL)
/
INSERT INTO folio_conf.field_priv
(FIELD_PRIV_ID,USER_GROUP_ID,FIELD_ID,FILTER_GROUP_ID)
VALUES
(31,1,47,NULL)
/
INSERT INTO folio_conf.field_priv
(FIELD_PRIV_ID,USER_GROUP_ID,FIELD_ID,FILTER_GROUP_ID)
VALUES
(32,1,48,NULL)
/
INSERT INTO folio_conf.field_priv
(FIELD_PRIV_ID,USER_GROUP_ID,FIELD_ID,FILTER_GROUP_ID)
VALUES
(33,1,49,NULL)
/
INSERT INTO folio_conf.field_priv
(FIELD_PRIV_ID,USER_GROUP_ID,FIELD_ID,FILTER_GROUP_ID)
VALUES
(34,1,50,NULL)
/
INSERT INTO folio_conf.field_priv
(FIELD_PRIV_ID,USER_GROUP_ID,FIELD_ID,FILTER_GROUP_ID)
VALUES
(35,1,51,NULL)
/
INSERT INTO folio_conf.field_priv
(FIELD_PRIV_ID,USER_GROUP_ID,FIELD_ID,FILTER_GROUP_ID)
VALUES
(36,1,52,NULL)
/
INSERT INTO folio_conf.field_priv
(FIELD_PRIV_ID,USER_GROUP_ID,FIELD_ID,FILTER_GROUP_ID)
VALUES
(37,1,53,NULL)
/
INSERT INTO folio_conf.field_priv
(FIELD_PRIV_ID,USER_GROUP_ID,FIELD_ID,FILTER_GROUP_ID)
VALUES
(38,1,54,NULL)
/
INSERT INTO folio_conf.field_priv
(FIELD_PRIV_ID,USER_GROUP_ID,FIELD_ID,FILTER_GROUP_ID)
VALUES
(39,1,55,NULL)
/
INSERT INTO folio_conf.field_priv
(FIELD_PRIV_ID,USER_GROUP_ID,FIELD_ID,FILTER_GROUP_ID)
VALUES
(40,1,56,NULL)
/
INSERT INTO folio_conf.field_priv
(FIELD_PRIV_ID,USER_GROUP_ID,FIELD_ID,FILTER_GROUP_ID)
VALUES
(41,1,58,NULL)
/
INSERT INTO folio_conf.field_priv
(FIELD_PRIV_ID,USER_GROUP_ID,FIELD_ID,FILTER_GROUP_ID)
VALUES
(42,1,59,NULL)
/
INSERT INTO folio_conf.field_priv
(FIELD_PRIV_ID,USER_GROUP_ID,FIELD_ID,FILTER_GROUP_ID)
VALUES
(43,1,60,NULL)
/
INSERT INTO folio_conf.field_priv
(FIELD_PRIV_ID,USER_GROUP_ID,FIELD_ID,FILTER_GROUP_ID)
VALUES
(44,1,61,NULL)
/
INSERT INTO folio_conf.field_priv
(FIELD_PRIV_ID,USER_GROUP_ID,FIELD_ID,FILTER_GROUP_ID)
VALUES
(45,1,62,NULL)
/
INSERT INTO folio_conf.field_priv
(FIELD_PRIV_ID,USER_GROUP_ID,FIELD_ID,FILTER_GROUP_ID)
VALUES
(46,1,63,NULL)
/
INSERT INTO folio_conf.field_priv
(FIELD_PRIV_ID,USER_GROUP_ID,FIELD_ID,FILTER_GROUP_ID)
VALUES
(47,1,64,NULL)
/
INSERT INTO folio_conf.field_priv
(FIELD_PRIV_ID,USER_GROUP_ID,FIELD_ID,FILTER_GROUP_ID)
VALUES
(48,1,65,NULL)
/
INSERT INTO folio_conf.field_priv
(FIELD_PRIV_ID,USER_GROUP_ID,FIELD_ID,FILTER_GROUP_ID)
VALUES
(49,1,66,NULL)
/
INSERT INTO folio_conf.field_priv
(FIELD_PRIV_ID,USER_GROUP_ID,FIELD_ID,FILTER_GROUP_ID)
VALUES
(50,1,67,NULL)
/
INSERT INTO folio_conf.field_priv
(FIELD_PRIV_ID,USER_GROUP_ID,FIELD_ID,FILTER_GROUP_ID)
VALUES
(51,1,68,NULL)
/
INSERT INTO folio_conf.field_priv
(FIELD_PRIV_ID,USER_GROUP_ID,FIELD_ID,FILTER_GROUP_ID)
VALUES
(52,1,69,NULL)
/
INSERT INTO folio_conf.field_priv
(FIELD_PRIV_ID,USER_GROUP_ID,FIELD_ID,FILTER_GROUP_ID)
VALUES
(53,1,70,NULL)
/
INSERT INTO folio_conf.field_priv
(FIELD_PRIV_ID,USER_GROUP_ID,FIELD_ID,FILTER_GROUP_ID)
VALUES
(54,1,71,NULL)
/
INSERT INTO folio_conf.field_priv
(FIELD_PRIV_ID,USER_GROUP_ID,FIELD_ID,FILTER_GROUP_ID)
VALUES
(55,1,72,NULL)
/
INSERT INTO folio_conf.field_priv
(FIELD_PRIV_ID,USER_GROUP_ID,FIELD_ID,FILTER_GROUP_ID)
VALUES
(56,1,73,NULL)
/
INSERT INTO folio_conf.field_priv
(FIELD_PRIV_ID,USER_GROUP_ID,FIELD_ID,FILTER_GROUP_ID)
VALUES
(57,1,74,NULL)
/
INSERT INTO folio_conf.field_priv
(FIELD_PRIV_ID,USER_GROUP_ID,FIELD_ID,FILTER_GROUP_ID)
VALUES
(58,1,75,NULL)
/
INSERT INTO folio_conf.field_priv
(FIELD_PRIV_ID,USER_GROUP_ID,FIELD_ID,FILTER_GROUP_ID)
VALUES
(59,1,78,NULL)
/
INSERT INTO folio_conf.field_priv
(FIELD_PRIV_ID,USER_GROUP_ID,FIELD_ID,FILTER_GROUP_ID)
VALUES
(60,1,79,NULL)
/
INSERT INTO folio_conf.field_priv
(FIELD_PRIV_ID,USER_GROUP_ID,FIELD_ID,FILTER_GROUP_ID)
VALUES
(61,1,80,NULL)
/
INSERT INTO folio_conf.field_priv
(FIELD_PRIV_ID,USER_GROUP_ID,FIELD_ID,FILTER_GROUP_ID)
VALUES
(62,1,81,NULL)
/
INSERT INTO folio_conf.field_priv
(FIELD_PRIV_ID,USER_GROUP_ID,FIELD_ID,FILTER_GROUP_ID)
VALUES
(118,1,141,NULL)
/
INSERT INTO folio_conf.field_priv
(FIELD_PRIV_ID,USER_GROUP_ID,FIELD_ID,FILTER_GROUP_ID)
VALUES
(119,1,142,NULL)
/
INSERT INTO folio_conf.field_priv
(FIELD_PRIV_ID,USER_GROUP_ID,FIELD_ID,FILTER_GROUP_ID)
VALUES
(325,1,386,NULL)
/
INSERT INTO folio_conf.field_priv
(FIELD_PRIV_ID,USER_GROUP_ID,FIELD_ID,FILTER_GROUP_ID)
VALUES
(327,8,3,1)
/
INSERT INTO folio_conf.field_priv
(FIELD_PRIV_ID,USER_GROUP_ID,FIELD_ID,FILTER_GROUP_ID)
VALUES
(329,8,15,1)
/
INSERT INTO folio_conf.field_priv
(FIELD_PRIV_ID,USER_GROUP_ID,FIELD_ID,FILTER_GROUP_ID)
VALUES
(331,8,16,1)
/
INSERT INTO folio_conf.field_priv
(FIELD_PRIV_ID,USER_GROUP_ID,FIELD_ID,FILTER_GROUP_ID)
VALUES
(333,8,19,1)
/
INSERT INTO folio_conf.field_priv
(FIELD_PRIV_ID,USER_GROUP_ID,FIELD_ID,FILTER_GROUP_ID)
VALUES
(335,8,20,1)
/
INSERT INTO folio_conf.field_priv
(FIELD_PRIV_ID,USER_GROUP_ID,FIELD_ID,FILTER_GROUP_ID)
VALUES
(337,8,22,1)
/
INSERT INTO folio_conf.field_priv
(FIELD_PRIV_ID,USER_GROUP_ID,FIELD_ID,FILTER_GROUP_ID)
VALUES
(339,8,23,1)
/
INSERT INTO folio_conf.field_priv
(FIELD_PRIV_ID,USER_GROUP_ID,FIELD_ID,FILTER_GROUP_ID)
VALUES
(341,8,24,1)
/
INSERT INTO folio_conf.field_priv
(FIELD_PRIV_ID,USER_GROUP_ID,FIELD_ID,FILTER_GROUP_ID)
VALUES
(343,8,25,1)
/
INSERT INTO folio_conf.field_priv
(FIELD_PRIV_ID,USER_GROUP_ID,FIELD_ID,FILTER_GROUP_ID)
VALUES
(345,8,26,1)
/
INSERT INTO folio_conf.field_priv
(FIELD_PRIV_ID,USER_GROUP_ID,FIELD_ID,FILTER_GROUP_ID)
VALUES
(347,8,27,1)
/
INSERT INTO folio_conf.field_priv
(FIELD_PRIV_ID,USER_GROUP_ID,FIELD_ID,FILTER_GROUP_ID)
VALUES
(349,8,28,1)
/
INSERT INTO folio_conf.field_priv
(FIELD_PRIV_ID,USER_GROUP_ID,FIELD_ID,FILTER_GROUP_ID)
VALUES
(351,8,29,1)
/
INSERT INTO folio_conf.field_priv
(FIELD_PRIV_ID,USER_GROUP_ID,FIELD_ID,FILTER_GROUP_ID)
VALUES
(353,8,30,1)
/
INSERT INTO folio_conf.field_priv
(FIELD_PRIV_ID,USER_GROUP_ID,FIELD_ID,FILTER_GROUP_ID)
VALUES
(355,8,46,1)
/
INSERT INTO folio_conf.field_priv
(FIELD_PRIV_ID,USER_GROUP_ID,FIELD_ID,FILTER_GROUP_ID)
VALUES
(357,8,47,1)
/
INSERT INTO folio_conf.field_priv
(FIELD_PRIV_ID,USER_GROUP_ID,FIELD_ID,FILTER_GROUP_ID)
VALUES
(359,8,48,1)
/
INSERT INTO folio_conf.field_priv
(FIELD_PRIV_ID,USER_GROUP_ID,FIELD_ID,FILTER_GROUP_ID)
VALUES
(361,8,49,1)
/
INSERT INTO folio_conf.field_priv
(FIELD_PRIV_ID,USER_GROUP_ID,FIELD_ID,FILTER_GROUP_ID)
VALUES
(363,8,50,1)
/
INSERT INTO folio_conf.field_priv
(FIELD_PRIV_ID,USER_GROUP_ID,FIELD_ID,FILTER_GROUP_ID)
VALUES
(365,8,51,1)
/
INSERT INTO folio_conf.field_priv
(FIELD_PRIV_ID,USER_GROUP_ID,FIELD_ID,FILTER_GROUP_ID)
VALUES
(367,8,54,1)
/
INSERT INTO folio_conf.field_priv
(FIELD_PRIV_ID,USER_GROUP_ID,FIELD_ID,FILTER_GROUP_ID)
VALUES
(369,8,55,1)
/
INSERT INTO folio_conf.field_priv
(FIELD_PRIV_ID,USER_GROUP_ID,FIELD_ID,FILTER_GROUP_ID)
VALUES
(371,8,56,1)
/
INSERT INTO folio_conf.field_priv
(FIELD_PRIV_ID,USER_GROUP_ID,FIELD_ID,FILTER_GROUP_ID)
VALUES
(373,8,58,1)
/
INSERT INTO folio_conf.field_priv
(FIELD_PRIV_ID,USER_GROUP_ID,FIELD_ID,FILTER_GROUP_ID)
VALUES
(375,8,59,1)
/
INSERT INTO folio_conf.field_priv
(FIELD_PRIV_ID,USER_GROUP_ID,FIELD_ID,FILTER_GROUP_ID)
VALUES
(377,8,60,1)
/
INSERT INTO folio_conf.field_priv
(FIELD_PRIV_ID,USER_GROUP_ID,FIELD_ID,FILTER_GROUP_ID)
VALUES
(379,8,78,1)
/
INSERT INTO folio_conf.field_priv
(FIELD_PRIV_ID,USER_GROUP_ID,FIELD_ID,FILTER_GROUP_ID)
VALUES
(381,8,79,1)
/
INSERT INTO folio_conf.field_priv
(FIELD_PRIV_ID,USER_GROUP_ID,FIELD_ID,FILTER_GROUP_ID)
VALUES
(383,8,80,1)
/
INSERT INTO folio_conf.field_priv
(FIELD_PRIV_ID,USER_GROUP_ID,FIELD_ID,FILTER_GROUP_ID)
VALUES
(385,8,101,1)
/
INSERT INTO folio_conf.field_priv
(FIELD_PRIV_ID,USER_GROUP_ID,FIELD_ID,FILTER_GROUP_ID)
VALUES
(387,8,102,1)
/
INSERT INTO folio_conf.field_priv
(FIELD_PRIV_ID,USER_GROUP_ID,FIELD_ID,FILTER_GROUP_ID)
VALUES
(389,8,103,1)
/
INSERT INTO folio_conf.field_priv
(FIELD_PRIV_ID,USER_GROUP_ID,FIELD_ID,FILTER_GROUP_ID)
VALUES
(391,8,142,1)
/
INSERT INTO folio_conf.field_priv
(FIELD_PRIV_ID,USER_GROUP_ID,FIELD_ID,FILTER_GROUP_ID)
VALUES
(393,8,181,1)
/
INSERT INTO folio_conf.field_priv
(FIELD_PRIV_ID,USER_GROUP_ID,FIELD_ID,FILTER_GROUP_ID)
VALUES
(395,8,182,1)
/
INSERT INTO folio_conf.field_priv
(FIELD_PRIV_ID,USER_GROUP_ID,FIELD_ID,FILTER_GROUP_ID)
VALUES
(397,8,222,1)
/
INSERT INTO folio_conf.field_priv
(FIELD_PRIV_ID,USER_GROUP_ID,FIELD_ID,FILTER_GROUP_ID)
VALUES
(399,8,281,1)
/
INSERT INTO folio_conf.field_priv
(FIELD_PRIV_ID,USER_GROUP_ID,FIELD_ID,FILTER_GROUP_ID)
VALUES
(401,1,388,NULL)
/
INSERT INTO folio_conf.field_priv
(FIELD_PRIV_ID,USER_GROUP_ID,FIELD_ID,FILTER_GROUP_ID)
VALUES
(403,1,390,NULL)
/
INSERT INTO folio_conf.field_priv
(FIELD_PRIV_ID,USER_GROUP_ID,FIELD_ID,FILTER_GROUP_ID)
VALUES
(405,1,392,NULL)
/
INSERT INTO folio_conf.field_priv
(FIELD_PRIV_ID,USER_GROUP_ID,FIELD_ID,FILTER_GROUP_ID)
VALUES
(407,1,394,NULL)
/
INSERT INTO folio_conf.field_priv
(FIELD_PRIV_ID,USER_GROUP_ID,FIELD_ID,FILTER_GROUP_ID)
VALUES
(409,1,396,NULL)
/
INSERT INTO folio_conf.field_priv
(FIELD_PRIV_ID,USER_GROUP_ID,FIELD_ID,FILTER_GROUP_ID)
VALUES
(411,1,398,NULL)
/
INSERT INTO folio_conf.field_priv
(FIELD_PRIV_ID,USER_GROUP_ID,FIELD_ID,FILTER_GROUP_ID)
VALUES
(413,1,400,NULL)
/
INSERT INTO folio_conf.field_priv
(FIELD_PRIV_ID,USER_GROUP_ID,FIELD_ID,FILTER_GROUP_ID)
VALUES
(415,1,402,NULL)
/
INSERT INTO folio_conf.field_priv
(FIELD_PRIV_ID,USER_GROUP_ID,FIELD_ID,FILTER_GROUP_ID)
VALUES
(417,1,404,NULL)
/
INSERT INTO folio_conf.field_priv
(FIELD_PRIV_ID,USER_GROUP_ID,FIELD_ID,FILTER_GROUP_ID)
VALUES
(419,1,406,NULL)
/
INSERT INTO folio_conf.field_priv
(FIELD_PRIV_ID,USER_GROUP_ID,FIELD_ID,FILTER_GROUP_ID)
VALUES
(421,1,409,NULL)
/
INSERT INTO folio_conf.field_priv
(FIELD_PRIV_ID,USER_GROUP_ID,FIELD_ID,FILTER_GROUP_ID)
VALUES
(422,1,413,NULL)
/
INSERT INTO folio_conf.field_priv
(FIELD_PRIV_ID,USER_GROUP_ID,FIELD_ID,FILTER_GROUP_ID)
VALUES
(423,1,410,NULL)
/
INSERT INTO folio_conf.field_priv
(FIELD_PRIV_ID,USER_GROUP_ID,FIELD_ID,FILTER_GROUP_ID)
VALUES
(424,1,411,NULL)
/
INSERT INTO folio_conf.field_priv
(FIELD_PRIV_ID,USER_GROUP_ID,FIELD_ID,FILTER_GROUP_ID)
VALUES
(425,1,408,NULL)
/
INSERT INTO folio_conf.field_priv
(FIELD_PRIV_ID,USER_GROUP_ID,FIELD_ID,FILTER_GROUP_ID)
VALUES
(426,1,412,NULL)
/
INSERT INTO folio_conf.field_priv
(FIELD_PRIV_ID,USER_GROUP_ID,FIELD_ID,FILTER_GROUP_ID)
VALUES
(427,1,414,NULL)
/

COMMIT;
