--Combined All 
--SEQUENCES
CREATE SEQUENCE FOLIO_CONF.SEQ_FOLIO_FILTER_GROUP_ID
   START WITH       1
   INCREMENT BY     1
   MINVALUE         1
   NOMAXVALUE
   CACHE            20
   NOCYCLE
   NOORDER
; 
CREATE SEQUENCE FOLIO_CONF.SEQ_FOLIO_FILTER_ID
   START WITH       1
   INCREMENT BY     1
   MINVALUE         1
   NOMAXVALUE
   CACHE            20
   NOCYCLE
   NOORDER
; 
CREATE SEQUENCE FOLIO_CONF.SEQ_FOLIO_PILLAR_ID
   START WITH       1
   INCREMENT BY     1
   MINVALUE         1
   NOMAXVALUE
   CACHE            20
   NOCYCLE
   NOORDER
; 
CREATE SEQUENCE FOLIO_CONF.SEQ_FOLIO_ID
   START WITH       1
   INCREMENT BY     1
   MINVALUE         1
   NOMAXVALUE
   CACHE            20
   NOCYCLE
   NOORDER
; 
CREATE SEQUENCE FOLIO_CONF.SEQ_FIELD_CATEGORY_ID
   START WITH       41
   INCREMENT BY     1
   MINVALUE         1
   NOMAXVALUE
   CACHE            20
   NOCYCLE
   NOORDER
; 
CREATE SEQUENCE FOLIO_CONF.SEQ_FIELD_PRIV_ID
   START WITH       341
   INCREMENT BY     1
   MINVALUE         1
   NOMAXVALUE
   CACHE            20
   NOCYCLE
   NOORDER
; 
CREATE SEQUENCE FOLIO_CONF.SEQ_FIELD_ID
   START WITH       381
   INCREMENT BY     1
   MINVALUE         1
   NOMAXVALUE
   CACHE            20
   NOCYCLE
   NOORDER
; 
CREATE SEQUENCE FOLIO_CONF.SEQ_JOIN_FILTER_ID
   START WITH       81
   INCREMENT BY     1
   MINVALUE         1
   NOMAXVALUE
   CACHE            20
   NOCYCLE
   NOORDER
; 

--TABLES 
CREATE TABLE FOLIO_CONF.FILTER_OPERATOR
(
    filter_operator_id              NUMBER                          NOT NULL
  , operator_name                   VARCHAR2 (50)                   NOT NULL
  , operator_desc            VARCHAR2 (4000)                 
  , operator_pattern                VARCHAR2 (100)                  NOT NULL
  , sql_types                       VARCHAR2 (100)                  
  ,  created_by                     VARCHAR2(30),
    created_ts                     DATE,
    last_updated_by                VARCHAR2(30),
    last_updated_ts                DATE
)
; 

CREATE OR REPLACE TRIGGER FOLIO_CONF.TRBI_FILTER_OPERATOR
 BEFORE INSERT
 ON FOLIO_CONF.FILTER_OPERATOR
REFERENCING NEW AS NEW OLD AS OLD
 FOR EACH ROW
BEGIN
    SELECT 
        --NVL(:NEW.FILTER_OPERATOR_ID, SEQ_FILTER_OPERATOR_ID.NEXTVAL),
        SYSDATE,
        USER,
        SYSDATE,
        USER
      INTO
        --:NEW.FILTER_OPERATOR_ID,
        :NEW.CREATED_TS,
        :NEW.CREATED_BY,
        :NEW.LAST_UPDATED_TS,
        :NEW.LAST_UPDATED_BY
      FROM DUAL;
END;
/

CREATE OR REPLACE TRIGGER FOLIO_CONF.TRBU_FILTER_OPERATOR
 BEFORE
  UPDATE
 ON FOLIO_CONF.FILTER_OPERATOR
REFERENCING NEW AS NEW OLD AS OLD
 FOR EACH ROW
BEGIN
    SELECT
        :OLD.CREATED_BY,
        :OLD.CREATED_TS,
        SYSDATE,
        USER
      INTO
        :NEW.CREATED_BY,
        :NEW.CREATED_TS,
        :NEW.LAST_UPDATED_TS,
        :NEW.LAST_UPDATED_BY
      FROM DUAL;
END;
/

CREATE TABLE FOLIO_CONF.folio
(
    folio_id                        NUMBER                          NOT NULL
  , folio_name						VARCHAR2 (100)					NOT NULL
  , folio_title                           VARCHAR2 (100)                  
  , folio_subtitle                        VARCHAR2 (250)                  
  , default_output_type_id          NUMBER                          DEFAULT 22    NOT NULL
  , owner_user_id                   NUMBER
  ,  created_by                     VARCHAR2(30),
    created_ts                     DATE,
    last_updated_by                VARCHAR2(30),
    last_updated_ts                DATE
)
; 

CREATE OR REPLACE TRIGGER FOLIO_CONF.TRBI_FOLIO
 BEFORE INSERT
 ON FOLIO_CONF.FOLIO
REFERENCING NEW AS NEW OLD AS OLD
 FOR EACH ROW
BEGIN
    SELECT 
        NVL(:NEW.FOLIO_ID, SEQ_FOLIO_ID.NEXTVAL),
        SYSDATE,
        USER,
        SYSDATE,
        USER
      INTO
        :NEW.FOLIO_ID,
        :NEW.CREATED_TS,
        :NEW.CREATED_BY,
        :NEW.LAST_UPDATED_TS,
        :NEW.LAST_UPDATED_BY
      FROM DUAL;
END;
/

CREATE OR REPLACE TRIGGER FOLIO_CONF.TRBU_FOLIO
 BEFORE
  UPDATE
 ON FOLIO_CONF.FOLIO
REFERENCING NEW AS NEW OLD AS OLD
 FOR EACH ROW
BEGIN
    SELECT
        :OLD.CREATED_BY,
        :OLD.CREATED_TS,
        SYSDATE,
        USER
      INTO
        :NEW.CREATED_BY,
        :NEW.CREATED_TS,
        :NEW.LAST_UPDATED_TS,
        :NEW.LAST_UPDATED_BY
      FROM DUAL;
END;
/


CREATE TABLE FOLIO_CONF.FOLIO_FILTER
(
    folio_filter_id                 NUMBER                          NOT NULL
  , folio_id                        NUMBER                          NOT NULL
  , field_id                        NUMBER                          NOT NULL
  , filter_operator_id              NUMBER                          NOT NULL
  , filter_group_id                 NUMBER                          
  ,  created_by                     VARCHAR2(30),
    created_ts                     DATE,
    last_updated_by                VARCHAR2(30),
    last_updated_ts                DATE
)
; 
CREATE OR REPLACE TRIGGER FOLIO_CONF.TRBI_FOLIO_FILTER
 BEFORE INSERT
 ON FOLIO_CONF.FOLIO_FILTER
REFERENCING NEW AS NEW OLD AS OLD
 FOR EACH ROW
BEGIN
    SELECT 
        NVL(:NEW.FOLIO_FILTER_ID, SEQ_FOLIO_FILTER_ID.NEXTVAL),
        SYSDATE,
        USER,
        SYSDATE,
        USER
      INTO
        :NEW.FOLIO_FILTER_ID,
        :NEW.CREATED_TS,
        :NEW.CREATED_BY,
        :NEW.LAST_UPDATED_TS,
        :NEW.LAST_UPDATED_BY
      FROM DUAL;
END;
/

CREATE OR REPLACE TRIGGER FOLIO_CONF.TRBU_FOLIO_FILTER
 BEFORE
  UPDATE
 ON FOLIO_CONF.FOLIO_FILTER
REFERENCING NEW AS NEW OLD AS OLD
 FOR EACH ROW
BEGIN
    SELECT
        :OLD.CREATED_BY,
        :OLD.CREATED_TS,
        SYSDATE,
        USER
      INTO
        :NEW.CREATED_BY,
        :NEW.CREATED_TS,
        :NEW.LAST_UPDATED_TS,
        :NEW.LAST_UPDATED_BY
      FROM DUAL;
END;
/
CREATE TABLE FOLIO_CONF.FOLIO_FILTER_GROUP
(
    folio_filter_group_id           NUMBER                          NOT NULL
  , folio_id                        NUMBER                          NOT NULL
  , separator                       VARCHAR2 (50)                   NOT NULL
  , parent_group_id                 NUMBER                          
  ,  created_by                     VARCHAR2(30),
    created_ts                     DATE,
    last_updated_by                VARCHAR2(30),
    last_updated_ts                DATE
)
; 
CREATE OR REPLACE TRIGGER FOLIO_CONF.TRBI_FOLIO_FILTER_GROUP
 BEFORE INSERT
 ON FOLIO_CONF.FOLIO_FILTER_GROUP
REFERENCING NEW AS NEW OLD AS OLD
 FOR EACH ROW
BEGIN
    SELECT 
        NVL(:NEW.FOLIO_FILTER_GROUP_ID, SEQ_FOLIO_FILTER_GROUP_ID.NEXTVAL),
        SYSDATE,
        USER,
        SYSDATE,
        USER
      INTO
        :NEW.FOLIO_FILTER_GROUP_ID,
        :NEW.CREATED_TS,
        :NEW.CREATED_BY,
        :NEW.LAST_UPDATED_TS,
        :NEW.LAST_UPDATED_BY
      FROM DUAL;
END;
/

CREATE OR REPLACE TRIGGER FOLIO_CONF.TRBU_FOLIO_FILTER_GROUP
 BEFORE
  UPDATE
 ON FOLIO_CONF.FOLIO_FILTER_GROUP
REFERENCING NEW AS NEW OLD AS OLD
 FOR EACH ROW
BEGIN
    SELECT
        :OLD.CREATED_BY,
        :OLD.CREATED_TS,
        SYSDATE,
        USER
      INTO
        :NEW.CREATED_BY,
        :NEW.CREATED_TS,
        :NEW.LAST_UPDATED_TS,
        :NEW.LAST_UPDATED_BY
      FROM DUAL;
END;
/
CREATE TABLE FOLIO_CONF.FOLIO_FILTER_PARAM
(
    folio_filter_id                 NUMBER                          NOT NULL
  , param_index                     NUMBER                          NOT NULL
  , param_name                      VARCHAR2 (50)                   
  , param_prompt                    VARCHAR2 (1000)                 
  , param_value                     VARCHAR2 (1000)                 
  , param_label                     VARCHAR2 (250)                  
  , param_sql_type                  VARCHAR2 (50)                   NOT NULL
  ,  created_by                     VARCHAR2(30),
    created_ts                     DATE,
    last_updated_by                VARCHAR2(30),
    last_updated_ts                DATE
)
; 
CREATE OR REPLACE TRIGGER FOLIO_CONF.TRBI_FOLIO_FILTER_PARAM
 BEFORE INSERT
 ON FOLIO_CONF.FOLIO_FILTER_PARAM
REFERENCING NEW AS NEW OLD AS OLD
 FOR EACH ROW
BEGIN
    SELECT 
        SYSDATE,
        USER,
        SYSDATE,
        USER
      INTO
        :NEW.CREATED_TS,
        :NEW.CREATED_BY,
        :NEW.LAST_UPDATED_TS,
        :NEW.LAST_UPDATED_BY
      FROM DUAL;
END;
/

CREATE OR REPLACE TRIGGER FOLIO_CONF.TRBU_FOLIO_FILTER_PARAM
 BEFORE
  UPDATE
 ON FOLIO_CONF.FOLIO_FILTER_PARAM
REFERENCING NEW AS NEW OLD AS OLD
 FOR EACH ROW
BEGIN
    SELECT
        :OLD.CREATED_BY,
        :OLD.CREATED_TS,
        SYSDATE,
        USER
      INTO
        :NEW.CREATED_BY,
        :NEW.CREATED_TS,
        :NEW.LAST_UPDATED_TS,
        :NEW.LAST_UPDATED_BY
      FROM DUAL;
END;
/
CREATE TABLE FOLIO_CONF.FOLIO_PILLAR
(
    folio_pillar_id                 NUMBER                          NOT NULL
  , folio_id                        NUMBER                          NOT NULL
  , pillar_index                    NUMBER                          NOT NULL
  , pillar_type_id                  NUMBER                          NOT NULL
  , pillar_label                           VARCHAR2 (100)                  
  , pillar_desc                     VARCHAR2 (2000)                 
  , display_format                  VARCHAR2 (2000)                 
  , action_format                   VARCHAR2 (2000)                 
  , help_format                     VARCHAR2 (2000)                 
  , sort_format                     VARCHAR2 (2000)                 
  , css_style                       VARCHAR2 (2000)                 
  , grouping_level                  NUMBER   (2)                    DEFAULT 0  NOT NULL
  , style_format                    VARCHAR2 (2000)                 
  , sort_type                       VARCHAR2 (20)                   
  ,  created_by                     VARCHAR2(30),
    created_ts                     DATE,
    last_updated_by                VARCHAR2(30),
    last_updated_ts                DATE
)
; 
CREATE OR REPLACE TRIGGER FOLIO_CONF.TRBI_FOLIO_PILLAR
 BEFORE INSERT
 ON FOLIO_CONF.FOLIO_PILLAR
REFERENCING NEW AS NEW OLD AS OLD
 FOR EACH ROW
BEGIN
    SELECT 
        NVL(:NEW.FOLIO_PILLAR_ID, SEQ_FOLIO_PILLAR_ID.NEXTVAL),
        SYSDATE,
        USER,
        SYSDATE,
        USER
      INTO
        :NEW.FOLIO_PILLAR_ID,
        :NEW.CREATED_TS,
        :NEW.CREATED_BY,
        :NEW.LAST_UPDATED_TS,
        :NEW.LAST_UPDATED_BY
      FROM DUAL;
END;
/

CREATE OR REPLACE TRIGGER FOLIO_CONF.TRBU_FOLIO_PILLAR
 BEFORE
  UPDATE
 ON FOLIO_CONF.FOLIO_PILLAR
REFERENCING NEW AS NEW OLD AS OLD
 FOR EACH ROW
BEGIN
    SELECT
        :OLD.CREATED_BY,
        :OLD.CREATED_TS,
        SYSDATE,
        USER
      INTO
        :NEW.CREATED_BY,
        :NEW.CREATED_TS,
        :NEW.LAST_UPDATED_TS,
        :NEW.LAST_UPDATED_BY
      FROM DUAL;
END;
/
CREATE TABLE FOLIO_CONF.FOLIO_PILLAR_FIELD
(
    folio_pillar_id                 NUMBER                          NOT NULL
  , field_id                   NUMBER                          NOT NULL
  , sort_order                      VARCHAR2 (5)                    
  , aggregate_type_id               NUMBER                          
  ,  created_by                     VARCHAR2(30),
    created_ts                     DATE,
    last_updated_by                VARCHAR2(30),
    last_updated_ts                DATE
)
; 
CREATE OR REPLACE TRIGGER FOLIO_CONF.TRBI_FOLIO_PILLAR_FIELD
 BEFORE INSERT
 ON FOLIO_CONF.FOLIO_PILLAR_FIELD
REFERENCING NEW AS NEW OLD AS OLD
 FOR EACH ROW
BEGIN
    SELECT 
        SYSDATE,
        USER,
        SYSDATE,
        USER
      INTO
        :NEW.CREATED_TS,
        :NEW.CREATED_BY,
        :NEW.LAST_UPDATED_TS,
        :NEW.LAST_UPDATED_BY
      FROM DUAL;
END;
/

CREATE OR REPLACE TRIGGER FOLIO_CONF.TRBU_FOLIO_PILLAR_FIELD
 BEFORE
  UPDATE
 ON FOLIO_CONF.FOLIO_PILLAR_FIELD
REFERENCING NEW AS NEW OLD AS OLD
 FOR EACH ROW
BEGIN
    SELECT
        :OLD.CREATED_BY,
        :OLD.CREATED_TS,
        SYSDATE,
        USER
      INTO
        :NEW.CREATED_BY,
        :NEW.CREATED_TS,
        :NEW.LAST_UPDATED_TS,
        :NEW.LAST_UPDATED_BY
      FROM DUAL;
END;
/
CREATE TABLE FOLIO_CONF.OUTPUT_TYPE
(
    output_type_id                  NUMBER                          NOT NULL
  , output_type_label               VARCHAR2 (100)                  NOT NULL
  , output_type_category            VARCHAR2 (100)                  NOT NULL
  , output_type_key                 VARCHAR2 (255)                  
  , content_type                    VARCHAR2 (100)                  
  ,  created_by                     VARCHAR2(30),
    created_ts                     DATE,
    last_updated_by                VARCHAR2(30),
    last_updated_ts                DATE
)
; 
CREATE OR REPLACE TRIGGER FOLIO_CONF.TRBI_OUTPUT_TYPE
 BEFORE INSERT
 ON FOLIO_CONF.OUTPUT_TYPE
REFERENCING NEW AS NEW OLD AS OLD
 FOR EACH ROW
BEGIN
    SELECT 
        --NVL(:NEW.OUTPUT_TYPE_ID, SEQ_OUTPUT_TYPE_ID.NEXTVAL),
        SYSDATE,
        USER,
        SYSDATE,
        USER
      INTO
        --:NEW.OUTPUT_TYPE_ID,
        :NEW.CREATED_TS,
        :NEW.CREATED_BY,
        :NEW.LAST_UPDATED_TS,
        :NEW.LAST_UPDATED_BY
      FROM DUAL;
END;
/

CREATE OR REPLACE TRIGGER FOLIO_CONF.TRBU_OUTPUT_TYPE
 BEFORE
  UPDATE
 ON FOLIO_CONF.OUTPUT_TYPE
REFERENCING NEW AS NEW OLD AS OLD
 FOR EACH ROW
BEGIN
    SELECT
        :OLD.CREATED_BY,
        :OLD.CREATED_TS,
        SYSDATE,
        USER
      INTO
        :NEW.CREATED_BY,
        :NEW.CREATED_TS,
        :NEW.LAST_UPDATED_TS,
        :NEW.LAST_UPDATED_BY
      FROM DUAL;
END;
/
CREATE TABLE FOLIO_CONF.FIELD_CATEGORY
(
    FIELD_category_id                NUMBER                          NOT NULL
  , FIELD_category_label             VARCHAR2 (100)                  NOT NULL
  , FIELD_category_desc              VARCHAR2 (4000)                 
  , parent_FIELD_category_id         NUMBER                          
  ,  created_by                     VARCHAR2(30),
    created_ts                     DATE,
    last_updated_by                VARCHAR2(30),
    last_updated_ts                DATE
)
; 
CREATE OR REPLACE TRIGGER FOLIO_CONF.TRBI_FIELD_CATEGORY
 BEFORE INSERT
 ON FOLIO_CONF.FIELD_CATEGORY
REFERENCING NEW AS NEW OLD AS OLD
 FOR EACH ROW
BEGIN
    SELECT 
        NVL(:NEW.FIELD_CATEGORY_ID, SEQ_FIELD_CATEGORY_ID.NEXTVAL),
        SYSDATE,
        USER,
        SYSDATE,
        USER
      INTO
        :NEW.FIELD_CATEGORY_ID,
        :NEW.CREATED_TS,
        :NEW.CREATED_BY,
        :NEW.LAST_UPDATED_TS,
        :NEW.LAST_UPDATED_BY
      FROM DUAL;
END;
/

CREATE OR REPLACE TRIGGER FOLIO_CONF.TRBU_FIELD_CATEGORY
 BEFORE
  UPDATE
 ON FOLIO_CONF.FIELD_CATEGORY
REFERENCING NEW AS NEW OLD AS OLD
 FOR EACH ROW
BEGIN
    SELECT
        :OLD.CREATED_BY,
        :OLD.CREATED_TS,
        SYSDATE,
        USER
      INTO
        :NEW.CREATED_BY,
        :NEW.CREATED_TS,
        :NEW.LAST_UPDATED_TS,
        :NEW.LAST_UPDATED_BY
      FROM DUAL;
END;
/
CREATE TABLE FOLIO_CONF.FIELD
(
    field_id                   NUMBER                          NOT NULL
  , field_label                VARCHAR2 (100)                  NOT NULL
  , field_desc                 VARCHAR2 (4000)                 
  , display_expression                 VARCHAR2 (4000)                 NOT NULL
  , sort_expression                 VARCHAR2 (4000)                 NOT NULL
  , display_format                     VARCHAR2 (2000)                 
  , display_sql_type                   VARCHAR2 (50)                   NOT NULL
  , sort_sql_type                   VARCHAR2 (50)                   NOT NULL
  , importance                      NUMBER   (2)                    DEFAULT 50  NOT NULL
  , field_category_id                NUMBER                          
  ,  created_by                     VARCHAR2(30),
    created_ts                     DATE,
    last_updated_by                VARCHAR2(30),
    last_updated_ts                DATE
)
; 
CREATE OR REPLACE TRIGGER FOLIO_CONF.TRBI_FIELD
 BEFORE INSERT
 ON FOLIO_CONF.FIELD
REFERENCING NEW AS NEW OLD AS OLD
 FOR EACH ROW
BEGIN
    SELECT 
        NVL(:NEW.FIELD_ID, SEQ_FIELD_ID.NEXTVAL),
        SYSDATE,
        USER,
        SYSDATE,
        USER
      INTO
        :NEW.FIELD_ID,
        :NEW.CREATED_TS,
        :NEW.CREATED_BY,
        :NEW.LAST_UPDATED_TS,
        :NEW.LAST_UPDATED_BY
      FROM DUAL;
END;
/

CREATE OR REPLACE TRIGGER FOLIO_CONF.TRBU_FIELD
 BEFORE
  UPDATE
 ON FOLIO_CONF.FIELD
REFERENCING NEW AS NEW OLD AS OLD
 FOR EACH ROW
BEGIN
    SELECT
        :OLD.CREATED_BY,
        :OLD.CREATED_TS,
        SYSDATE,
        USER
      INTO
        :NEW.CREATED_BY,
        :NEW.CREATED_TS,
        :NEW.LAST_UPDATED_TS,
        :NEW.LAST_UPDATED_BY
      FROM DUAL;
END;
/
CREATE TABLE FOLIO_CONF.FIELD_PRIV
(
    field_priv_id              NUMBER                          NOT NULL
  , user_group_id                   NUMBER                          NOT NULL
  , field_id                   NUMBER                          NOT NULL
  , filter_field_id                 NUMBER                          
  , filter_operator_id              NUMBER                          
  , filter_param_name               VARCHAR2 (250)                  
  , filter_param_value              VARCHAR2 (4000)                 
  , filter_group_cd                 VARCHAR2 (100)                  
  ,  created_by                     VARCHAR2(30),
    created_ts                     DATE,
    last_updated_by                VARCHAR2(30),
    last_updated_ts                DATE
)
; 
CREATE OR REPLACE TRIGGER FOLIO_CONF.TRBI_FIELD_PRIV
 BEFORE INSERT
 ON FOLIO_CONF.FIELD_PRIV
REFERENCING NEW AS NEW OLD AS OLD
 FOR EACH ROW
BEGIN
    SELECT 
        NVL(:NEW.FIELD_PRIV_ID, SEQ_FIELD_PRIV_ID.NEXTVAL),
        SYSDATE,
        USER,
        SYSDATE,
        USER
      INTO
        :NEW.FIELD_PRIV_ID,
        :NEW.CREATED_TS,
        :NEW.CREATED_BY,
        :NEW.LAST_UPDATED_TS,
        :NEW.LAST_UPDATED_BY
      FROM DUAL;
END;
/

CREATE OR REPLACE TRIGGER FOLIO_CONF.TRBU_FIELD_PRIV
 BEFORE
  UPDATE
 ON FOLIO_CONF.FIELD_PRIV
REFERENCING NEW AS NEW OLD AS OLD
 FOR EACH ROW
BEGIN
    SELECT
        :OLD.CREATED_BY,
        :OLD.CREATED_TS,
        SYSDATE,
        USER
      INTO
        :NEW.CREATED_BY,
        :NEW.CREATED_TS,
        :NEW.LAST_UPDATED_TS,
        :NEW.LAST_UPDATED_BY
      FROM DUAL;
END;
/
CREATE TABLE FOLIO_CONF.JOIN_FILTER
(
    JOIN_FILTER_id                    NUMBER                          NOT NULL
  , from_table                      VARCHAR2 (100)                  NOT NULL
  , to_table                        VARCHAR2 (100)                  
  , join_expression                 VARCHAR2 (4000)                 NOT NULL
  ,  created_by                     VARCHAR2(30),
    created_ts                     DATE,
    last_updated_by                VARCHAR2(30),
    last_updated_ts                DATE
)
; 
CREATE OR REPLACE TRIGGER FOLIO_CONF.TRBI_JOIN_FILTER
 BEFORE INSERT
 ON FOLIO_CONF.JOIN_FILTER
REFERENCING NEW AS NEW OLD AS OLD
 FOR EACH ROW
BEGIN
    SELECT 
        NVL(:NEW.JOIN_FILTER_ID, SEQ_JOIN_FILTER_ID.NEXTVAL),
        SYSDATE,
        USER,
        SYSDATE,
        USER
      INTO
        :NEW.JOIN_FILTER_ID,
        :NEW.CREATED_TS,
        :NEW.CREATED_BY,
        :NEW.LAST_UPDATED_TS,
        :NEW.LAST_UPDATED_BY
      FROM DUAL;
END;
/

CREATE OR REPLACE TRIGGER FOLIO_CONF.TRBU_JOIN_FILTER
 BEFORE
  UPDATE
 ON FOLIO_CONF.JOIN_FILTER
REFERENCING NEW AS NEW OLD AS OLD
 FOR EACH ROW
BEGIN
    SELECT
        :OLD.CREATED_BY,
        :OLD.CREATED_TS,
        SYSDATE,
        USER
      INTO
        :NEW.CREATED_BY,
        :NEW.CREATED_TS,
        :NEW.LAST_UPDATED_TS,
        :NEW.LAST_UPDATED_BY
      FROM DUAL;
END;
/
/*
CREATE TABLE FOLIO_CONF.user_group
(
    user_group_id                   NUMBER                          NOT NULL
  , sql_expression                  VARCHAR2 (4000)                 NOT NULL
  , description                     VARCHAR2 (200)                  
  ,  created_by                     VARCHAR2(30),
    created_ts                     DATE,
    last_updated_by                VARCHAR2(30),
    last_updated_ts                DATE
)
; */
--DATA 
INSERT INTO FOLIO_CONF.filter_operator
(FILTER_OPERATOR_ID,OPERATOR_NAME,OPERATOR_DESC,OPERATOR_PATTERN,SQL_TYPES)
VALUES
(1,'=',NULL,'{display} = ?',NULL)
/
INSERT INTO FOLIO_CONF.filter_operator
(FILTER_OPERATOR_ID,OPERATOR_NAME,OPERATOR_DESC,OPERATOR_PATTERN,SQL_TYPES)
VALUES
(2,'<>',NULL,'{display} <> ?',NULL)
/
INSERT INTO FOLIO_CONF.filter_operator
(FILTER_OPERATOR_ID,OPERATOR_NAME,OPERATOR_DESC,OPERATOR_PATTERN,SQL_TYPES)
VALUES
(3,'<',NULL,'{display} < ?',NULL)
/
INSERT INTO FOLIO_CONF.filter_operator
(FILTER_OPERATOR_ID,OPERATOR_NAME,OPERATOR_DESC,OPERATOR_PATTERN,SQL_TYPES)
VALUES
(4,'>',NULL,'{display} > ?',NULL)
/
INSERT INTO FOLIO_CONF.filter_operator
(FILTER_OPERATOR_ID,OPERATOR_NAME,OPERATOR_DESC,OPERATOR_PATTERN,SQL_TYPES)
VALUES
(5,'<=',NULL,'{display} <= ?',NULL)
/
INSERT INTO FOLIO_CONF.filter_operator
(FILTER_OPERATOR_ID,OPERATOR_NAME,OPERATOR_DESC,OPERATOR_PATTERN,SQL_TYPES)
VALUES
(6,'>=',NULL,'{display} >= ?',NULL)
/
INSERT INTO FOLIO_CONF.filter_operator
(FILTER_OPERATOR_ID,OPERATOR_NAME,OPERATOR_DESC,OPERATOR_PATTERN,SQL_TYPES)
VALUES
(7,'LIKE',NULL,'{display} LIKE ?',NULL)
/
INSERT INTO FOLIO_CONF.filter_operator
(FILTER_OPERATOR_ID,OPERATOR_NAME,OPERATOR_DESC,OPERATOR_PATTERN,SQL_TYPES)
VALUES
(8,'NOT LIKE',NULL,'{display} NOT LIKE ?',NULL)
/
INSERT INTO FOLIO_CONF.filter_operator
(FILTER_OPERATOR_ID,OPERATOR_NAME,OPERATOR_DESC,OPERATOR_PATTERN,SQL_TYPES)
VALUES
(9,'IS NULL',NULL,'{display} IS NULL',NULL)
/
INSERT INTO FOLIO_CONF.filter_operator
(FILTER_OPERATOR_ID,OPERATOR_NAME,OPERATOR_DESC,OPERATOR_PATTERN,SQL_TYPES)
VALUES
(10,'IS NOT NULL',NULL,'{display} IS NOT NULL',NULL)
/
INSERT INTO FOLIO_CONF.filter_operator
(FILTER_OPERATOR_ID,OPERATOR_NAME,OPERATOR_DESC,OPERATOR_PATTERN,SQL_TYPES)
VALUES
(11,'UPPER(=)',NULL,'UPPER({display}) = UPPER(?)',NULL)
/
INSERT INTO FOLIO_CONF.filter_operator
(FILTER_OPERATOR_ID,OPERATOR_NAME,OPERATOR_DESC,OPERATOR_PATTERN,SQL_TYPES)
VALUES
(12,'UPPER(<>)',NULL,'UPPER({display}) <> UPPER(?)',NULL)
/
INSERT INTO FOLIO_CONF.filter_operator
(FILTER_OPERATOR_ID,OPERATOR_NAME,OPERATOR_DESC,OPERATOR_PATTERN,SQL_TYPES)
VALUES
(13,'UPPER(<)',NULL,'UPPER({display}) < UPPER(?)',NULL)
/
INSERT INTO FOLIO_CONF.filter_operator
(FILTER_OPERATOR_ID,OPERATOR_NAME,OPERATOR_DESC,OPERATOR_PATTERN,SQL_TYPES)
VALUES
(14,'UPPER(>)',NULL,'UPPER({display}) > UPPER(?)',NULL)
/
INSERT INTO FOLIO_CONF.filter_operator
(FILTER_OPERATOR_ID,OPERATOR_NAME,OPERATOR_DESC,OPERATOR_PATTERN,SQL_TYPES)
VALUES
(15,'UPPER(<=)',NULL,'UPPER({display}) <= UPPER(?)',NULL)
/
INSERT INTO FOLIO_CONF.filter_operator
(FILTER_OPERATOR_ID,OPERATOR_NAME,OPERATOR_DESC,OPERATOR_PATTERN,SQL_TYPES)
VALUES
(16,'UPPER(>=)',NULL,'UPPER({display}) >= UPPER(?)',NULL)
/
INSERT INTO FOLIO_CONF.filter_operator
(FILTER_OPERATOR_ID,OPERATOR_NAME,OPERATOR_DESC,OPERATOR_PATTERN,SQL_TYPES)
VALUES
(17,'UPPER(LIKE)',NULL,'UPPER({display}) LIKE UPPER(?)',NULL)
/
INSERT INTO FOLIO_CONF.filter_operator
(FILTER_OPERATOR_ID,OPERATOR_NAME,OPERATOR_DESC,OPERATOR_PATTERN,SQL_TYPES)
VALUES
(18,'UPPER(NOT LIKE)',NULL,'UPPER({display}) NOT LIKE UPPER(?)',NULL)
/
INSERT INTO FOLIO_CONF.filter_operator
(FILTER_OPERATOR_ID,OPERATOR_NAME,OPERATOR_DESC,OPERATOR_PATTERN,SQL_TYPES)
VALUES
(19,'BETWEEN',NULL,'{display} BETWEEN ? AND ?',NULL)
/
INSERT INTO FOLIO_CONF.filter_operator
(FILTER_OPERATOR_ID,OPERATOR_NAME,OPERATOR_DESC,OPERATOR_PATTERN,SQL_TYPES)
VALUES
(20,'UPPER(BETWEEN)',NULL,'UPPER({display}) BETWEEN UPPER(?) AND UPPER(?)',NULL)
/
INSERT INTO FOLIO_CONF.filter_operator
(FILTER_OPERATOR_ID,OPERATOR_NAME,OPERATOR_DESC,OPERATOR_PATTERN,SQL_TYPES)
VALUES
(21,'MEMBER OF',NULL,'{display} MEMBER OF ?','ARRAY')
/
 
INSERT INTO FOLIO_CONF.output_type
(OUTPUT_TYPE_ID, OUTPUT_TYPE_LABEL, OUTPUT_TYPE_CATEGORY, OUTPUT_TYPE_KEY, CONTENT_TYPE)
VALUES
(1,'Multiple Pie Chart3D','Chart','chart:Multiple Pie Chart3D','image/png')
/
INSERT INTO FOLIO_CONF.output_type
(OUTPUT_TYPE_ID, OUTPUT_TYPE_LABEL, OUTPUT_TYPE_CATEGORY, OUTPUT_TYPE_KEY, CONTENT_TYPE)
VALUES
(2,'Line Chart','Chart','chart:Line Chart','image/png')
/
INSERT INTO FOLIO_CONF.output_type
(OUTPUT_TYPE_ID, OUTPUT_TYPE_LABEL, OUTPUT_TYPE_CATEGORY, OUTPUT_TYPE_KEY, CONTENT_TYPE)
VALUES
(3,'Area Chart','Chart','chart:Area Chart','image/png')
/
INSERT INTO FOLIO_CONF.output_type
(OUTPUT_TYPE_ID, OUTPUT_TYPE_LABEL, OUTPUT_TYPE_CATEGORY, OUTPUT_TYPE_KEY, CONTENT_TYPE)
VALUES
(4,'Polar Chart','Chart','chart:Polar Chart','image/png')
/
INSERT INTO FOLIO_CONF.output_type
(OUTPUT_TYPE_ID, OUTPUT_TYPE_LABEL, OUTPUT_TYPE_CATEGORY, OUTPUT_TYPE_KEY, CONTENT_TYPE)
VALUES
(5,'XY Line Chart','Chart','chart:XY Line Chart','image/png')
/
INSERT INTO FOLIO_CONF.output_type
(OUTPUT_TYPE_ID, OUTPUT_TYPE_LABEL, OUTPUT_TYPE_CATEGORY, OUTPUT_TYPE_KEY, CONTENT_TYPE)
VALUES
(6,'XY Area Chart','Chart','chart:XY Area Chart','image/png')
/
INSERT INTO FOLIO_CONF.output_type
(OUTPUT_TYPE_ID, OUTPUT_TYPE_LABEL, OUTPUT_TYPE_CATEGORY, OUTPUT_TYPE_KEY, CONTENT_TYPE)
VALUES
(7,'AreaXY Chart','Chart','chart:AreaXY Chart','image/png')
/
INSERT INTO FOLIO_CONF.output_type
(OUTPUT_TYPE_ID, OUTPUT_TYPE_LABEL, OUTPUT_TYPE_CATEGORY, OUTPUT_TYPE_KEY, CONTENT_TYPE)
VALUES
(8,'XY Step Chart','Chart','chart:XY Step Chart','image/png')
/
INSERT INTO FOLIO_CONF.output_type
(OUTPUT_TYPE_ID, OUTPUT_TYPE_LABEL, OUTPUT_TYPE_CATEGORY, OUTPUT_TYPE_KEY, CONTENT_TYPE)
VALUES
(9,'Bar Chart3D','Chart','chart:Bar Chart3D','image/png')
/
INSERT INTO FOLIO_CONF.output_type
(OUTPUT_TYPE_ID, OUTPUT_TYPE_LABEL, OUTPUT_TYPE_CATEGORY, OUTPUT_TYPE_KEY, CONTENT_TYPE)
VALUES
(10,'Gantt Chart','Chart','chart:Gantt Chart','image/png')
/
INSERT INTO FOLIO_CONF.output_type
(OUTPUT_TYPE_ID, OUTPUT_TYPE_LABEL, OUTPUT_TYPE_CATEGORY, OUTPUT_TYPE_KEY, CONTENT_TYPE)
VALUES
(11,'LineXY Chart','Chart','chart:LineXY Chart','image/png')
/
INSERT INTO FOLIO_CONF.output_type
(OUTPUT_TYPE_ID, OUTPUT_TYPE_LABEL, OUTPUT_TYPE_CATEGORY, OUTPUT_TYPE_KEY, CONTENT_TYPE)
VALUES
(12,'XY Step Area Chart','Chart','chart:XY Step Area Chart','image/png')
/
INSERT INTO FOLIO_CONF.output_type
(OUTPUT_TYPE_ID, OUTPUT_TYPE_LABEL, OUTPUT_TYPE_CATEGORY, OUTPUT_TYPE_KEY, CONTENT_TYPE)
VALUES
(13,'Multiple Pie Chart','Chart','chart:Multiple Pie Chart','image/png')
/
INSERT INTO FOLIO_CONF.output_type
(OUTPUT_TYPE_ID, OUTPUT_TYPE_LABEL, OUTPUT_TYPE_CATEGORY, OUTPUT_TYPE_KEY, CONTENT_TYPE)
VALUES
(14,'Time Series Chart','Chart','chart:Time Series Chart','image/png')
/
INSERT INTO FOLIO_CONF.output_type
(OUTPUT_TYPE_ID, OUTPUT_TYPE_LABEL, OUTPUT_TYPE_CATEGORY, OUTPUT_TYPE_KEY, CONTENT_TYPE)
VALUES
(15,'Waterfall Chart','Chart','chart:Waterfall Chart','image/png')
/
INSERT INTO FOLIO_CONF.output_type
(OUTPUT_TYPE_ID, OUTPUT_TYPE_LABEL, OUTPUT_TYPE_CATEGORY, OUTPUT_TYPE_KEY, CONTENT_TYPE)
VALUES
(16,'Stacked Bar Chart3D','Chart','chart:Stacked Bar Chart3D','image/png')
/
INSERT INTO FOLIO_CONF.output_type
(OUTPUT_TYPE_ID, OUTPUT_TYPE_LABEL, OUTPUT_TYPE_CATEGORY, OUTPUT_TYPE_KEY, CONTENT_TYPE)
VALUES
(17,'Bubble Chart','Chart','chart:Bubble Chart','image/png')
/
INSERT INTO FOLIO_CONF.output_type
(OUTPUT_TYPE_ID, OUTPUT_TYPE_LABEL, OUTPUT_TYPE_CATEGORY, OUTPUT_TYPE_KEY, CONTENT_TYPE)
VALUES
(18,'Bar Chart','Chart','chart:Bar Chart','image/png')
/
INSERT INTO FOLIO_CONF.output_type
(OUTPUT_TYPE_ID, OUTPUT_TYPE_LABEL, OUTPUT_TYPE_CATEGORY, OUTPUT_TYPE_KEY, CONTENT_TYPE)
VALUES
(19,'Scatter Plot','Chart','chart:Scatter Plot','image/png')
/
INSERT INTO FOLIO_CONF.output_type
(OUTPUT_TYPE_ID, OUTPUT_TYPE_LABEL, OUTPUT_TYPE_CATEGORY, OUTPUT_TYPE_KEY, CONTENT_TYPE)
VALUES
(20,'Stacked Bar Chart','Chart','chart:Stacked Bar Chart','image/png')
/
INSERT INTO FOLIO_CONF.output_type
(OUTPUT_TYPE_ID, OUTPUT_TYPE_LABEL, OUTPUT_TYPE_CATEGORY, OUTPUT_TYPE_KEY, CONTENT_TYPE)
VALUES
(21,'Stacked Area Chart','Chart','chart:Stacked Area Chart','image/png')
/
INSERT INTO FOLIO_CONF.output_type
(OUTPUT_TYPE_ID, OUTPUT_TYPE_LABEL, OUTPUT_TYPE_CATEGORY, OUTPUT_TYPE_KEY, CONTENT_TYPE)
VALUES
(22,'HTML Report','Report','xsl:resource:simple/falcon/templates/report/show-report.xsl','text/html')
/
INSERT INTO FOLIO_CONF.output_type
(OUTPUT_TYPE_ID, OUTPUT_TYPE_LABEL, OUTPUT_TYPE_CATEGORY, OUTPUT_TYPE_KEY, CONTENT_TYPE)
VALUES
(23,'Excel Report','Report','xsl:resource:simple/falcon/templates/report/show-report.xsl','application/xls')
/
INSERT INTO FOLIO_CONF.output_type
(OUTPUT_TYPE_ID, OUTPUT_TYPE_LABEL, OUTPUT_TYPE_CATEGORY, OUTPUT_TYPE_KEY, CONTENT_TYPE)
VALUES
(24,'PDF Report','Report','pdf:resource:simple/falcon/templates/report/show-report-pdf.xsl','application/pdf')
/
INSERT INTO FOLIO_CONF.output_type
(OUTPUT_TYPE_ID, OUTPUT_TYPE_LABEL, OUTPUT_TYPE_CATEGORY, OUTPUT_TYPE_KEY, CONTENT_TYPE)
VALUES
(25,'XML','Report','xsl:resource:simple/falcon/templates/general/xml.xsl','text/xml')
/
INSERT INTO FOLIO_CONF.output_type
(OUTPUT_TYPE_ID, OUTPUT_TYPE_LABEL, OUTPUT_TYPE_CATEGORY, OUTPUT_TYPE_KEY, CONTENT_TYPE)
VALUES
(26,'FO-XML','Report','fo:resource:simple/falcon/templates/report/show-report-pdf.xsl','text/xml')
/
 
INSERT INTO FOLIO_CONF.field_category
(FIELD_CATEGORY_ID, FIELD_CATEGORY_LABEL, FIELD_CATEGORY_DESC, PARENT_FIELD_CATEGORY_ID)
VALUES
(6,'Sales Metrics',NULL,NULL)
/
INSERT INTO FOLIO_CONF.field_category
(FIELD_CATEGORY_ID, FIELD_CATEGORY_LABEL, FIELD_CATEGORY_DESC, PARENT_FIELD_CATEGORY_ID)
VALUES
(7,'Location Information',NULL,NULL)
/
INSERT INTO FOLIO_CONF.field_category
(FIELD_CATEGORY_ID, FIELD_CATEGORY_LABEL, FIELD_CATEGORY_DESC, PARENT_FIELD_CATEGORY_ID)
VALUES
(8,'Sale Date / Time',NULL,NULL)
/
INSERT INTO FOLIO_CONF.field_category
(FIELD_CATEGORY_ID, FIELD_CATEGORY_LABEL, FIELD_CATEGORY_DESC, PARENT_FIELD_CATEGORY_ID)
VALUES
(9,'System Dates / Times',NULL,NULL)
/
INSERT INTO FOLIO_CONF.field_category
(FIELD_CATEGORY_ID, FIELD_CATEGORY_LABEL, FIELD_CATEGORY_DESC, PARENT_FIELD_CATEGORY_ID)
VALUES
(10,'Customer Information',NULL,NULL)
/
INSERT INTO FOLIO_CONF.field_category
(FIELD_CATEGORY_ID, FIELD_CATEGORY_LABEL, FIELD_CATEGORY_DESC, PARENT_FIELD_CATEGORY_ID)
VALUES
(11,'Sale Detail',NULL,NULL)
/
INSERT INTO FOLIO_CONF.field_category
(FIELD_CATEGORY_ID, FIELD_CATEGORY_LABEL, FIELD_CATEGORY_DESC, PARENT_FIELD_CATEGORY_ID)
VALUES
(12,'System Ids',NULL,NULL)
/
INSERT INTO FOLIO_CONF.field_category
(FIELD_CATEGORY_ID, FIELD_CATEGORY_LABEL, FIELD_CATEGORY_DESC, PARENT_FIELD_CATEGORY_ID)
VALUES
(13,'Fill Date / Time',NULL,NULL)
/
INSERT INTO FOLIO_CONF.field_category
(FIELD_CATEGORY_ID, FIELD_CATEGORY_LABEL, FIELD_CATEGORY_DESC, PARENT_FIELD_CATEGORY_ID)
VALUES
(1,'Financial',NULL,NULL)
/
INSERT INTO FOLIO_CONF.field_category
(FIELD_CATEGORY_ID, FIELD_CATEGORY_LABEL, FIELD_CATEGORY_DESC, PARENT_FIELD_CATEGORY_ID)
VALUES
(15,'Entry Metrics',NULL,1)
/
INSERT INTO FOLIO_CONF.field_category
(FIELD_CATEGORY_ID, FIELD_CATEGORY_LABEL, FIELD_CATEGORY_DESC, PARENT_FIELD_CATEGORY_ID)
VALUES
(16,'Bank Account',NULL,1)
/
INSERT INTO FOLIO_CONF.field_category
(FIELD_CATEGORY_ID, FIELD_CATEGORY_LABEL, FIELD_CATEGORY_DESC, PARENT_FIELD_CATEGORY_ID)
VALUES
(17,'Entry Detail',NULL,1)
/
INSERT INTO FOLIO_CONF.field_category
(FIELD_CATEGORY_ID, FIELD_CATEGORY_LABEL, FIELD_CATEGORY_DESC, PARENT_FIELD_CATEGORY_ID)
VALUES
(2,'Activity Ref',NULL,NULL)
/
 
INSERT INTO FOLIO_CONF.field
(FIELD_ID, FIELD_LABEL, FIELD_DESC, DISPLAY_EXPRESSION, SORT_EXPRESSION, DISPLAY_FORMAT, DISPLAY_SQL_TYPE, SORT_SQL_TYPE, IMPORTANCE, FIELD_CATEGORY_ID)
VALUES
(221,'Merchant Id',NULL,'REPORT.TRANS.MERCHANT_ID','REPORT.TRANS.MERCHANT_ID','NUMBER','NUMERIC','NUMERIC',50,12)
/
INSERT INTO FOLIO_CONF.field (FIELD_ID, FIELD_LABEL, FIELD_DESC, DISPLAY_EXPRESSION, SORT_EXPRESSION, DISPLAY_FORMAT, DISPLAY_SQL_TYPE, SORT_SQL_TYPE, IMPORTANCE, FIELD_CATEGORY_ID)
VALUES
(222,'Merchant Number',NULL,'CORP.MERCHANT.MERCHANT_NBR','CORP.MERCHANT.MERCHANT_NBR',NULL,'VARCHAR','VARCHAR',50,7)
/
INSERT INTO FOLIO_CONF.field (FIELD_ID, FIELD_LABEL, FIELD_DESC, DISPLAY_EXPRESSION, SORT_EXPRESSION, DISPLAY_FORMAT, DISPLAY_SQL_TYPE, SORT_SQL_TYPE, IMPORTANCE, FIELD_CATEGORY_ID)
VALUES
(242,'Include All Constant','Allows to bypass a filter','''true''','1',NULL,'VARCHAR','VARCHAR',50,12)
/
INSERT INTO FOLIO_CONF.field (FIELD_ID, FIELD_LABEL, FIELD_DESC, DISPLAY_EXPRESSION, SORT_EXPRESSION, DISPLAY_FORMAT, DISPLAY_SQL_TYPE, SORT_SQL_TYPE, IMPORTANCE, FIELD_CATEGORY_ID)
VALUES
(3,'Trans','Number of Trans','COUNT(DISTINCT REPORT.ACTIVITY_REF.TRAN_ID)','COUNT(DISTINCT REPORT.ACTIVITY_REF.TRAN_ID)','NUMBER','NUMERIC','NUMERIC',50,6)
/
INSERT INTO FOLIO_CONF.field (FIELD_ID, FIELD_LABEL, FIELD_DESC, DISPLAY_EXPRESSION, SORT_EXPRESSION, DISPLAY_FORMAT, DISPLAY_SQL_TYPE, SORT_SQL_TYPE, IMPORTANCE, FIELD_CATEGORY_ID)
VALUES
(4,'Create Dt Month',NULL,'TO_CHAR(REPORT.ACTIVITY_REF.CREATE_DT, ''FMMONTH'')','TO_NUMBER(NVL(TO_CHAR(REPORT.ACTIVITY_REF.CREATE_DT, ''FMMM''), ''0''))',NULL,'VARCHAR','NUMERIC',50,9)
/
INSERT INTO FOLIO_CONF.field (FIELD_ID, FIELD_LABEL, FIELD_DESC, DISPLAY_EXPRESSION, SORT_EXPRESSION, DISPLAY_FORMAT, DISPLAY_SQL_TYPE, SORT_SQL_TYPE, IMPORTANCE, FIELD_CATEGORY_ID)
VALUES
(5,'Create Dt Day Of Month',NULL,'TO_NUMBER(NVL(TO_CHAR(REPORT.ACTIVITY_REF.CREATE_DT, ''FMDD''), ''0''))','TO_NUMBER(NVL(TO_CHAR(REPORT.ACTIVITY_REF.CREATE_DT, ''FMDD''), ''0''))','NUMBER','NUMERIC','NUMERIC',50,9)
/
INSERT INTO FOLIO_CONF.field (FIELD_ID, FIELD_LABEL, FIELD_DESC, DISPLAY_EXPRESSION, SORT_EXPRESSION, DISPLAY_FORMAT, DISPLAY_SQL_TYPE, SORT_SQL_TYPE, IMPORTANCE, FIELD_CATEGORY_ID)
VALUES
(6,'Create Dt Year',NULL,'TO_NUMBER(TO_CHAR(REPORT.ACTIVITY_REF.CREATE_DT, ''FMYYYY''))','TO_NUMBER(TO_CHAR(REPORT.ACTIVITY_REF.CREATE_DT, ''FMYYYY''))','NUMBER','NUMERIC','NUMERIC',50,9)
/
INSERT INTO FOLIO_CONF.field (FIELD_ID, FIELD_LABEL, FIELD_DESC, DISPLAY_EXPRESSION, SORT_EXPRESSION, DISPLAY_FORMAT, DISPLAY_SQL_TYPE, SORT_SQL_TYPE, IMPORTANCE, FIELD_CATEGORY_ID)
VALUES
(7,'Create Dt Hour',NULL,'TO_CHAR(REPORT.ACTIVITY_REF.CREATE_DT, ''FMHH12 PM'')','TO_NUMBER(NVL(TO_CHAR(REPORT.ACTIVITY_REF.CREATE_DT, ''FMHH24''), ''0''))',NULL,'VARCHAR','NUMERIC',50,9)
/
INSERT INTO FOLIO_CONF.field (FIELD_ID, FIELD_LABEL, FIELD_DESC, DISPLAY_EXPRESSION, SORT_EXPRESSION, DISPLAY_FORMAT, DISPLAY_SQL_TYPE, SORT_SQL_TYPE, IMPORTANCE, FIELD_CATEGORY_ID)
VALUES
(8,'Create Dt Minute of Hour',NULL,'TO_NUMBER(NVL(TO_CHAR(REPORT.ACTIVITY_REF.CREATE_DT, ''FMMI''), ''0''))','TO_NUMBER(NVL(TO_CHAR(REPORT.ACTIVITY_REF.CREATE_DT, ''FMMI''), ''0''))','NUMBER','NUMERIC','NUMERIC',50,9)
/
INSERT INTO FOLIO_CONF.field (FIELD_ID, FIELD_LABEL, FIELD_DESC, DISPLAY_EXPRESSION, SORT_EXPRESSION, DISPLAY_FORMAT, DISPLAY_SQL_TYPE, SORT_SQL_TYPE, IMPORTANCE, FIELD_CATEGORY_ID)
VALUES
(9,'Update Dt Month',NULL,'TO_CHAR(REPORT.ACTIVITY_REF.UPDATE_DT, ''FMMONTH'')','TO_NUMBER(NVL(TO_CHAR(REPORT.ACTIVITY_REF.UPDATE_DT, ''FMMM''), ''0''))',NULL,'VARCHAR','NUMERIC',50,9)
/
INSERT INTO FOLIO_CONF.field (FIELD_ID, FIELD_LABEL, FIELD_DESC, DISPLAY_EXPRESSION, SORT_EXPRESSION, DISPLAY_FORMAT, DISPLAY_SQL_TYPE, SORT_SQL_TYPE, IMPORTANCE, FIELD_CATEGORY_ID)
VALUES
(10,'Update Dt Day Of Month',NULL,'TO_NUMBER(NVL(TO_CHAR(REPORT.ACTIVITY_REF.UPDATE_DT, ''FMDD''), ''0''))','TO_NUMBER(NVL(TO_CHAR(REPORT.ACTIVITY_REF.UPDATE_DT, ''FMDD''), ''0''))','NUMBER','NUMERIC','NUMERIC',50,9)
/
INSERT INTO FOLIO_CONF.field (FIELD_ID, FIELD_LABEL, FIELD_DESC, DISPLAY_EXPRESSION, SORT_EXPRESSION, DISPLAY_FORMAT, DISPLAY_SQL_TYPE, SORT_SQL_TYPE, IMPORTANCE, FIELD_CATEGORY_ID)
VALUES
(11,'Update Dt Year',NULL,'TO_NUMBER(TO_CHAR(REPORT.ACTIVITY_REF.UPDATE_DT, ''FMYYYY''))','TO_NUMBER(TO_CHAR(REPORT.ACTIVITY_REF.UPDATE_DT, ''FMYYYY''))','NUMBER','NUMERIC','NUMERIC',50,9)
/
INSERT INTO FOLIO_CONF.field (FIELD_ID, FIELD_LABEL, FIELD_DESC, DISPLAY_EXPRESSION, SORT_EXPRESSION, DISPLAY_FORMAT, DISPLAY_SQL_TYPE, SORT_SQL_TYPE, IMPORTANCE, FIELD_CATEGORY_ID)
VALUES
(12,'Update Dt Hour',NULL,'TO_CHAR(REPORT.ACTIVITY_REF.UPDATE_DT, ''FMHH12 PM'')','TO_NUMBER(NVL(TO_CHAR(REPORT.ACTIVITY_REF.UPDATE_DT, ''FMHH24''), ''0''))',NULL,'VARCHAR','NUMERIC',50,9)
/
INSERT INTO FOLIO_CONF.field (FIELD_ID, FIELD_LABEL, FIELD_DESC, DISPLAY_EXPRESSION, SORT_EXPRESSION, DISPLAY_FORMAT, DISPLAY_SQL_TYPE, SORT_SQL_TYPE, IMPORTANCE, FIELD_CATEGORY_ID)
VALUES
(13,'Update Dt Minute of Hour',NULL,'TO_NUMBER(NVL(TO_CHAR(REPORT.ACTIVITY_REF.UPDATE_DT, ''FMMI''), ''0''))','TO_NUMBER(NVL(TO_CHAR(REPORT.ACTIVITY_REF.UPDATE_DT, ''FMMI''), ''0''))','NUMBER','NUMERIC','NUMERIC',50,9)
/
INSERT INTO FOLIO_CONF.field (FIELD_ID, FIELD_LABEL, FIELD_DESC, DISPLAY_EXPRESSION, SORT_EXPRESSION, DISPLAY_FORMAT, DISPLAY_SQL_TYPE, SORT_SQL_TYPE, IMPORTANCE, FIELD_CATEGORY_ID)
VALUES
(14,'Region Id',NULL,'REPORT.ACTIVITY_REF.REGION_ID','REPORT.ACTIVITY_REF.REGION_ID','NUMBER','NUMERIC','NUMERIC',50,12)
/
INSERT INTO FOLIO_CONF.field (FIELD_ID, FIELD_LABEL, FIELD_DESC, DISPLAY_EXPRESSION, SORT_EXPRESSION, DISPLAY_FORMAT, DISPLAY_SQL_TYPE, SORT_SQL_TYPE, IMPORTANCE, FIELD_CATEGORY_ID)
VALUES
(15,'Region Name',NULL,'REPORT.ACTIVITY_REF.REGION_NAME','UPPER(REPORT.ACTIVITY_REF.REGION_NAME)',NULL,'VARCHAR','VARCHAR',50,7)
/
INSERT INTO FOLIO_CONF.field (FIELD_ID, FIELD_LABEL, FIELD_DESC, DISPLAY_EXPRESSION, SORT_EXPRESSION, DISPLAY_FORMAT, DISPLAY_SQL_TYPE, SORT_SQL_TYPE, IMPORTANCE, FIELD_CATEGORY_ID)
VALUES
(16,'Location Name',NULL,'REPORT.LOCATION.LOCATION_NAME','UPPER(REPORT.LOCATION.LOCATION_NAME)',NULL,'VARCHAR','VARCHAR',50,7)
/
INSERT INTO FOLIO_CONF.field (FIELD_ID, FIELD_LABEL, FIELD_DESC, DISPLAY_EXPRESSION, SORT_EXPRESSION, DISPLAY_FORMAT, DISPLAY_SQL_TYPE, SORT_SQL_TYPE, IMPORTANCE, FIELD_CATEGORY_ID)
VALUES
(17,'Location Id',NULL,'REPORT.LOCATION.LOCATION_ID','REPORT.LOCATION.LOCATION_ID','NUMBER','NUMERIC','NUMERIC',50,12)
/
INSERT INTO FOLIO_CONF.field (FIELD_ID, FIELD_LABEL, FIELD_DESC, DISPLAY_EXPRESSION, SORT_EXPRESSION, DISPLAY_FORMAT, DISPLAY_SQL_TYPE, SORT_SQL_TYPE, IMPORTANCE, FIELD_CATEGORY_ID)
VALUES
(18,'Terminal Id',NULL,'REPORT.TERMINAL.TERMINAL_ID','REPORT.ACTIVITY_REF.TERMINAL_ID','NUMBER','NUMERIC','NUMERIC',50,12)
/
INSERT INTO FOLIO_CONF.field (FIELD_ID, FIELD_LABEL, FIELD_DESC, DISPLAY_EXPRESSION, SORT_EXPRESSION, DISPLAY_FORMAT, DISPLAY_SQL_TYPE, SORT_SQL_TYPE, IMPORTANCE, FIELD_CATEGORY_ID)
VALUES
(19,'Terminal Name',NULL,'REPORT.ACTIVITY_REF.TERMINAL_NAME','UPPER(REPORT.ACTIVITY_REF.TERMINAL_NAME)',NULL,'VARCHAR','VARCHAR',50,7)
/
INSERT INTO FOLIO_CONF.field (FIELD_ID, FIELD_LABEL, FIELD_DESC, DISPLAY_EXPRESSION, SORT_EXPRESSION, DISPLAY_FORMAT, DISPLAY_SQL_TYPE, SORT_SQL_TYPE, IMPORTANCE, FIELD_CATEGORY_ID)
VALUES
(20,'Terminal Nbr',NULL,'REPORT.TERMINAL.TERMINAL_NBR','UPPER(REPORT.TERMINAL.TERMINAL_NBR)',NULL,'VARCHAR','VARCHAR',50,7)
/
INSERT INTO FOLIO_CONF.field (FIELD_ID, FIELD_LABEL, FIELD_DESC, DISPLAY_EXPRESSION, SORT_EXPRESSION, DISPLAY_FORMAT, DISPLAY_SQL_TYPE, SORT_SQL_TYPE, IMPORTANCE, FIELD_CATEGORY_ID)
VALUES
(21,'Trans Type Id',NULL,'REPORT.ACTIVITY_REF.TRANS_TYPE_ID','REPORT.ACTIVITY_REF.TRANS_TYPE_ID','NUMBER','NUMERIC','NUMERIC',50,12)
/
INSERT INTO FOLIO_CONF.field (FIELD_ID, FIELD_LABEL, FIELD_DESC, DISPLAY_EXPRESSION, SORT_EXPRESSION, DISPLAY_FORMAT, DISPLAY_SQL_TYPE, SORT_SQL_TYPE, IMPORTANCE, FIELD_CATEGORY_ID)
VALUES
(22,'Trans Type Name',NULL,'REPORT.ACTIVITY_REF.TRANS_TYPE_NAME','UPPER(REPORT.ACTIVITY_REF.TRANS_TYPE_NAME)',NULL,'VARCHAR','VARCHAR',50,11)
/
INSERT INTO FOLIO_CONF.field (FIELD_ID, FIELD_LABEL, FIELD_DESC, DISPLAY_EXPRESSION, SORT_EXPRESSION, DISPLAY_FORMAT, DISPLAY_SQL_TYPE, SORT_SQL_TYPE, IMPORTANCE, FIELD_CATEGORY_ID)
VALUES
(23,'Card Number',NULL,'REPORT.ACTIVITY_REF.CARD_NUMBER','UPPER(REPORT.ACTIVITY_REF.CARD_NUMBER)',NULL,'VARCHAR','VARCHAR',50,11)
/
INSERT INTO FOLIO_CONF.field (FIELD_ID, FIELD_LABEL, FIELD_DESC, DISPLAY_EXPRESSION, SORT_EXPRESSION, DISPLAY_FORMAT, DISPLAY_SQL_TYPE, SORT_SQL_TYPE, IMPORTANCE, FIELD_CATEGORY_ID)
VALUES
(24,'Card Assoc',NULL,'REPORT.ACTIVITY_REF.CARD_COMPANY','UPPER(REPORT.ACTIVITY_REF.CARD_COMPANY)',NULL,'VARCHAR','VARCHAR',50,11)
/
INSERT INTO FOLIO_CONF.field (FIELD_ID, FIELD_LABEL, FIELD_DESC, DISPLAY_EXPRESSION, SORT_EXPRESSION, DISPLAY_FORMAT, DISPLAY_SQL_TYPE, SORT_SQL_TYPE, IMPORTANCE, FIELD_CATEGORY_ID)
VALUES
(25,'Cc Appr Code',NULL,'REPORT.ACTIVITY_REF.CC_APPR_CODE','UPPER(REPORT.ACTIVITY_REF.CC_APPR_CODE)',NULL,'VARCHAR','VARCHAR',50,11)
/
INSERT INTO FOLIO_CONF.field (FIELD_ID, FIELD_LABEL, FIELD_DESC, DISPLAY_EXPRESSION, SORT_EXPRESSION, DISPLAY_FORMAT, DISPLAY_SQL_TYPE, SORT_SQL_TYPE, IMPORTANCE, FIELD_CATEGORY_ID)
VALUES
(26,'Tran Date Month',NULL,'TO_CHAR(REPORT.ACTIVITY_REF.TRAN_DATE, ''FMMONTH'')','TO_NUMBER(NVL(TO_CHAR(REPORT.ACTIVITY_REF.TRAN_DATE, ''FMMM''), ''0''))',NULL,'VARCHAR','NUMERIC',50,8)
/
INSERT INTO FOLIO_CONF.field (FIELD_ID, FIELD_LABEL, FIELD_DESC, DISPLAY_EXPRESSION, SORT_EXPRESSION, DISPLAY_FORMAT, DISPLAY_SQL_TYPE, SORT_SQL_TYPE, IMPORTANCE, FIELD_CATEGORY_ID)
VALUES
(27,'Tran Date Day Of Month',NULL,'TO_NUMBER(NVL(TO_CHAR(REPORT.ACTIVITY_REF.TRAN_DATE, ''FMDD''), ''0''))','TO_NUMBER(NVL(TO_CHAR(REPORT.ACTIVITY_REF.TRAN_DATE, ''FMDD''), ''0''))','NUMBER','NUMERIC','NUMERIC',50,8)
/
INSERT INTO FOLIO_CONF.field (FIELD_ID, FIELD_LABEL, FIELD_DESC, DISPLAY_EXPRESSION, SORT_EXPRESSION, DISPLAY_FORMAT, DISPLAY_SQL_TYPE, SORT_SQL_TYPE, IMPORTANCE, FIELD_CATEGORY_ID)
VALUES
(28,'Tran Date Year',NULL,'TO_NUMBER(TO_CHAR(REPORT.ACTIVITY_REF.TRAN_DATE, ''FMYYYY''))','TO_NUMBER(TO_CHAR(REPORT.ACTIVITY_REF.TRAN_DATE, ''FMYYYY''))','NUMBER','NUMERIC','NUMERIC',50,8)
/
INSERT INTO FOLIO_CONF.field (FIELD_ID, FIELD_LABEL, FIELD_DESC, DISPLAY_EXPRESSION, SORT_EXPRESSION, DISPLAY_FORMAT, DISPLAY_SQL_TYPE, SORT_SQL_TYPE, IMPORTANCE, FIELD_CATEGORY_ID)
VALUES
(29,'Tran Date Hour',NULL,'TO_CHAR(REPORT.ACTIVITY_REF.TRAN_DATE, ''FMHH12 PM'')','TO_NUMBER(NVL(TO_CHAR(REPORT.ACTIVITY_REF.TRAN_DATE, ''FMHH24''), ''0''))',NULL,'VARCHAR','NUMERIC',50,8)
/
INSERT INTO FOLIO_CONF.field (FIELD_ID, FIELD_LABEL, FIELD_DESC, DISPLAY_EXPRESSION, SORT_EXPRESSION, DISPLAY_FORMAT, DISPLAY_SQL_TYPE, SORT_SQL_TYPE, IMPORTANCE, FIELD_CATEGORY_ID)
VALUES
(30,'Tran Date Minute of Hour',NULL,'TO_NUMBER(NVL(TO_CHAR(REPORT.ACTIVITY_REF.TRAN_DATE, ''FMMI''), ''0''))','TO_NUMBER(NVL(TO_CHAR(REPORT.ACTIVITY_REF.TRAN_DATE, ''FMMI''), ''0''))','NUMBER','NUMERIC','NUMERIC',50,8)
/
INSERT INTO FOLIO_CONF.field (FIELD_ID, FIELD_LABEL, FIELD_DESC, DISPLAY_EXPRESSION, SORT_EXPRESSION, DISPLAY_FORMAT, DISPLAY_SQL_TYPE, SORT_SQL_TYPE, IMPORTANCE, FIELD_CATEGORY_ID)
VALUES
(59,'Eports','Number of Eports','COUNT(DISTINCT REPORT.EPORT.EPORT_ID)','COUNT(DISTINCT REPORT.EPORT.EPORT_ID)','NUMBER','NUMERIC','NUMERIC',50,6)
/
INSERT INTO FOLIO_CONF.field (FIELD_ID, FIELD_LABEL, FIELD_DESC, DISPLAY_EXPRESSION, SORT_EXPRESSION, DISPLAY_FORMAT, DISPLAY_SQL_TYPE, SORT_SQL_TYPE, IMPORTANCE, FIELD_CATEGORY_ID)
VALUES
(61,'Activation Date Month',NULL,'TO_CHAR(REPORT.EPORT.ACTIVATION_DATE, ''FMMONTH'')','TO_NUMBER(NVL(TO_CHAR(REPORT.EPORT.ACTIVATION_DATE, ''FMMM''), ''0''))',NULL,'VARCHAR','NUMERIC',50,9)
/
INSERT INTO FOLIO_CONF.field (FIELD_ID, FIELD_LABEL, FIELD_DESC, DISPLAY_EXPRESSION, SORT_EXPRESSION, DISPLAY_FORMAT, DISPLAY_SQL_TYPE, SORT_SQL_TYPE, IMPORTANCE, FIELD_CATEGORY_ID)
VALUES
(62,'Activation Date Day Of Month',NULL,'TO_NUMBER(NVL(TO_CHAR(REPORT.EPORT.ACTIVATION_DATE, ''FMDD''), ''0''))','TO_NUMBER(NVL(TO_CHAR(REPORT.EPORT.ACTIVATION_DATE, ''FMDD''), ''0''))','NUMBER','NUMERIC','NUMERIC',50,9)
/
INSERT INTO FOLIO_CONF.field (FIELD_ID, FIELD_LABEL, FIELD_DESC, DISPLAY_EXPRESSION, SORT_EXPRESSION, DISPLAY_FORMAT, DISPLAY_SQL_TYPE, SORT_SQL_TYPE, IMPORTANCE, FIELD_CATEGORY_ID)
VALUES
(63,'Activation Date Year',NULL,'TO_NUMBER(TO_CHAR(REPORT.EPORT.ACTIVATION_DATE, ''FMYYYY''))','TO_NUMBER(TO_CHAR(REPORT.EPORT.ACTIVATION_DATE, ''FMYYYY''))','NUMBER','NUMERIC','NUMERIC',50,9)
/
INSERT INTO FOLIO_CONF.field (FIELD_ID, FIELD_LABEL, FIELD_DESC, DISPLAY_EXPRESSION, SORT_EXPRESSION, DISPLAY_FORMAT, DISPLAY_SQL_TYPE, SORT_SQL_TYPE, IMPORTANCE, FIELD_CATEGORY_ID)
VALUES
(66,'Termination Date Month',NULL,'TO_CHAR(REPORT.EPORT.TERMINATION_DATE, ''FMMONTH'')','TO_NUMBER(NVL(TO_CHAR(REPORT.EPORT.TERMINATION_DATE, ''FMMM''), ''0''))',NULL,'VARCHAR','NUMERIC',50,9)
/
INSERT INTO FOLIO_CONF.field (FIELD_ID, FIELD_LABEL, FIELD_DESC, DISPLAY_EXPRESSION, SORT_EXPRESSION, DISPLAY_FORMAT, DISPLAY_SQL_TYPE, SORT_SQL_TYPE, IMPORTANCE, FIELD_CATEGORY_ID)
VALUES
(67,'Termination Date Day Of Month',NULL,'TO_NUMBER(NVL(TO_CHAR(REPORT.EPORT.TERMINATION_DATE, ''FMDD''), ''0''))','TO_NUMBER(NVL(TO_CHAR(REPORT.EPORT.TERMINATION_DATE, ''FMDD''), ''0''))','NUMBER','NUMERIC','NUMERIC',50,9)
/
INSERT INTO FOLIO_CONF.field (FIELD_ID, FIELD_LABEL, FIELD_DESC, DISPLAY_EXPRESSION, SORT_EXPRESSION, DISPLAY_FORMAT, DISPLAY_SQL_TYPE, SORT_SQL_TYPE, IMPORTANCE, FIELD_CATEGORY_ID)
VALUES
(68,'Termination Date Year',NULL,'TO_NUMBER(TO_CHAR(REPORT.EPORT.TERMINATION_DATE, ''FMYYYY''))','TO_NUMBER(TO_CHAR(REPORT.EPORT.TERMINATION_DATE, ''FMYYYY''))','NUMBER','NUMERIC','NUMERIC',50,9)
/
INSERT INTO FOLIO_CONF.field (FIELD_ID, FIELD_LABEL, FIELD_DESC, DISPLAY_EXPRESSION, SORT_EXPRESSION, DISPLAY_FORMAT, DISPLAY_SQL_TYPE, SORT_SQL_TYPE, IMPORTANCE, FIELD_CATEGORY_ID)
VALUES
(71,'Lastdialin Date Month',NULL,'TO_CHAR(REPORT.EPORT.LASTDIALIN_DATE, ''FMMONTH'')','TO_NUMBER(NVL(TO_CHAR(REPORT.EPORT.LASTDIALIN_DATE, ''FMMM''), ''0''))',NULL,'VARCHAR','NUMERIC',50,9)
/
INSERT INTO FOLIO_CONF.field (FIELD_ID, FIELD_LABEL, FIELD_DESC, DISPLAY_EXPRESSION, SORT_EXPRESSION, DISPLAY_FORMAT, DISPLAY_SQL_TYPE, SORT_SQL_TYPE, IMPORTANCE, FIELD_CATEGORY_ID)
VALUES
(72,'Lastdialin Date Day Of Month',NULL,'TO_NUMBER(NVL(TO_CHAR(REPORT.EPORT.LASTDIALIN_DATE, ''FMDD''), ''0''))','TO_NUMBER(NVL(TO_CHAR(REPORT.EPORT.LASTDIALIN_DATE, ''FMDD''), ''0''))','NUMBER','NUMERIC','NUMERIC',50,9)
/
INSERT INTO FOLIO_CONF.field (FIELD_ID, FIELD_LABEL, FIELD_DESC, DISPLAY_EXPRESSION, SORT_EXPRESSION, DISPLAY_FORMAT, DISPLAY_SQL_TYPE, SORT_SQL_TYPE, IMPORTANCE, FIELD_CATEGORY_ID)
VALUES
(73,'Lastdialin Date Year',NULL,'TO_NUMBER(TO_CHAR(REPORT.EPORT.LASTDIALIN_DATE, ''FMYYYY''))','TO_NUMBER(TO_CHAR(REPORT.EPORT.LASTDIALIN_DATE, ''FMYYYY''))','NUMBER','NUMERIC','NUMERIC',50,9)
/
INSERT INTO FOLIO_CONF.field (FIELD_ID, FIELD_LABEL, FIELD_DESC, DISPLAY_EXPRESSION, SORT_EXPRESSION, DISPLAY_FORMAT, DISPLAY_SQL_TYPE, SORT_SQL_TYPE, IMPORTANCE, FIELD_CATEGORY_ID)
VALUES
(79,'Device Types','Number of Device Types','COUNT(DISTINCT REPORT.DEVICE_TYPE.DEVICE_TYPE_ID)','COUNT(DISTINCT REPORT.DEVICE_TYPE.DEVICE_TYPE_ID)','NUMBER','NUMERIC','NUMERIC',50,6)
/
INSERT INTO FOLIO_CONF.field (FIELD_ID, FIELD_LABEL, FIELD_DESC, DISPLAY_EXPRESSION, SORT_EXPRESSION, DISPLAY_FORMAT, DISPLAY_SQL_TYPE, SORT_SQL_TYPE, IMPORTANCE, FIELD_CATEGORY_ID)
VALUES
(80,'Device Type',NULL,'REPORT.DEVICE_TYPE.DEVICENAME','UPPER(REPORT.DEVICE_TYPE.DEVICENAME)',NULL,'VARCHAR','VARCHAR',50,7)
/
INSERT INTO FOLIO_CONF.field (FIELD_ID, FIELD_LABEL, FIELD_DESC, DISPLAY_EXPRESSION, SORT_EXPRESSION, DISPLAY_FORMAT, DISPLAY_SQL_TYPE, SORT_SQL_TYPE, IMPORTANCE, FIELD_CATEGORY_ID)
VALUES
(81,'Device Type Description',NULL,'REPORT.DEVICE_TYPE.DESCRIPTION','UPPER(REPORT.DEVICE_TYPE.DESCRIPTION)',NULL,'VARCHAR','VARCHAR',50,7)
/
INSERT INTO FOLIO_CONF.field (FIELD_ID, FIELD_LABEL, FIELD_DESC, DISPLAY_EXPRESSION, SORT_EXPRESSION, DISPLAY_FORMAT, DISPLAY_SQL_TYPE, SORT_SQL_TYPE, IMPORTANCE, FIELD_CATEGORY_ID)
VALUES
(46,'Fill Date Month',NULL,'TO_CHAR(REPORT.ACTIVITY_REF.FILL_DATE, ''FMMONTH'')','TO_NUMBER(NVL(TO_CHAR(REPORT.ACTIVITY_REF.FILL_DATE, ''FMMM''), ''0''))',NULL,'VARCHAR','NUMERIC',50,13)
/
INSERT INTO FOLIO_CONF.field (FIELD_ID, FIELD_LABEL, FIELD_DESC, DISPLAY_EXPRESSION, SORT_EXPRESSION, DISPLAY_FORMAT, DISPLAY_SQL_TYPE, SORT_SQL_TYPE, IMPORTANCE, FIELD_CATEGORY_ID)
VALUES
(47,'Fill Date Day Of Month',NULL,'TO_NUMBER(NVL(TO_CHAR(REPORT.ACTIVITY_REF.FILL_DATE, ''FMDD''), ''0''))','TO_NUMBER(NVL(TO_CHAR(REPORT.ACTIVITY_REF.FILL_DATE, ''FMDD''), ''0''))','NUMBER','NUMERIC','NUMERIC',50,13)
/
INSERT INTO FOLIO_CONF.field (FIELD_ID, FIELD_LABEL, FIELD_DESC, DISPLAY_EXPRESSION, SORT_EXPRESSION, DISPLAY_FORMAT, DISPLAY_SQL_TYPE, SORT_SQL_TYPE, IMPORTANCE, FIELD_CATEGORY_ID)
VALUES
(48,'Fill Date Year',NULL,'TO_NUMBER(TO_CHAR(REPORT.ACTIVITY_REF.FILL_DATE, ''FMYYYY''))','TO_NUMBER(TO_CHAR(REPORT.ACTIVITY_REF.FILL_DATE, ''FMYYYY''))','NUMBER','NUMERIC','NUMERIC',50,13)
/
INSERT INTO FOLIO_CONF.field (FIELD_ID, FIELD_LABEL, FIELD_DESC, DISPLAY_EXPRESSION, SORT_EXPRESSION, DISPLAY_FORMAT, DISPLAY_SQL_TYPE, SORT_SQL_TYPE, IMPORTANCE, FIELD_CATEGORY_ID)
VALUES
(49,'Fill Date Hour',NULL,'TO_CHAR(REPORT.ACTIVITY_REF.FILL_DATE, ''FMHH12 PM'')','TO_NUMBER(NVL(TO_CHAR(REPORT.ACTIVITY_REF.FILL_DATE, ''FMHH24''), ''0''))',NULL,'VARCHAR','NUMERIC',50,13)
/
INSERT INTO FOLIO_CONF.field (FIELD_ID, FIELD_LABEL, FIELD_DESC, DISPLAY_EXPRESSION, SORT_EXPRESSION, DISPLAY_FORMAT, DISPLAY_SQL_TYPE, SORT_SQL_TYPE, IMPORTANCE, FIELD_CATEGORY_ID)
VALUES
(50,'Fill Date Minute of Hour',NULL,'TO_NUMBER(NVL(TO_CHAR(REPORT.ACTIVITY_REF.FILL_DATE, ''FMMI''), ''0''))','TO_NUMBER(NVL(TO_CHAR(REPORT.ACTIVITY_REF.FILL_DATE, ''FMMI''), ''0''))','NUMBER','NUMERIC','NUMERIC',50,13)
/
INSERT INTO FOLIO_CONF.field (FIELD_ID, FIELD_LABEL, FIELD_DESC, DISPLAY_EXPRESSION, SORT_EXPRESSION, DISPLAY_FORMAT, DISPLAY_SQL_TYPE, SORT_SQL_TYPE, IMPORTANCE, FIELD_CATEGORY_ID)
VALUES
(51,'Total Amount',NULL,'SUM(REPORT.ACTIVITY_REF.TOTAL_AMOUNT)','SUM(REPORT.ACTIVITY_REF.TOTAL_AMOUNT)','CURRENCY','NUMERIC','NUMERIC',50,6)
/
INSERT INTO FOLIO_CONF.field (FIELD_ID, FIELD_LABEL, FIELD_DESC, DISPLAY_EXPRESSION, SORT_EXPRESSION, DISPLAY_FORMAT, DISPLAY_SQL_TYPE, SORT_SQL_TYPE, IMPORTANCE, FIELD_CATEGORY_ID)
VALUES
(52,'Orig Tran Id',NULL,'REPORT.ACTIVITY_REF.ORIG_TRAN_ID','REPORT.ACTIVITY_REF.ORIG_TRAN_ID','NUMBER','NUMERIC','NUMERIC',50,12)
/
INSERT INTO FOLIO_CONF.field (FIELD_ID, FIELD_LABEL, FIELD_DESC, DISPLAY_EXPRESSION, SORT_EXPRESSION, DISPLAY_FORMAT, DISPLAY_SQL_TYPE, SORT_SQL_TYPE, IMPORTANCE, FIELD_CATEGORY_ID)
VALUES
(53,'Batch Id',NULL,'REPORT.ACTIVITY_REF.BATCH_ID','REPORT.ACTIVITY_REF.BATCH_ID','NUMBER','NUMERIC','NUMERIC',50,12)
/
INSERT INTO FOLIO_CONF.field (FIELD_ID, FIELD_LABEL, FIELD_DESC, DISPLAY_EXPRESSION, SORT_EXPRESSION, DISPLAY_FORMAT, DISPLAY_SQL_TYPE, SORT_SQL_TYPE, IMPORTANCE, FIELD_CATEGORY_ID)
VALUES
(54,'Vend Column',NULL,'REPORT.ACTIVITY_REF.VEND_COLUMN','UPPER(REPORT.ACTIVITY_REF.VEND_COLUMN)',NULL,'VARCHAR','VARCHAR',50,11)
/
INSERT INTO FOLIO_CONF.field (FIELD_ID, FIELD_LABEL, FIELD_DESC, DISPLAY_EXPRESSION, SORT_EXPRESSION, DISPLAY_FORMAT, DISPLAY_SQL_TYPE, SORT_SQL_TYPE, IMPORTANCE, FIELD_CATEGORY_ID)
VALUES
(55,'Quantity',NULL,'SUM(REPORT.ACTIVITY_REF.QUANTITY)','SUM(REPORT.ACTIVITY_REF.QUANTITY)','NUMBER','NUMERIC','NUMERIC',50,6)
/
INSERT INTO FOLIO_CONF.field (FIELD_ID, FIELD_LABEL, FIELD_DESC, DISPLAY_EXPRESSION, SORT_EXPRESSION, DISPLAY_FORMAT, DISPLAY_SQL_TYPE, SORT_SQL_TYPE, IMPORTANCE, FIELD_CATEGORY_ID)
VALUES
(56,'Ref Nbr',NULL,'SUM(REPORT.ACTIVITY_REF.REF_NBR)','SUM(REPORT.ACTIVITY_REF.REF_NBR)','NUMBER','NUMERIC','NUMERIC',50,11)
/
INSERT INTO FOLIO_CONF.field (FIELD_ID, FIELD_LABEL, FIELD_DESC, DISPLAY_EXPRESSION, SORT_EXPRESSION, DISPLAY_FORMAT, DISPLAY_SQL_TYPE, SORT_SQL_TYPE, IMPORTANCE, FIELD_CATEGORY_ID)
VALUES
(102,'Unsettled Indicator',NULL,'MAX(CASE WHEN UPPER(REPORT.ACTIVITY_REF.SETTLE_STATE) IN(''SETTLED'', ''PROCESSED'') THEN NULL ELSE ''*'' END)','MAX(CASE WHEN UPPER(A.SETTLE_STATE) IN(''SETTLED'', ''PROCESSED'') THEN NULL ELSE ''*'' END)',NULL,'VARCHAR','VARCHAR',50,11)
/
INSERT INTO FOLIO_CONF.field (FIELD_ID, FIELD_LABEL, FIELD_DESC, DISPLAY_EXPRESSION, SORT_EXPRESSION, DISPLAY_FORMAT, DISPLAY_SQL_TYPE, SORT_SQL_TYPE, IMPORTANCE, FIELD_CATEGORY_ID)
VALUES
(58,'Description',NULL,'REPORT.ACTIVITY_REF.DESCRIPTION','UPPER(REPORT.ACTIVITY_REF.DESCRIPTION)',NULL,'VARCHAR','VARCHAR',50,11)
/
INSERT INTO FOLIO_CONF.field (FIELD_ID, FIELD_LABEL, FIELD_DESC, DISPLAY_EXPRESSION, SORT_EXPRESSION, DISPLAY_FORMAT, DISPLAY_SQL_TYPE, SORT_SQL_TYPE, IMPORTANCE, FIELD_CATEGORY_ID)
VALUES
(60,'Eport Serial Num',NULL,'REPORT.EPORT.EPORT_SERIAL_NUM','UPPER(REPORT.EPORT.EPORT_SERIAL_NUM)',NULL,'VARCHAR','VARCHAR',50,7)
/
INSERT INTO FOLIO_CONF.field (FIELD_ID, FIELD_LABEL, FIELD_DESC, DISPLAY_EXPRESSION, SORT_EXPRESSION, DISPLAY_FORMAT, DISPLAY_SQL_TYPE, SORT_SQL_TYPE, IMPORTANCE, FIELD_CATEGORY_ID)
VALUES
(64,'Activation Date Hour',NULL,'TO_CHAR(REPORT.EPORT.ACTIVATION_DATE, ''FMHH12 PM'')','TO_NUMBER(NVL(TO_CHAR(REPORT.EPORT.ACTIVATION_DATE, ''FMHH24''), ''0''))',NULL,'VARCHAR','NUMERIC',50,9)
/
INSERT INTO FOLIO_CONF.field (FIELD_ID, FIELD_LABEL, FIELD_DESC, DISPLAY_EXPRESSION, SORT_EXPRESSION, DISPLAY_FORMAT, DISPLAY_SQL_TYPE, SORT_SQL_TYPE, IMPORTANCE, FIELD_CATEGORY_ID)
VALUES
(65,'Activation Date Minute of Hour',NULL,'TO_NUMBER(NVL(TO_CHAR(REPORT.EPORT.ACTIVATION_DATE, ''FMMI''), ''0''))','TO_NUMBER(NVL(TO_CHAR(REPORT.EPORT.ACTIVATION_DATE, ''FMMI''), ''0''))','NUMBER','NUMERIC','NUMERIC',50,9)
/
INSERT INTO FOLIO_CONF.field (FIELD_ID, FIELD_LABEL, FIELD_DESC, DISPLAY_EXPRESSION, SORT_EXPRESSION, DISPLAY_FORMAT, DISPLAY_SQL_TYPE, SORT_SQL_TYPE, IMPORTANCE, FIELD_CATEGORY_ID)
VALUES
(69,'Termination Date Hour',NULL,'TO_CHAR(REPORT.EPORT.TERMINATION_DATE, ''FMHH12 PM'')','TO_NUMBER(NVL(TO_CHAR(REPORT.EPORT.TERMINATION_DATE, ''FMHH24''), ''0''))',NULL,'VARCHAR','NUMERIC',50,9)
/
INSERT INTO FOLIO_CONF.field (FIELD_ID, FIELD_LABEL, FIELD_DESC, DISPLAY_EXPRESSION, SORT_EXPRESSION, DISPLAY_FORMAT, DISPLAY_SQL_TYPE, SORT_SQL_TYPE, IMPORTANCE, FIELD_CATEGORY_ID)
VALUES
(70,'Termination Date Minute of Hour',NULL,'TO_NUMBER(NVL(TO_CHAR(REPORT.EPORT.TERMINATION_DATE, ''FMMI''), ''0''))','TO_NUMBER(NVL(TO_CHAR(REPORT.EPORT.TERMINATION_DATE, ''FMMI''), ''0''))','NUMBER','NUMERIC','NUMERIC',50,9)
/
INSERT INTO FOLIO_CONF.field (FIELD_ID, FIELD_LABEL, FIELD_DESC, DISPLAY_EXPRESSION, SORT_EXPRESSION, DISPLAY_FORMAT, DISPLAY_SQL_TYPE, SORT_SQL_TYPE, IMPORTANCE, FIELD_CATEGORY_ID)
VALUES
(74,'Lastdialin Date Hour',NULL,'TO_CHAR(REPORT.EPORT.LASTDIALIN_DATE, ''FMHH12 PM'')','TO_NUMBER(NVL(TO_CHAR(REPORT.EPORT.LASTDIALIN_DATE, ''FMHH24''), ''0''))',NULL,'VARCHAR','NUMERIC',50,9)
/
INSERT INTO FOLIO_CONF.field (FIELD_ID, FIELD_LABEL, FIELD_DESC, DISPLAY_EXPRESSION, SORT_EXPRESSION, DISPLAY_FORMAT, DISPLAY_SQL_TYPE, SORT_SQL_TYPE, IMPORTANCE, FIELD_CATEGORY_ID)
VALUES
(75,'Lastdialin Date Minute of Hour',NULL,'TO_NUMBER(NVL(TO_CHAR(REPORT.EPORT.LASTDIALIN_DATE, ''FMMI''), ''0''))','TO_NUMBER(NVL(TO_CHAR(REPORT.EPORT.LASTDIALIN_DATE, ''FMMI''), ''0''))','NUMBER','NUMERIC','NUMERIC',50,9)
/
INSERT INTO FOLIO_CONF.field (FIELD_ID, FIELD_LABEL, FIELD_DESC, DISPLAY_EXPRESSION, SORT_EXPRESSION, DISPLAY_FORMAT, DISPLAY_SQL_TYPE, SORT_SQL_TYPE, IMPORTANCE, FIELD_CATEGORY_ID)
VALUES
(103,'Settle State',NULL,'REPORT.ACTIVITY_REF.SETTLE_STATE','UPPER(REPORT.ACTIVITY_REF.SETTLE_STATE)',NULL,'VARCHAR','VARCHAR',50,11)
/
INSERT INTO FOLIO_CONF.field (FIELD_ID, FIELD_LABEL, FIELD_DESC, DISPLAY_EXPRESSION, SORT_EXPRESSION, DISPLAY_FORMAT, DISPLAY_SQL_TYPE, SORT_SQL_TYPE, IMPORTANCE, FIELD_CATEGORY_ID)
VALUES
(105,'Credit Amount',NULL,'SUM(CASE WHEN CORP.LEDGER.ENTRY_TYPE = ''CC'' THEN CORP.LEDGER.AMOUNT ELSE NULL END)','SUM(CASE WHEN CORP.LEDGER.ENTRY_TYPE = ''CC'' THEN CORP.LEDGER.AMOUNT ELSE NULL END)','CURRENCY','NUMERIC','NUMERIC',50,15)
/
INSERT INTO FOLIO_CONF.field (FIELD_ID, FIELD_LABEL, FIELD_DESC, DISPLAY_EXPRESSION, SORT_EXPRESSION, DISPLAY_FORMAT, DISPLAY_SQL_TYPE, SORT_SQL_TYPE, IMPORTANCE, FIELD_CATEGORY_ID)
VALUES
(78,'Eport Status',NULL,'REPORT.EPORT.STATUS','UPPER(REPORT.EPORT.STATUS)',NULL,'VARCHAR','VARCHAR',50,7)
/
INSERT INTO FOLIO_CONF.field (FIELD_ID, FIELD_LABEL, FIELD_DESC, DISPLAY_EXPRESSION, SORT_EXPRESSION, DISPLAY_FORMAT, DISPLAY_SQL_TYPE, SORT_SQL_TYPE, IMPORTANCE, FIELD_CATEGORY_ID)
VALUES
(106,'Refund Amount',NULL,'SUM(CASE WHEN CORP.LEDGER.ENTRY_TYPE = ''RF'' THEN CORP.LEDGER.AMOUNT ELSE NULL END)','SUM(CASE WHEN CORP.LEDGER.ENTRY_TYPE = ''RF'' THEN CORP.LEDGER.AMOUNT ELSE NULL END)','CURRENCY','NUMERIC','NUMERIC',50,15)
/
INSERT INTO FOLIO_CONF.field (FIELD_ID, FIELD_LABEL, FIELD_DESC, DISPLAY_EXPRESSION, SORT_EXPRESSION, DISPLAY_FORMAT, DISPLAY_SQL_TYPE, SORT_SQL_TYPE, IMPORTANCE, FIELD_CATEGORY_ID)
VALUES
(107,'Chrgbck Amount',NULL,'SUM(CASE WHEN CORP.LEDGER.ENTRY_TYPE = ''CB'' THEN CORP.LEDGER.AMOUNT ELSE NULL END)','SUM(CASE WHEN CORP.LEDGER.ENTRY_TYPE = ''CB'' THEN CORP.LEDGER.AMOUNT ELSE NULL END)','CURRENCY','NUMERIC','NUMERIC',50,15)
/
INSERT INTO FOLIO_CONF.field (FIELD_ID, FIELD_LABEL, FIELD_DESC, DISPLAY_EXPRESSION, SORT_EXPRESSION, DISPLAY_FORMAT, DISPLAY_SQL_TYPE, SORT_SQL_TYPE, IMPORTANCE, FIELD_CATEGORY_ID)
VALUES
(108,'Process Fee',NULL,'SUM(CASE WHEN CORP.LEDGER.ENTRY_TYPE = ''PF'' THEN CORP.LEDGER.AMOUNT ELSE NULL END)','SUM(CASE WHEN CORP.LEDGER.ENTRY_TYPE = ''PF'' THEN CORP.LEDGER.AMOUNT ELSE NULL END)','CURRENCY','NUMERIC','NUMERIC',50,15)
/
INSERT INTO FOLIO_CONF.field (FIELD_ID, FIELD_LABEL, FIELD_DESC, DISPLAY_EXPRESSION, SORT_EXPRESSION, DISPLAY_FORMAT, DISPLAY_SQL_TYPE, SORT_SQL_TYPE, IMPORTANCE, FIELD_CATEGORY_ID)
VALUES
(109,'Service Fee',NULL,'SUM(CASE WHEN CORP.LEDGER.ENTRY_TYPE = ''SF'' THEN CORP.LEDGER.AMOUNT ELSE NULL END)','SUM(CASE WHEN CORP.LEDGER.ENTRY_TYPE = ''SF'' THEN CORP.LEDGER.AMOUNT ELSE NULL END)','CURRENCY','NUMERIC','NUMERIC',50,15)
/
INSERT INTO FOLIO_CONF.field (FIELD_ID, FIELD_LABEL, FIELD_DESC, DISPLAY_EXPRESSION, SORT_EXPRESSION, DISPLAY_FORMAT, DISPLAY_SQL_TYPE, SORT_SQL_TYPE, IMPORTANCE, FIELD_CATEGORY_ID)
VALUES
(110,'Adjustments',NULL,'SUM(CASE WHEN CORP.LEDGER.ENTRY_TYPE = ''AD'' THEN CORP.LEDGER.AMOUNT ELSE NULL END)','SUM(CASE WHEN CORP.LEDGER.ENTRY_TYPE = ''AD'' THEN CORP.LEDGER.AMOUNT ELSE NULL END)','CURRENCY','NUMERIC','NUMERIC',50,15)
/
INSERT INTO FOLIO_CONF.field (FIELD_ID, FIELD_LABEL, FIELD_DESC, DISPLAY_EXPRESSION, SORT_EXPRESSION, DISPLAY_FORMAT, DISPLAY_SQL_TYPE, SORT_SQL_TYPE, IMPORTANCE, FIELD_CATEGORY_ID)
VALUES
(111,'Bank Account',NULL,'CORP.CUSTOMER_BANK.BANK_ACCT_NBR','CORP.CUSTOMER_BANK.BANK_ACCT_NBR',NULL,'VARCHAR','VARCHAR',50,16)
/
INSERT INTO FOLIO_CONF.field (FIELD_ID, FIELD_LABEL, FIELD_DESC, DISPLAY_EXPRESSION, SORT_EXPRESSION, DISPLAY_FORMAT, DISPLAY_SQL_TYPE, SORT_SQL_TYPE, IMPORTANCE, FIELD_CATEGORY_ID)
VALUES
(112,'Bank Routing Nbr',NULL,'CORP.CUSTOMER_BANK.BANK_ROUTING_NBR','CORP.CUSTOMER_BANK.BANK_ROUTING_NBR',NULL,'VARCHAR','VARCHAR',50,16)
/
INSERT INTO FOLIO_CONF.field (FIELD_ID, FIELD_LABEL, FIELD_DESC, DISPLAY_EXPRESSION, SORT_EXPRESSION, DISPLAY_FORMAT, DISPLAY_SQL_TYPE, SORT_SQL_TYPE, IMPORTANCE, FIELD_CATEGORY_ID)
VALUES
(113,'In Payment',NULL,'CORP.BATCH.CLOSED','CORP.BATCH.CLOSED',NULL,'VARCHAR','VARCHAR',50,17)
/
INSERT INTO FOLIO_CONF.field (FIELD_ID, FIELD_LABEL, FIELD_DESC, DISPLAY_EXPRESSION, SORT_EXPRESSION, DISPLAY_FORMAT, DISPLAY_SQL_TYPE, SORT_SQL_TYPE, IMPORTANCE, FIELD_CATEGORY_ID)
VALUES
(114,'Paid Date',NULL,'CORP.DOC.SENT_DATE','CORP.DOC.SENT_DATE','DATE','DATE','DATE',50,17)
/
INSERT INTO FOLIO_CONF.field (FIELD_ID, FIELD_LABEL, FIELD_DESC, DISPLAY_EXPRESSION, SORT_EXPRESSION, DISPLAY_FORMAT, DISPLAY_SQL_TYPE, SORT_SQL_TYPE, IMPORTANCE, FIELD_CATEGORY_ID)
VALUES
(115,'Entry Received Date',NULL,'DECODE(CORP.LEDGER.ENTRY_TYPE, ''AD'', CORP.LEDGER.ENTRY_DATE, ''SF'', CORP.LEDGER.ENTRY_DATE, REPORT.TRANS.SERVER_DATE)','DECODE(CORP.LEDGER.ENTRY_TYPE, ''AD'', CORP.LEDGER.ENTRY_DATE, ''SF'', CORP.LEDGER.ENTRY_DATE, REPORT.TRANS.SERVER_DATE)','DATE','DATE','DATE',50,17)
/
INSERT INTO FOLIO_CONF.field (FIELD_ID, FIELD_LABEL, FIELD_DESC, DISPLAY_EXPRESSION, SORT_EXPRESSION, DISPLAY_FORMAT, DISPLAY_SQL_TYPE, SORT_SQL_TYPE, IMPORTANCE, FIELD_CATEGORY_ID)
VALUES
(116,'Payable',NULL,'CORP.PAYMENTS_PKG.ENTRY_PAYABLE(CORP.LEDGER.SETTLE_STATE_ID,CORP.LEDGER.ENTRY_TYPE)','CORP.PAYMENTS_PKG.ENTRY_PAYABLE(CORP.LEDGER.SETTLE_STATE_ID,CORP.LEDGER.ENTRY_TYPE)',NULL,'VARCHAR','VARCHAR',50,17)
/
INSERT INTO FOLIO_CONF.field (FIELD_ID, FIELD_LABEL, FIELD_DESC, DISPLAY_EXPRESSION, SORT_EXPRESSION, DISPLAY_FORMAT, DISPLAY_SQL_TYPE, SORT_SQL_TYPE, IMPORTANCE, FIELD_CATEGORY_ID)
VALUES
(117,'Entry Month',NULL,'TRUNC(CORP.LEDGER.ENTRY_DATE, ''MONTH'')','TRUNC(CORP.LEDGER.ENTRY_DATE, ''MONTH'')','DATE:MMMM, yyyy','DATE','DATE',50,17)
/
INSERT INTO FOLIO_CONF.field (FIELD_ID, FIELD_LABEL, FIELD_DESC, DISPLAY_EXPRESSION, SORT_EXPRESSION, DISPLAY_FORMAT, DISPLAY_SQL_TYPE, SORT_SQL_TYPE, IMPORTANCE, FIELD_CATEGORY_ID)
VALUES
(261,'Settle Date',NULL,'REPORT.TRANS.SETTLE_DATE','REPORT.TRANS.SETTLE_DATE','DATE:MM/dd/yyyy','DATE','DATE',50,9)
/
INSERT INTO FOLIO_CONF.field (FIELD_ID, FIELD_LABEL, FIELD_DESC, DISPLAY_EXPRESSION, SORT_EXPRESSION, DISPLAY_FORMAT, DISPLAY_SQL_TYPE, SORT_SQL_TYPE, IMPORTANCE, FIELD_CATEGORY_ID)
VALUES
(301,'Pass Card Amount','From Trans','SUM(CASE WHEN REPORT.TRANS.TRANS_TYPE_ID = 18 THEN REPORT.TRANS.TOTAL_AMOUNT ELSE 0 END)','SUM(CASE WHEN REPORT.TRANS.TRANS_TYPE_ID = 18 THEN REPORT.TRANS.TOTAL_AMOUNT ELSE NULL END)',NULL,'NUMERIC','NUMERIC',50,15)
/
INSERT INTO FOLIO_CONF.field (FIELD_ID, FIELD_LABEL, FIELD_DESC, DISPLAY_EXPRESSION, SORT_EXPRESSION, DISPLAY_FORMAT, DISPLAY_SQL_TYPE, SORT_SQL_TYPE, IMPORTANCE, FIELD_CATEGORY_ID)
VALUES
(263,'Settle Time',NULL,'TO_CHAR(REPORT.TRANS.SETTLE_DATE, ''HH:mm:ss'')','REPORT.TRANS.SETTLE_DATE',NULL,'VARCHAR','DATE',50,9)
/
INSERT INTO FOLIO_CONF.field (FIELD_ID, FIELD_LABEL, FIELD_DESC, DISPLAY_EXPRESSION, SORT_EXPRESSION, DISPLAY_FORMAT, DISPLAY_SQL_TYPE, SORT_SQL_TYPE, IMPORTANCE, FIELD_CATEGORY_ID)
VALUES
(281,'Refund Reason',NULL,'REPORT.ACTIVITY_REF.DESCRIPTION','REPORT.ACTIVITY_REF.DESCRIPTION',NULL,'VARCHAR','VARCHAR',50,11)
/
INSERT INTO FOLIO_CONF.field (FIELD_ID, FIELD_LABEL, FIELD_DESC, DISPLAY_EXPRESSION, SORT_EXPRESSION, DISPLAY_FORMAT, DISPLAY_SQL_TYPE, SORT_SQL_TYPE, IMPORTANCE, FIELD_CATEGORY_ID)
VALUES
(302,'Access Card Amount','From Trans','SUM(CASE WHEN REPORT.TRANS.TRANS_TYPE_ID = 17 THEN REPORT.TRANS.TOTAL_AMOUNT ELSE 0 END)','SUM(CASE WHEN REPORT.TRANS.TRANS_TYPE_ID = 17 THEN REPORT.TRANS.TOTAL_AMOUNT ELSE NULL END)',NULL,'NUMERIC','NUMERIC',50,15)
/
INSERT INTO FOLIO_CONF.field (FIELD_ID, FIELD_LABEL, FIELD_DESC, DISPLAY_EXPRESSION, SORT_EXPRESSION, DISPLAY_FORMAT, DISPLAY_SQL_TYPE, SORT_SQL_TYPE, IMPORTANCE, FIELD_CATEGORY_ID)
VALUES
(303,'Debit Card Amount',NULL,'SUM(CASE WHEN REPORT.TRANS.TRANS_TYPE_ID = 19 THEN REPORT.TRANS.TOTAL_AMOUNT ELSE 0 END)','SUM(CASE WHEN REPORT.TRANS.TRANS_TYPE_ID = 19 THEN REPORT.TRANS.TOTAL_AMOUNT ELSE NULL END)',NULL,'NUMERIC','NUMERIC',50,15)
/
INSERT INTO FOLIO_CONF.field (FIELD_ID, FIELD_LABEL, FIELD_DESC, DISPLAY_EXPRESSION, SORT_EXPRESSION, DISPLAY_FORMAT, DISPLAY_SQL_TYPE, SORT_SQL_TYPE, IMPORTANCE, FIELD_CATEGORY_ID)
VALUES
(321,'Device Type Id',NULL,'REPORT.DEVICE_TYPE.DEVICE_TYPE_ID','REPORT.DEVICE_TYPE.DEVICE_TYPE_ID','NUMBER','NUMERIC','NUMERIC',50,12)
/
INSERT INTO FOLIO_CONF.field (FIELD_ID, FIELD_LABEL, FIELD_DESC, DISPLAY_EXPRESSION, SORT_EXPRESSION, DISPLAY_FORMAT, DISPLAY_SQL_TYPE, SORT_SQL_TYPE, IMPORTANCE, FIELD_CATEGORY_ID)
VALUES
(322,'Credit Card Amount','From Trans','SUM(CASE WHEN REPORT.TRANS.TRANS_TYPE_ID = 16 THEN REPORT.TRANS.TOTAL_AMOUNT ELSE 0 END)','SUM(CASE WHEN REPORT.TRANS.TRANS_TYPE_ID = 16 THEN REPORT.TRANS.TOTAL_AMOUNT ELSE NULL END)',NULL,'NUMERIC','NUMERIC',50,15)
/
INSERT INTO FOLIO_CONF.field (FIELD_ID, FIELD_LABEL, FIELD_DESC, DISPLAY_EXPRESSION, SORT_EXPRESSION, DISPLAY_FORMAT, DISPLAY_SQL_TYPE, SORT_SQL_TYPE, IMPORTANCE, FIELD_CATEGORY_ID)
VALUES
(323,'Refund and CB Amount','From Trans','SUM(CASE WHEN REPORT.TRANS.TRANS_TYPE_ID = 20 OR REPORT.TRANS.TRANS_TYPE_ID = 21 THEN REPORT.TRANS.TOTAL_AMOUNT ELSE 0 END)','SUM(CASE WHEN REPORT.TRANS.TRANS_TYPE_ID = 20 OR REPORT.TRANS.TRANS_TYPE_ID = 21 THEN REPORT.TRANS.TOTAL_AMOUNT ELSE NULL END)',NULL,'NUMERIC','NUMERIC',50,15)
/
INSERT INTO FOLIO_CONF.field (FIELD_ID, FIELD_LABEL, FIELD_DESC, DISPLAY_EXPRESSION, SORT_EXPRESSION, DISPLAY_FORMAT, DISPLAY_SQL_TYPE, SORT_SQL_TYPE, IMPORTANCE, FIELD_CATEGORY_ID)
VALUES
(324,'Total Amount','From Trans','SUM(REPORT.TRANS.TOTAL_AMOUNT)','SUM(REPORT.TRANS.TOTAL_AMOUNT)',NULL,'NUMERIC','NUMERIC',50,15)
/
INSERT INTO FOLIO_CONF.field (FIELD_ID, FIELD_LABEL, FIELD_DESC, DISPLAY_EXPRESSION, SORT_EXPRESSION, DISPLAY_FORMAT, DISPLAY_SQL_TYPE, SORT_SQL_TYPE, IMPORTANCE, FIELD_CATEGORY_ID)
VALUES
(341,'Service Fee Type Name',NULL,'CORP.FEES.FEE_NAME','CORP.FEES.FEE_NAME',NULL,'VARCHAR','VARCHAR',50,15)
/
INSERT INTO FOLIO_CONF.field (FIELD_ID, FIELD_LABEL, FIELD_DESC, DISPLAY_EXPRESSION, SORT_EXPRESSION, DISPLAY_FORMAT, DISPLAY_SQL_TYPE, SORT_SQL_TYPE, IMPORTANCE, FIELD_CATEGORY_ID)
VALUES
(121,'Create Date',NULL,'REPORT.ACTIVITY_REF.CREATE_DT','REPORT.ACTIVITY_REF.CREATE_DT','DATE:MM/dd/yyyy','DATE','DATE',50,9)
/
INSERT INTO FOLIO_CONF.field (FIELD_ID, FIELD_LABEL, FIELD_DESC, DISPLAY_EXPRESSION, SORT_EXPRESSION, DISPLAY_FORMAT, DISPLAY_SQL_TYPE, SORT_SQL_TYPE, IMPORTANCE, FIELD_CATEGORY_ID)
VALUES
(101,'Customer Name',NULL,'CORP.CUSTOMER.CUSTOMER_NAME','UPPER(CORP.CUSTOMER.CUSTOMER_NAME)',NULL,'VARCHAR','VARCHAR',50,7)
/
INSERT INTO FOLIO_CONF.field (FIELD_ID, FIELD_LABEL, FIELD_DESC, DISPLAY_EXPRESSION, SORT_EXPRESSION, DISPLAY_FORMAT, DISPLAY_SQL_TYPE, SORT_SQL_TYPE, IMPORTANCE, FIELD_CATEGORY_ID)
VALUES
(161,'Currency Type Id',NULL,'REPORT.CURRENCY.CURRENCY_ID','REPORT.CURRENCY.CURRENCY_ID',NULL,'NUMERIC','NUMERIC',50,12)
/
INSERT INTO FOLIO_CONF.field (FIELD_ID, FIELD_LABEL, FIELD_DESC, DISPLAY_EXPRESSION, SORT_EXPRESSION, DISPLAY_FORMAT, DISPLAY_SQL_TYPE, SORT_SQL_TYPE, IMPORTANCE, FIELD_CATEGORY_ID)
VALUES
(181,'Currency Symbol',NULL,'REPORT.CURRENCY.CURRENCY_SYMBOL','REPORT.CURRENCY.CURRENCY_SYMBOL',NULL,'VARCHAR','VARCHAR',50,6)
/
INSERT INTO FOLIO_CONF.field (FIELD_ID, FIELD_LABEL, FIELD_DESC, DISPLAY_EXPRESSION, SORT_EXPRESSION, DISPLAY_FORMAT, DISPLAY_SQL_TYPE, SORT_SQL_TYPE, IMPORTANCE, FIELD_CATEGORY_ID)
VALUES
(182,'Currency Code',NULL,'REPORT.CURRENCY.CURRENCY_CODE','REPORT.CURRENCY.CURRENCY_CODE',NULL,'VARCHAR','VARCHAR',50,6)
/
INSERT INTO FOLIO_CONF.field (FIELD_ID, FIELD_LABEL, FIELD_DESC, DISPLAY_EXPRESSION, SORT_EXPRESSION, DISPLAY_FORMAT, DISPLAY_SQL_TYPE, SORT_SQL_TYPE, IMPORTANCE, FIELD_CATEGORY_ID)
VALUES
(201,'Currency Type Name',NULL,'REPORT.CURRENCY.CURRENCY_NAME','REPORT.CURRENCY.CURRENCY_NAME',NULL,'VARCHAR','VARCHAR',50,12)
/
INSERT INTO FOLIO_CONF.field (FIELD_ID, FIELD_LABEL, FIELD_DESC, DISPLAY_EXPRESSION, SORT_EXPRESSION, DISPLAY_FORMAT, DISPLAY_SQL_TYPE, SORT_SQL_TYPE, IMPORTANCE, FIELD_CATEGORY_ID)
VALUES
(344,'Ledger Date',NULL,'CORP.LEDGER.LEDGER_DATE','CORP.LEDGER.LEDGER_DATE',NULL,'DATE','DATE',50,9)
/
INSERT INTO FOLIO_CONF.field (FIELD_ID, FIELD_LABEL, FIELD_DESC, DISPLAY_EXPRESSION, SORT_EXPRESSION, DISPLAY_FORMAT, DISPLAY_SQL_TYPE, SORT_SQL_TYPE, IMPORTANCE, FIELD_CATEGORY_ID)
VALUES
(345,'Fee Type Id',NULL,'CORP.FEES.FEE_ID','CORP.FEES.FEE_ID',NULL,'NUMERIC','NUMERIC',50,12)
/
INSERT INTO FOLIO_CONF.field (FIELD_ID, FIELD_LABEL, FIELD_DESC, DISPLAY_EXPRESSION, SORT_EXPRESSION, DISPLAY_FORMAT, DISPLAY_SQL_TYPE, SORT_SQL_TYPE, IMPORTANCE, FIELD_CATEGORY_ID)
VALUES
(141,'Create Time',NULL,'TO_CHAR(REPORT.ACTIVITY_REF.CREATE_DT, ''HH:mm:ss'')','TO_CHAR(REPORT.ACTIVITY_REF.CREATE_DT, ''HH:mm:ss'')',NULL,'VARCHAR','VARCHAR',50,9)
/
INSERT INTO FOLIO_CONF.field (FIELD_ID, FIELD_LABEL, FIELD_DESC, DISPLAY_EXPRESSION, SORT_EXPRESSION, DISPLAY_FORMAT, DISPLAY_SQL_TYPE, SORT_SQL_TYPE, IMPORTANCE, FIELD_CATEGORY_ID)
VALUES
(142,'Masked Card Number',NULL,'SUBSTR(TRIM(REPORT.ACTIVITY_REF.CARD_NUMBER),0,2) || ''..'' || SUBSTR(TRIM(REPORT.ACTIVITY_REF.CARD_NUMBER),LENGTH(TRIM(REPORT.ACTIVITY_REF.CARD_NUMBER))-3,LENGTH(TRIM(REPORT.ACTIVITY_REF.CARD_NUMBER)))','SUBSTR(TRIM(REPORT.ACTIVITY_REF.CARD_NUMBER),0,2) || ''..'' || SUBSTR(TRIM(REPORT.ACTIVITY_REF.CARD_NUMBER),LENGTH(TRIM(REPORT.ACTIVITY_REF.CARD_NUMBER))-3,LENGTH(TRIM(REPORT.ACTIVITY_REF.CARD_NUMBER)))',NULL,'VARCHAR','VARCHAR',50,11)
/
 
INSERT INTO FOLIO_CONF.field_priv (field_priv_id, user_group_id, field_id, filter_field_id, filter_operator_id, filter_param_name, filter_param_value, filter_group_cd)
VALUES
(181,1,221,NULL,NULL,NULL,NULL,NULL)
/
INSERT INTO FOLIO_CONF.field_priv (field_priv_id, user_group_id, field_id, filter_field_id, filter_operator_id, filter_param_name, filter_param_value, filter_group_cd)
VALUES
(182,1,222,NULL,NULL,NULL,NULL,NULL)
/
INSERT INTO FOLIO_CONF.field_priv (field_priv_id, user_group_id, field_id, filter_field_id, filter_operator_id, filter_param_name, filter_param_value, filter_group_cd)
VALUES
(201,1,242,NULL,NULL,NULL,NULL,NULL)
/
INSERT INTO FOLIO_CONF.field_priv (field_priv_id, user_group_id, field_id, filter_field_id, filter_operator_id, filter_param_name, filter_param_value, filter_group_cd)
VALUES
(241,1,281,NULL,NULL,NULL,NULL,NULL)
/
INSERT INTO FOLIO_CONF.field_priv (field_priv_id, user_group_id, field_id, filter_field_id, filter_operator_id, filter_param_name, filter_param_value, filter_group_cd)
VALUES
(281,1,321,NULL,NULL,NULL,NULL,NULL)
/
INSERT INTO FOLIO_CONF.field_priv (field_priv_id, user_group_id, field_id, filter_field_id, filter_operator_id, filter_param_name, filter_param_value, filter_group_cd)
VALUES
(282,1,322,NULL,NULL,NULL,NULL,NULL)
/
INSERT INTO FOLIO_CONF.field_priv (field_priv_id, user_group_id, field_id, filter_field_id, filter_operator_id, filter_param_name, filter_param_value, filter_group_cd)
VALUES
(283,1,323,NULL,NULL,NULL,NULL,NULL)
/
INSERT INTO FOLIO_CONF.field_priv (field_priv_id, user_group_id, field_id, filter_field_id, filter_operator_id, filter_param_name, filter_param_value, filter_group_cd)
VALUES
(284,1,324,NULL,NULL,NULL,NULL,NULL)
/
INSERT INTO FOLIO_CONF.field_priv (field_priv_id, user_group_id, field_id, filter_field_id, filter_operator_id, filter_param_name, filter_param_value, filter_group_cd)
VALUES
(303,1,344,NULL,NULL,NULL,NULL,NULL)
/
INSERT INTO FOLIO_CONF.field_priv (field_priv_id, user_group_id, field_id, filter_field_id, filter_operator_id, filter_param_name, filter_param_value, filter_group_cd)
VALUES
(304,1,345,NULL,NULL,NULL,NULL,NULL)
/
INSERT INTO FOLIO_CONF.field_priv (field_priv_id, user_group_id, field_id, filter_field_id, filter_operator_id, filter_param_name, filter_param_value, filter_group_cd)
VALUES
(102,1,102,NULL,NULL,NULL,NULL,NULL)
/
INSERT INTO FOLIO_CONF.field_priv (field_priv_id, user_group_id, field_id, filter_field_id, filter_operator_id, filter_param_name, filter_param_value, filter_group_cd)
VALUES
(107,1,107,NULL,NULL,NULL,NULL,NULL)
/
INSERT INTO FOLIO_CONF.field_priv (field_priv_id, user_group_id, field_id, filter_field_id, filter_operator_id, filter_param_name, filter_param_value, filter_group_cd)
VALUES
(103,1,103,NULL,NULL,NULL,NULL,NULL)
/
INSERT INTO FOLIO_CONF.field_priv (field_priv_id, user_group_id, field_id, filter_field_id, filter_operator_id, filter_param_name, filter_param_value, filter_group_cd)
VALUES
(114,1,114,NULL,NULL,NULL,NULL,NULL)
/
INSERT INTO FOLIO_CONF.field_priv (field_priv_id, user_group_id, field_id, filter_field_id, filter_operator_id, filter_param_name, filter_param_value, filter_group_cd)
VALUES
(112,1,112,NULL,NULL,NULL,NULL,NULL)
/
INSERT INTO FOLIO_CONF.field_priv (field_priv_id, user_group_id, field_id, filter_field_id, filter_operator_id, filter_param_name, filter_param_value, filter_group_cd)
VALUES
(110,1,110,NULL,NULL,NULL,NULL,NULL)
/
INSERT INTO FOLIO_CONF.field_priv (field_priv_id, user_group_id, field_id, filter_field_id, filter_operator_id, filter_param_name, filter_param_value, filter_group_cd)
VALUES
(105,1,105,NULL,NULL,NULL,NULL,NULL)
/
INSERT INTO FOLIO_CONF.field_priv (field_priv_id, user_group_id, field_id, filter_field_id, filter_operator_id, filter_param_name, filter_param_value, filter_group_cd)
VALUES
(109,1,109,NULL,NULL,NULL,NULL,NULL)
/
INSERT INTO FOLIO_CONF.field_priv (field_priv_id, user_group_id, field_id, filter_field_id, filter_operator_id, filter_param_name, filter_param_value, filter_group_cd)
VALUES
(106,1,106,NULL,NULL,NULL,NULL,NULL)
/
INSERT INTO FOLIO_CONF.field_priv (field_priv_id, user_group_id, field_id, filter_field_id, filter_operator_id, filter_param_name, filter_param_value, filter_group_cd)
VALUES
(116,1,116,NULL,NULL,NULL,NULL,NULL)
/
INSERT INTO FOLIO_CONF.field_priv (field_priv_id, user_group_id, field_id, filter_field_id, filter_operator_id, filter_param_name, filter_param_value, filter_group_cd)
VALUES
(115,1,115,NULL,NULL,NULL,NULL,NULL)
/
INSERT INTO FOLIO_CONF.field_priv (field_priv_id, user_group_id, field_id, filter_field_id, filter_operator_id, filter_param_name, filter_param_value, filter_group_cd)
VALUES
(111,1,111,NULL,NULL,NULL,NULL,NULL)
/
INSERT INTO FOLIO_CONF.field_priv (field_priv_id, user_group_id, field_id, filter_field_id, filter_operator_id, filter_param_name, filter_param_value, filter_group_cd)
VALUES
(113,1,113,NULL,NULL,NULL,NULL,NULL)
/
INSERT INTO FOLIO_CONF.field_priv (field_priv_id, user_group_id, field_id, filter_field_id, filter_operator_id, filter_param_name, filter_param_value, filter_group_cd)
VALUES
(108,1,108,NULL,NULL,NULL,NULL,NULL)
/
INSERT INTO FOLIO_CONF.field_priv (field_priv_id, user_group_id, field_id, filter_field_id, filter_operator_id, filter_param_name, filter_param_value, filter_group_cd)
VALUES
(117,1,117,NULL,NULL,NULL,NULL,NULL)
/
INSERT INTO FOLIO_CONF.field_priv (field_priv_id, user_group_id, field_id, filter_field_id, filter_operator_id, filter_param_name, filter_param_value, filter_group_cd)
VALUES
(221,1,261,NULL,NULL,NULL,NULL,NULL)
/
INSERT INTO FOLIO_CONF.field_priv (field_priv_id, user_group_id, field_id, filter_field_id, filter_operator_id, filter_param_name, filter_param_value, filter_group_cd)
VALUES
(222,1,262,NULL,NULL,NULL,NULL,NULL)
/
INSERT INTO FOLIO_CONF.field_priv (field_priv_id, user_group_id, field_id, filter_field_id, filter_operator_id, filter_param_name, filter_param_value, filter_group_cd)
VALUES
(223,1,263,NULL,NULL,NULL,NULL,NULL)
/
INSERT INTO FOLIO_CONF.field_priv (field_priv_id, user_group_id, field_id, filter_field_id, filter_operator_id, filter_param_name, filter_param_value, filter_group_cd)
VALUES
(261,1,301,NULL,NULL,NULL,NULL,NULL)
/
INSERT INTO FOLIO_CONF.field_priv (field_priv_id, user_group_id, field_id, filter_field_id, filter_operator_id, filter_param_name, filter_param_value, filter_group_cd)
VALUES
(262,1,302,NULL,NULL,NULL,NULL,NULL)
/
INSERT INTO FOLIO_CONF.field_priv (field_priv_id, user_group_id, field_id, filter_field_id, filter_operator_id, filter_param_name, filter_param_value, filter_group_cd)
VALUES
(263,1,303,NULL,NULL,NULL,NULL,NULL)
/
INSERT INTO FOLIO_CONF.field_priv (field_priv_id, user_group_id, field_id, filter_field_id, filter_operator_id, filter_param_name, filter_param_value, filter_group_cd)
VALUES
(301,1,341,NULL,NULL,NULL,NULL,NULL)
/
INSERT INTO FOLIO_CONF.field_priv (field_priv_id, user_group_id, field_id, filter_field_id, filter_operator_id, filter_param_name, filter_param_value, filter_group_cd)
VALUES
(302,1,342,NULL,NULL,NULL,NULL,NULL)
/
INSERT INTO FOLIO_CONF.field_priv (field_priv_id, user_group_id, field_id, filter_field_id, filter_operator_id, filter_param_name, filter_param_value, filter_group_cd)
VALUES
(101,1,101,NULL,NULL,NULL,NULL,NULL)
/
INSERT INTO FOLIO_CONF.field_priv (field_priv_id, user_group_id, field_id, filter_field_id, filter_operator_id, filter_param_name, filter_param_value, filter_group_cd)
VALUES
(81,1,121,NULL,NULL,NULL,NULL,NULL)
/
INSERT INTO FOLIO_CONF.field_priv (field_priv_id, user_group_id, field_id, filter_field_id, filter_operator_id, filter_param_name, filter_param_value, filter_group_cd)
VALUES
(121,1,161,NULL,NULL,NULL,NULL,NULL)
/
INSERT INTO FOLIO_CONF.field_priv (field_priv_id, user_group_id, field_id, filter_field_id, filter_operator_id, filter_param_name, filter_param_value, filter_group_cd)
VALUES
(141,1,181,NULL,NULL,NULL,NULL,NULL)
/
INSERT INTO FOLIO_CONF.field_priv (field_priv_id, user_group_id, field_id, filter_field_id, filter_operator_id, filter_param_name, filter_param_value, filter_group_cd)
VALUES
(142,1,182,NULL,NULL,NULL,NULL,NULL)
/
INSERT INTO FOLIO_CONF.field_priv (field_priv_id, user_group_id, field_id, filter_field_id, filter_operator_id, filter_param_name, filter_param_value, filter_group_cd)
VALUES
(161,1,201,NULL,NULL,NULL,NULL,NULL)
/
INSERT INTO FOLIO_CONF.field_priv (field_priv_id, user_group_id, field_id, filter_field_id, filter_operator_id, filter_param_name, filter_param_value, filter_group_cd)
VALUES
(2,1,3,NULL,NULL,NULL,NULL,NULL)
/
INSERT INTO FOLIO_CONF.field_priv (field_priv_id, user_group_id, field_id, filter_field_id, filter_operator_id, filter_param_name, filter_param_value, filter_group_cd)
VALUES
(3,1,4,NULL,NULL,NULL,NULL,NULL)
/
INSERT INTO FOLIO_CONF.field_priv (field_priv_id, user_group_id, field_id, filter_field_id, filter_operator_id, filter_param_name, filter_param_value, filter_group_cd)
VALUES
(4,1,5,NULL,NULL,NULL,NULL,NULL)
/
INSERT INTO FOLIO_CONF.field_priv (field_priv_id, user_group_id, field_id, filter_field_id, filter_operator_id, filter_param_name, filter_param_value, filter_group_cd)
VALUES
(5,1,6,NULL,NULL,NULL,NULL,NULL)
/
INSERT INTO FOLIO_CONF.field_priv (field_priv_id, user_group_id, field_id, filter_field_id, filter_operator_id, filter_param_name, filter_param_value, filter_group_cd)
VALUES
(6,1,7,NULL,NULL,NULL,NULL,NULL)
/
INSERT INTO FOLIO_CONF.field_priv (field_priv_id, user_group_id, field_id, filter_field_id, filter_operator_id, filter_param_name, filter_param_value, filter_group_cd)
VALUES
(7,1,8,NULL,NULL,NULL,NULL,NULL)
/
INSERT INTO FOLIO_CONF.field_priv (field_priv_id, user_group_id, field_id, filter_field_id, filter_operator_id, filter_param_name, filter_param_value, filter_group_cd)
VALUES
(8,1,9,NULL,NULL,NULL,NULL,NULL)
/
INSERT INTO FOLIO_CONF.field_priv (field_priv_id, user_group_id, field_id, filter_field_id, filter_operator_id, filter_param_name, filter_param_value, filter_group_cd)
VALUES
(9,1,10,NULL,NULL,NULL,NULL,NULL)
/
INSERT INTO FOLIO_CONF.field_priv (field_priv_id, user_group_id, field_id, filter_field_id, filter_operator_id, filter_param_name, filter_param_value, filter_group_cd)
VALUES
(10,1,11,NULL,NULL,NULL,NULL,NULL)
/
INSERT INTO FOLIO_CONF.field_priv (field_priv_id, user_group_id, field_id, filter_field_id, filter_operator_id, filter_param_name, filter_param_value, filter_group_cd)
VALUES
(11,1,12,NULL,NULL,NULL,NULL,NULL)
/
INSERT INTO FOLIO_CONF.field_priv (field_priv_id, user_group_id, field_id, filter_field_id, filter_operator_id, filter_param_name, filter_param_value, filter_group_cd)
VALUES
(12,1,13,NULL,NULL,NULL,NULL,NULL)
/
INSERT INTO FOLIO_CONF.field_priv (field_priv_id, user_group_id, field_id, filter_field_id, filter_operator_id, filter_param_name, filter_param_value, filter_group_cd)
VALUES
(13,1,14,NULL,NULL,NULL,NULL,NULL)
/
INSERT INTO FOLIO_CONF.field_priv (field_priv_id, user_group_id, field_id, filter_field_id, filter_operator_id, filter_param_name, filter_param_value, filter_group_cd)
VALUES
(14,1,15,NULL,NULL,NULL,NULL,NULL)
/
INSERT INTO FOLIO_CONF.field_priv (field_priv_id, user_group_id, field_id, filter_field_id, filter_operator_id, filter_param_name, filter_param_value, filter_group_cd)
VALUES
(15,1,16,NULL,NULL,NULL,NULL,NULL)
/
INSERT INTO FOLIO_CONF.field_priv (field_priv_id, user_group_id, field_id, filter_field_id, filter_operator_id, filter_param_name, filter_param_value, filter_group_cd)
VALUES
(16,1,17,NULL,NULL,NULL,NULL,NULL)
/
INSERT INTO FOLIO_CONF.field_priv (field_priv_id, user_group_id, field_id, filter_field_id, filter_operator_id, filter_param_name, filter_param_value, filter_group_cd)
VALUES
(17,1,18,NULL,NULL,NULL,NULL,NULL)
/
INSERT INTO FOLIO_CONF.field_priv (field_priv_id, user_group_id, field_id, filter_field_id, filter_operator_id, filter_param_name, filter_param_value, filter_group_cd)
VALUES
(18,1,19,NULL,NULL,NULL,NULL,NULL)
/
INSERT INTO FOLIO_CONF.field_priv (field_priv_id, user_group_id, field_id, filter_field_id, filter_operator_id, filter_param_name, filter_param_value, filter_group_cd)
VALUES
(19,1,20,NULL,NULL,NULL,NULL,NULL)
/
INSERT INTO FOLIO_CONF.field_priv (field_priv_id, user_group_id, field_id, filter_field_id, filter_operator_id, filter_param_name, filter_param_value, filter_group_cd)
VALUES
(20,1,21,NULL,NULL,NULL,NULL,NULL)
/
INSERT INTO FOLIO_CONF.field_priv (field_priv_id, user_group_id, field_id, filter_field_id, filter_operator_id, filter_param_name, filter_param_value, filter_group_cd)
VALUES
(21,1,22,NULL,NULL,NULL,NULL,NULL)
/
INSERT INTO FOLIO_CONF.field_priv (field_priv_id, user_group_id, field_id, filter_field_id, filter_operator_id, filter_param_name, filter_param_value, filter_group_cd)
VALUES
(22,1,23,NULL,NULL,NULL,NULL,NULL)
/
INSERT INTO FOLIO_CONF.field_priv (field_priv_id, user_group_id, field_id, filter_field_id, filter_operator_id, filter_param_name, filter_param_value, filter_group_cd)
VALUES
(23,1,24,NULL,NULL,NULL,NULL,NULL)
/
INSERT INTO FOLIO_CONF.field_priv (field_priv_id, user_group_id, field_id, filter_field_id, filter_operator_id, filter_param_name, filter_param_value, filter_group_cd)
VALUES
(24,1,25,NULL,NULL,NULL,NULL,NULL)
/
INSERT INTO FOLIO_CONF.field_priv (field_priv_id, user_group_id, field_id, filter_field_id, filter_operator_id, filter_param_name, filter_param_value, filter_group_cd)
VALUES
(25,1,26,NULL,NULL,NULL,NULL,NULL)
/
INSERT INTO FOLIO_CONF.field_priv (field_priv_id, user_group_id, field_id, filter_field_id, filter_operator_id, filter_param_name, filter_param_value, filter_group_cd)
VALUES
(26,1,27,NULL,NULL,NULL,NULL,NULL)
/
INSERT INTO FOLIO_CONF.field_priv (field_priv_id, user_group_id, field_id, filter_field_id, filter_operator_id, filter_param_name, filter_param_value, filter_group_cd)
VALUES
(27,1,28,NULL,NULL,NULL,NULL,NULL)
/
INSERT INTO FOLIO_CONF.field_priv (field_priv_id, user_group_id, field_id, filter_field_id, filter_operator_id, filter_param_name, filter_param_value, filter_group_cd)
VALUES
(28,1,29,NULL,NULL,NULL,NULL,NULL)
/
INSERT INTO FOLIO_CONF.field_priv (field_priv_id, user_group_id, field_id, filter_field_id, filter_operator_id, filter_param_name, filter_param_value, filter_group_cd)
VALUES
(29,1,30,NULL,NULL,NULL,NULL,NULL)
/
INSERT INTO FOLIO_CONF.field_priv (field_priv_id, user_group_id, field_id, filter_field_id, filter_operator_id, filter_param_name, filter_param_value, filter_group_cd)
VALUES
(30,1,46,NULL,NULL,NULL,NULL,NULL)
/
INSERT INTO FOLIO_CONF.field_priv (field_priv_id, user_group_id, field_id, filter_field_id, filter_operator_id, filter_param_name, filter_param_value, filter_group_cd)
VALUES
(31,1,47,NULL,NULL,NULL,NULL,NULL)
/
INSERT INTO FOLIO_CONF.field_priv (field_priv_id, user_group_id, field_id, filter_field_id, filter_operator_id, filter_param_name, filter_param_value, filter_group_cd)
VALUES
(32,1,48,NULL,NULL,NULL,NULL,NULL)
/
INSERT INTO FOLIO_CONF.field_priv (field_priv_id, user_group_id, field_id, filter_field_id, filter_operator_id, filter_param_name, filter_param_value, filter_group_cd)
VALUES
(33,1,49,NULL,NULL,NULL,NULL,NULL)
/
INSERT INTO FOLIO_CONF.field_priv (field_priv_id, user_group_id, field_id, filter_field_id, filter_operator_id, filter_param_name, filter_param_value, filter_group_cd)
VALUES
(34,1,50,NULL,NULL,NULL,NULL,NULL)
/
INSERT INTO FOLIO_CONF.field_priv (field_priv_id, user_group_id, field_id, filter_field_id, filter_operator_id, filter_param_name, filter_param_value, filter_group_cd)
VALUES
(35,1,51,NULL,NULL,NULL,NULL,NULL)
/
INSERT INTO FOLIO_CONF.field_priv (field_priv_id, user_group_id, field_id, filter_field_id, filter_operator_id, filter_param_name, filter_param_value, filter_group_cd)
VALUES
(36,1,52,NULL,NULL,NULL,NULL,NULL)
/
INSERT INTO FOLIO_CONF.field_priv (field_priv_id, user_group_id, field_id, filter_field_id, filter_operator_id, filter_param_name, filter_param_value, filter_group_cd)
VALUES
(37,1,53,NULL,NULL,NULL,NULL,NULL)
/
INSERT INTO FOLIO_CONF.field_priv (field_priv_id, user_group_id, field_id, filter_field_id, filter_operator_id, filter_param_name, filter_param_value, filter_group_cd)
VALUES
(38,1,54,NULL,NULL,NULL,NULL,NULL)
/
INSERT INTO FOLIO_CONF.field_priv (field_priv_id, user_group_id, field_id, filter_field_id, filter_operator_id, filter_param_name, filter_param_value, filter_group_cd)
VALUES
(39,1,55,NULL,NULL,NULL,NULL,NULL)
/
INSERT INTO FOLIO_CONF.field_priv (field_priv_id, user_group_id, field_id, filter_field_id, filter_operator_id, filter_param_name, filter_param_value, filter_group_cd)
VALUES
(40,1,56,NULL,NULL,NULL,NULL,NULL)
/
INSERT INTO FOLIO_CONF.field_priv (field_priv_id, user_group_id, field_id, filter_field_id, filter_operator_id, filter_param_name, filter_param_value, filter_group_cd)
VALUES
(41,1,58,NULL,NULL,NULL,NULL,NULL)
/
INSERT INTO FOLIO_CONF.field_priv (field_priv_id, user_group_id, field_id, filter_field_id, filter_operator_id, filter_param_name, filter_param_value, filter_group_cd)
VALUES
(42,1,59,NULL,NULL,NULL,NULL,NULL)
/
INSERT INTO FOLIO_CONF.field_priv (field_priv_id, user_group_id, field_id, filter_field_id, filter_operator_id, filter_param_name, filter_param_value, filter_group_cd)
VALUES
(43,1,60,NULL,NULL,NULL,NULL,NULL)
/
INSERT INTO FOLIO_CONF.field_priv (field_priv_id, user_group_id, field_id, filter_field_id, filter_operator_id, filter_param_name, filter_param_value, filter_group_cd)
VALUES
(44,1,61,NULL,NULL,NULL,NULL,NULL)
/
INSERT INTO FOLIO_CONF.field_priv (field_priv_id, user_group_id, field_id, filter_field_id, filter_operator_id, filter_param_name, filter_param_value, filter_group_cd)
VALUES
(45,1,62,NULL,NULL,NULL,NULL,NULL)
/
INSERT INTO FOLIO_CONF.field_priv (field_priv_id, user_group_id, field_id, filter_field_id, filter_operator_id, filter_param_name, filter_param_value, filter_group_cd)
VALUES
(46,1,63,NULL,NULL,NULL,NULL,NULL)
/
INSERT INTO FOLIO_CONF.field_priv (field_priv_id, user_group_id, field_id, filter_field_id, filter_operator_id, filter_param_name, filter_param_value, filter_group_cd)
VALUES
(47,1,64,NULL,NULL,NULL,NULL,NULL)
/
INSERT INTO FOLIO_CONF.field_priv (field_priv_id, user_group_id, field_id, filter_field_id, filter_operator_id, filter_param_name, filter_param_value, filter_group_cd)
VALUES
(48,1,65,NULL,NULL,NULL,NULL,NULL)
/
INSERT INTO FOLIO_CONF.field_priv (field_priv_id, user_group_id, field_id, filter_field_id, filter_operator_id, filter_param_name, filter_param_value, filter_group_cd)
VALUES
(49,1,66,NULL,NULL,NULL,NULL,NULL)
/
INSERT INTO FOLIO_CONF.field_priv (field_priv_id, user_group_id, field_id, filter_field_id, filter_operator_id, filter_param_name, filter_param_value, filter_group_cd)
VALUES
(50,1,67,NULL,NULL,NULL,NULL,NULL)
/
INSERT INTO FOLIO_CONF.field_priv (field_priv_id, user_group_id, field_id, filter_field_id, filter_operator_id, filter_param_name, filter_param_value, filter_group_cd)
VALUES
(51,1,68,NULL,NULL,NULL,NULL,NULL)
/
INSERT INTO FOLIO_CONF.field_priv (field_priv_id, user_group_id, field_id, filter_field_id, filter_operator_id, filter_param_name, filter_param_value, filter_group_cd)
VALUES
(52,1,69,NULL,NULL,NULL,NULL,NULL)
/
INSERT INTO FOLIO_CONF.field_priv (field_priv_id, user_group_id, field_id, filter_field_id, filter_operator_id, filter_param_name, filter_param_value, filter_group_cd)
VALUES
(53,1,70,NULL,NULL,NULL,NULL,NULL)
/
INSERT INTO FOLIO_CONF.field_priv (field_priv_id, user_group_id, field_id, filter_field_id, filter_operator_id, filter_param_name, filter_param_value, filter_group_cd)
VALUES
(54,1,71,NULL,NULL,NULL,NULL,NULL)
/
INSERT INTO FOLIO_CONF.field_priv (field_priv_id, user_group_id, field_id, filter_field_id, filter_operator_id, filter_param_name, filter_param_value, filter_group_cd)
VALUES
(55,1,72,NULL,NULL,NULL,NULL,NULL)
/
INSERT INTO FOLIO_CONF.field_priv (field_priv_id, user_group_id, field_id, filter_field_id, filter_operator_id, filter_param_name, filter_param_value, filter_group_cd)
VALUES
(56,1,73,NULL,NULL,NULL,NULL,NULL)
/
INSERT INTO FOLIO_CONF.field_priv (field_priv_id, user_group_id, field_id, filter_field_id, filter_operator_id, filter_param_name, filter_param_value, filter_group_cd)
VALUES
(57,1,74,NULL,NULL,NULL,NULL,NULL)
/
INSERT INTO FOLIO_CONF.field_priv (field_priv_id, user_group_id, field_id, filter_field_id, filter_operator_id, filter_param_name, filter_param_value, filter_group_cd)
VALUES
(58,1,75,NULL,NULL,NULL,NULL,NULL)
/
INSERT INTO FOLIO_CONF.field_priv (field_priv_id, user_group_id, field_id, filter_field_id, filter_operator_id, filter_param_name, filter_param_value, filter_group_cd)
VALUES
(59,1,78,NULL,NULL,NULL,NULL,NULL)
/
INSERT INTO FOLIO_CONF.field_priv (field_priv_id, user_group_id, field_id, filter_field_id, filter_operator_id, filter_param_name, filter_param_value, filter_group_cd)
VALUES
(60,1,79,NULL,NULL,NULL,NULL,NULL)
/
INSERT INTO FOLIO_CONF.field_priv (field_priv_id, user_group_id, field_id, filter_field_id, filter_operator_id, filter_param_name, filter_param_value, filter_group_cd)
VALUES
(61,1,80,NULL,NULL,NULL,NULL,NULL)
/
INSERT INTO FOLIO_CONF.field_priv (field_priv_id, user_group_id, field_id, filter_field_id, filter_operator_id, filter_param_name, filter_param_value, filter_group_cd)
VALUES
(62,1,81,NULL,NULL,NULL,NULL,NULL)
/
INSERT INTO FOLIO_CONF.field_priv (field_priv_id, user_group_id, field_id, filter_field_id, filter_operator_id, filter_param_name, filter_param_value, filter_group_cd)
VALUES
(118,1,141,NULL,NULL,NULL,NULL,NULL)
/
INSERT INTO FOLIO_CONF.field_priv (field_priv_id, user_group_id, field_id, filter_field_id, filter_operator_id, filter_param_name, filter_param_value, filter_group_cd)
VALUES
(119,1,142,NULL,NULL,NULL,NULL,NULL)
/
 
INSERT INTO FOLIO_CONF.join_filter
(JOIN_FILTER_ID, FROM_TABLE, TO_TABLE, JOIN_EXPRESSION)
VALUES
(13,'REPORT.ACTIVITY_REF','REPORT.TRANS','REPORT.ACTIVITY_REF.TRAN_ID = REPORT.TRANS.TRAN_ID')
/
INSERT INTO FOLIO_CONF.join_filter
(JOIN_FILTER_ID, FROM_TABLE, TO_TABLE, JOIN_EXPRESSION)
VALUES
(14,'REPORT.TRANS','CORP.MERCHANT','REPORT.TRANS.MERCHANT_ID = CORP.MERCHANT.MERCHANT_ID')
/
INSERT INTO FOLIO_CONF.join_filter
(JOIN_FILTER_ID, FROM_TABLE, TO_TABLE, JOIN_EXPRESSION)
VALUES
(46,'CORP.BATCH','REPORT.TERMINAL','CORP.BATCH.TERMINAL_ID = REPORT.TERMINAL.TERMINAL_ID')
/
INSERT INTO FOLIO_CONF.join_filter
(JOIN_FILTER_ID, FROM_TABLE, TO_TABLE, JOIN_EXPRESSION)
VALUES
(5,'CORP.LEDGER',NULL,'CORP.LEDGER.DELETED = ''N''')
/
INSERT INTO FOLIO_CONF.join_filter
(JOIN_FILTER_ID, FROM_TABLE, TO_TABLE, JOIN_EXPRESSION)
VALUES
(7,'CORP.LEDGER','CORP.BATCH','CORP.LEDGER.BATCH_ID = CORP.BATCH.BATCH_ID')
/
INSERT INTO FOLIO_CONF.join_filter
(JOIN_FILTER_ID, FROM_TABLE, TO_TABLE, JOIN_EXPRESSION)
VALUES
(8,'CORP.BATCH','CORP.CUSTOMER_BANK','CORP.BATCH.CUSTOMER_BANK_ID = CORP.CUSTOMER_BANK.CUSTOMER_BANK_ID')
/
INSERT INTO FOLIO_CONF.join_filter
(JOIN_FILTER_ID, FROM_TABLE, TO_TABLE, JOIN_EXPRESSION)
VALUES
(9,'CORP.LEDGER','REPORT.TRANS','CORP.LEDGER.TRANS_ID = REPORT.TRANS.TRAN_ID (+)')
/
INSERT INTO FOLIO_CONF.join_filter
(JOIN_FILTER_ID, FROM_TABLE, TO_TABLE, JOIN_EXPRESSION)
VALUES
(4,'CORP.CUSTOMER_BANK','CORP.CUSTOMER','CORP.CUSTOMER_BANK.CUSTOMER_ID = CORP.CUSTOMER.CUSTOMER_ID')
/
INSERT INTO FOLIO_CONF.join_filter
(JOIN_FILTER_ID, FROM_TABLE, TO_TABLE, JOIN_EXPRESSION)
VALUES
(11,'CORP.BATCH','CORP.DOC','CORP.BATCH.DOC_ID = CORP.DOC.DOC_ID (+)')
/
INSERT INTO FOLIO_CONF.join_filter
(JOIN_FILTER_ID, FROM_TABLE, TO_TABLE, JOIN_EXPRESSION)
VALUES
(41,'CORP.LEDGER','CORP.SERVICE_FEES','CORP.LEDGER.SERVICE_FEE_ID = CORP.SERVICE_FEES.SERVICE_FEE_ID')
/
INSERT INTO FOLIO_CONF.join_filter
(JOIN_FILTER_ID, FROM_TABLE, TO_TABLE, JOIN_EXPRESSION)
VALUES
(42,'CORP.SERVICE_FEES','CORP.FEES','CORP.SERVICE_FEES.FEE_ID = CORP.FEES.FEE_ID')
/
INSERT INTO FOLIO_CONF.join_filter
(JOIN_FILTER_ID, FROM_TABLE, TO_TABLE, JOIN_EXPRESSION)
VALUES
(43,'CORP.LEDGER','REPORT.CURRENCY','CORP.LEDGER.CURRENCY_ID = REPORT.CURRENCY.CURRENCY_ID')
/
INSERT INTO FOLIO_CONF.join_filter
(JOIN_FILTER_ID, FROM_TABLE, TO_TABLE, JOIN_EXPRESSION)
VALUES
(45,'REPORT.TERMINAL','REPORT.LOCATION','REPORT.TERMINAL.LOCATION_ID = REPORT.LOCATION.LOCATION_ID')
/
INSERT INTO FOLIO_CONF.join_filter
(JOIN_FILTER_ID, FROM_TABLE, TO_TABLE, JOIN_EXPRESSION)
VALUES
(1,'REPORT.TERMINAL','REPORT.EPORT','REPORT.TERMINAL.EPORT_ID = REPORT.EPORT.EPORT_ID ')
/
INSERT INTO FOLIO_CONF.join_filter
(JOIN_FILTER_ID, FROM_TABLE, TO_TABLE, JOIN_EXPRESSION)
VALUES
(2,'REPORT.EPORT','REPORT.DEVICE_TYPE','REPORT.EPORT.DEVICE_TYPE_ID = REPORT.DEVICE_TYPE.DEVICE_TYPE_ID')
/
INSERT INTO FOLIO_CONF.join_filter
(JOIN_FILTER_ID, FROM_TABLE, TO_TABLE, JOIN_EXPRESSION)
VALUES
(3,'REPORT.ACTIVITY_REF','REPORT.TERMINAL','REPORT.ACTIVITY_REF.TERMINAL_ID = REPORT.TERMINAL.TERMINAL_ID')
/
INSERT INTO FOLIO_CONF.join_filter
(JOIN_FILTER_ID, FROM_TABLE, TO_TABLE, JOIN_EXPRESSION)
VALUES
(10,'REPORT.TERMINAL','CORP.CUSTOMER','REPORT.TERMINAL.CUSTOMER_ID = CORP.CUSTOMER.CUSTOMER_ID')
/
INSERT INTO FOLIO_CONF.join_filter
(JOIN_FILTER_ID, FROM_TABLE, TO_TABLE, JOIN_EXPRESSION)
VALUES
(12,'REPORT.ACTIVITY_REF','REPORT.CURRENCY','REPORT.ACTIVITY_REF.CURRENCY_ID = REPORT.CURRENCY.CURRENCY_ID')
/

COMMIT;

--PRIMARY KEYS 
ALTER TABLE FOLIO_CONF.filter_operator ADD CONSTRAINT pk_filter_operator PRIMARY KEY
(
    filter_operator_id
)
; 
ALTER TABLE FOLIO_CONF.folio ADD CONSTRAINT pk_folio PRIMARY KEY
(
    folio_id
)
; 
ALTER TABLE FOLIO_CONF.folio_filter ADD CONSTRAINT pk_folio_filter PRIMARY KEY
(
    folio_filter_id
)
; 
ALTER TABLE FOLIO_CONF.folio_filter_group ADD CONSTRAINT pk_folio_filter_group PRIMARY KEY
(
    folio_filter_group_id
)
; 
ALTER TABLE FOLIO_CONF.folio_filter_param ADD CONSTRAINT pk_folio_filter_param PRIMARY KEY
(
    folio_filter_id
  , param_index
)
; 
ALTER TABLE FOLIO_CONF.folio_pillar ADD CONSTRAINT pk_folio_pillar PRIMARY KEY
(
    folio_pillar_id
)
; 
ALTER TABLE FOLIO_CONF.folio_pillar_field ADD CONSTRAINT pk_folio_pillar_field PRIMARY KEY
(
    folio_pillar_id
  , field_id
)
; 
ALTER TABLE FOLIO_CONF.output_type ADD CONSTRAINT pk_output_type PRIMARY KEY
(
    output_type_id
)
; 
ALTER TABLE FOLIO_CONF.field_category ADD CONSTRAINT pk_field_category PRIMARY KEY
(
    field_category_id
)
; 
ALTER TABLE FOLIO_CONF.field ADD CONSTRAINT pk_field PRIMARY KEY
(
    field_id
)
; 
ALTER TABLE FOLIO_CONF.field_priv ADD CONSTRAINT pk_field_priv PRIMARY KEY
(
    field_priv_id
)
; 
ALTER TABLE FOLIO_CONF.join_filter ADD CONSTRAINT pk_join_filter PRIMARY KEY
(
    join_filter_id
)
; 
/*ALTER TABLE FOLIO_CONF.user_group ADD CONSTRAINT pk_user_group PRIMARY KEY
(
    user_group_id
)
; */
--FOREIGN KEYS 
ALTER TABLE FOLIO_CONF.folio_filter_group ADD CONSTRAINT fk_ffg_folio_id FOREIGN KEY
(
    folio_id
)
REFERENCES FOLIO_CONF.folio
(
    folio_id
)
; 
ALTER TABLE FOLIO_CONF.folio_filter_group ADD CONSTRAINT fk_ffg_parent_group_id FOREIGN KEY
(
    parent_group_id
)
REFERENCES FOLIO_CONF.folio_filter_group
(
    folio_filter_group_id
)
; 
ALTER TABLE FOLIO_CONF.folio_filter_param ADD CONSTRAINT fk_ffp_folio_filter_id FOREIGN KEY
(
    folio_filter_id
)
REFERENCES FOLIO_CONF.folio_filter
(
    folio_filter_id
)
; 
ALTER TABLE FOLIO_CONF.folio_filter ADD CONSTRAINT fk_ff_field_id FOREIGN KEY
(
    field_id
)
REFERENCES FOLIO_CONF.field
(
    field_id
)
; 
ALTER TABLE FOLIO_CONF.folio_filter ADD CONSTRAINT fk_ff_filter_group_id FOREIGN KEY
(
    filter_group_id
)
REFERENCES FOLIO_CONF.folio_filter_group
(
    folio_filter_group_id
)
; 
ALTER TABLE FOLIO_CONF.folio_filter ADD CONSTRAINT fk_ff_filter_operator_id FOREIGN KEY
(
    filter_operator_id
)
REFERENCES FOLIO_CONF.filter_operator
(
    filter_operator_id
)
; 
ALTER TABLE FOLIO_CONF.folio_filter ADD CONSTRAINT fk_folio_filter_r_info_id FOREIGN KEY
(
    folio_id
)
REFERENCES FOLIO_CONF.folio
(
    folio_id
)
; 
ALTER TABLE FOLIO_CONF.folio_pillar_field ADD CONSTRAINT fk_fpf_field_id FOREIGN KEY
(
    field_id
)
REFERENCES FOLIO_CONF.field
(
    field_id
)
; 
ALTER TABLE FOLIO_CONF.folio_pillar ADD CONSTRAINT fk_fp_folio_id FOREIGN KEY
(
    folio_id
)
REFERENCES FOLIO_CONF.folio
(
    folio_id
)
; 
ALTER TABLE FOLIO_CONF.folio ADD CONSTRAINT fk_f_default_output_type_id FOREIGN KEY
(
    default_output_type_id
)
REFERENCES FOLIO_CONF.output_type
(
    output_type_id
)
; 
ALTER TABLE FOLIO_CONF.field_category ADD CONSTRAINT fk_field_category_parent_id FOREIGN KEY
(
    parent_field_category_id
)
REFERENCES FOLIO_CONF.field_category
(
    field_category_id
)
; 
ALTER TABLE FOLIO_CONF.field ADD CONSTRAINT fk_field_field_category_id FOREIGN KEY
(
    field_category_id
)
REFERENCES FOLIO_CONF.field_category
(
    field_category_id
)
; 
--INDEXES 
CREATE INDEX FOLIO_CONF.ix_ffg_folio_id ON FOLIO_CONF.folio_filter_group
(
    folio_id
) TABLESPACE FOLIO_CONF_INDX COMPUTE STATISTICS
; 
CREATE INDEX FOLIO_CONF.ix_ffg_parent_group_id ON FOLIO_CONF.folio_filter_group
(
    parent_group_id
) TABLESPACE FOLIO_CONF_INDX COMPUTE STATISTICS
; 
CREATE INDEX FOLIO_CONF.ix_folio_filter_folio_id ON FOLIO_CONF.folio_filter
(
    folio_id
) TABLESPACE FOLIO_CONF_INDX COMPUTE STATISTICS
; 
CREATE INDEX FOLIO_CONF.ix_folio_pillar_folio_id ON FOLIO_CONF.folio_pillar
(
    folio_id
) TABLESPACE FOLIO_CONF_INDX COMPUTE STATISTICS
; 
CREATE INDEX FOLIO_CONF.ix_field_priv_combo ON FOLIO_CONF.field_priv
(
    field_id
  , user_group_id
) TABLESPACE FOLIO_CONF_INDX COMPUTE STATISTICS
; 
CREATE INDEX FOLIO_CONF.ix_field_field_category_id ON FOLIO_CONF.field
(
    field_category_id
) TABLESPACE FOLIO_CONF_INDX COMPUTE STATISTICS
; 

--TYPES
CREATE OR REPLACE TYPE FOLIO_CONF.NUMBER_LIST AS TABLE OF NUMBER;
/
CREATE OR REPLACE TYPE FOLIO_CONF.SORT_ORDER_LIST AS TABLE OF VARCHAR(30);
/
--PACKAGE SPECS 
CREATE OR REPLACE PACKAGE FOLIO_CONF.FOLIO_PKG IS
--
-- Contains produres for saving and retrieving folios
  FUNCTION SAVE_FOLIO(
        l_folio_id FOLIO.FOLIO_ID%TYPE,
        l_name     FOLIO.FOLIO_NAME%TYPE,
        l_title    FOLIO.FOLIO_TITLE%TYPE,
        l_subtitle FOLIO.FOLIO_SUBTITLE%TYPE,
        l_output_type_id FOLIO.DEFAULT_OUTPUT_TYPE_ID%TYPE,
        l_owner_user_id  FOLIO.OWNER_USER_ID%TYPE)
     RETURN FOLIO.FOLIO_ID%TYPE;
     
  FUNCTION SAVE_FOLIO_FILTER(
        l_folio_id FOLIO_FILTER.FOLIO_ID%TYPE,
        l_field_id FOLIO_FILTER.FIELD_ID%TYPE,
        l_operator_id FOLIO_FILTER.FILTER_OPERATOR_ID%TYPE,
        l_filter_group_id FOLIO_FILTER.FILTER_GROUP_ID%TYPE
    )
     RETURN FOLIO_FILTER.FOLIO_FILTER_ID%TYPE;
     
  FUNCTION SAVE_FOLIO_FILTER_GROUP(
        l_folio_id FOLIO_FILTER_GROUP.FOLIO_ID%TYPE,
        l_separator FOLIO_FILTER_GROUP.SEPARATOR%TYPE,
        l_parent_group_id FOLIO_FILTER_GROUP.PARENT_GROUP_ID%TYPE
    )
     RETURN FOLIO_FILTER_GROUP.FOLIO_FILTER_GROUP_ID%TYPE;
     
  PROCEDURE SAVE_FOLIO_FILTER_PARAM(
        l_filter_id FOLIO_FILTER_PARAM.FOLIO_FILTER_ID%TYPE,
        l_index FOLIO_FILTER_PARAM.PARAM_INDEX%TYPE,
        l_param_name FOLIO_FILTER_PARAM.PARAM_NAME%TYPE,
        l_param_label FOLIO_FILTER_PARAM.PARAM_LABEL%TYPE,
        l_param_prompt FOLIO_FILTER_PARAM.PARAM_PROMPT%TYPE,
        l_param_value FOLIO_FILTER_PARAM.PARAM_VALUE%TYPE,
        l_param_sql_type FOLIO_FILTER_PARAM.PARAM_SQL_TYPE%TYPE);
        
  PROCEDURE MOVE_FOLIO_PILLAR(
        l_folio_id         FOLIO_PILLAR.FOLIO_ID%TYPE,
        l_pillar_index     FOLIO_PILLAR.PILLAR_INDEX%TYPE,
        l_new_pillar_index FOLIO_PILLAR.PILLAR_INDEX%TYPE);
        
  FUNCTION SAVE_FOLIO_PILLAR(
        l_folio_id       FOLIO_PILLAR.FOLIO_ID%TYPE,
        l_pillar_index   FOLIO_PILLAR.PILLAR_INDEX%TYPE,
        l_pillar_type_id FOLIO_PILLAR.PILLAR_TYPE_ID%TYPE,
        l_label          FOLIO_PILLAR.PILLAR_LABEL%TYPE,
        l_description    FOLIO_PILLAR.PILLAR_DESC%TYPE,
        l_style_format   FOLIO_PILLAR.STYLE_FORMAT%TYPE,
        l_display_format FOLIO_PILLAR.DISPLAY_FORMAT%TYPE,
        l_action_format  FOLIO_PILLAR.ACTION_FORMAT%TYPE,
        l_help_format    FOLIO_PILLAR.HELP_FORMAT%TYPE,
        l_sort_format    FOLIO_PILLAR.SORT_FORMAT%TYPE,
        l_sort_type      FOLIO_PILLAR.SORT_TYPE%TYPE,
        l_grouping_level FOLIO_PILLAR.GROUPING_LEVEL%TYPE,
        l_field_ids      NUMBER_LIST,
        l_sort_orders    SORT_ORDER_LIST,
        l_agg_type_ids   NUMBER_LIST)
     RETURN FOLIO_PILLAR.FOLIO_PILLAR_ID%TYPE;
     
  FUNCTION REPLACE_FOLIO_PILLAR(
        l_folio_id       FOLIO_PILLAR.FOLIO_ID%TYPE,
        l_pillar_index   FOLIO_PILLAR.PILLAR_INDEX%TYPE,
        l_pillar_type_id FOLIO_PILLAR.PILLAR_TYPE_ID%TYPE,
        l_label          FOLIO_PILLAR.PILLAR_LABEL%TYPE,
        l_description    FOLIO_PILLAR.PILLAR_DESC%TYPE,
        l_style_format   FOLIO_PILLAR.STYLE_FORMAT%TYPE,
        l_display_format FOLIO_PILLAR.DISPLAY_FORMAT%TYPE,
        l_action_format  FOLIO_PILLAR.ACTION_FORMAT%TYPE,
        l_help_format    FOLIO_PILLAR.HELP_FORMAT%TYPE,
        l_sort_format    FOLIO_PILLAR.SORT_FORMAT%TYPE,
        l_sort_type      FOLIO_PILLAR.SORT_TYPE%TYPE,
        l_grouping_level FOLIO_PILLAR.GROUPING_LEVEL%TYPE,
        l_field_ids      NUMBER_LIST,
        l_sort_orders    SORT_ORDER_LIST,
        l_agg_type_ids   NUMBER_LIST)
     RETURN FOLIO_PILLAR.FOLIO_PILLAR_ID%TYPE;

  PROCEDURE DELETE_FOLIO(
        l_folio_id FOLIO.FOLIO_ID%TYPE);
     
  PROCEDURE COPY_FOLIO(
        l_folio_id FOLIO.FOLIO_ID%TYPE);
END; -- Package spec

/
CREATE OR REPLACE PACKAGE BODY FOLIO_CONF.FOLIO_PKG IS
    FUNCTION SAVE_FOLIO(
        l_folio_id FOLIO.FOLIO_ID%TYPE,
        l_name     FOLIO.FOLIO_NAME%TYPE,
        l_title    FOLIO.FOLIO_TITLE%TYPE,
        l_subtitle FOLIO.FOLIO_SUBTITLE%TYPE,
        l_output_type_id FOLIO.DEFAULT_OUTPUT_TYPE_ID%TYPE,
        l_owner_user_id  FOLIO.OWNER_USER_ID%TYPE)
     RETURN FOLIO.FOLIO_ID%TYPE
    IS
        l_new_id FOLIO.FOLIO_ID%TYPE;
    BEGIN
        UPDATE FOLIO
           SET FOLIO_NAME = l_name,
               FOLIO_TITLE = l_title,
               FOLIO_SUBTITLE = l_subtitle,
               DEFAULT_OUTPUT_TYPE_ID = l_output_type_id
         WHERE FOLIO_ID = l_folio_id
         RETURNING FOLIO_ID INTO l_new_id;
        IF l_new_id IS NOT NULL THEN
            DELETE FROM FOLIO_PILLAR_FIELD WHERE FOLIO_PILLAR_ID IN(
                SELECT FOLIO_PILLAR_ID FROM FOLIO_PILLAR WHERE FOLIO_ID = l_new_id);
            DELETE FROM FOLIO_PILLAR WHERE FOLIO_ID = l_new_id;
            DELETE FROM FOLIO_FILTER_PARAM WHERE FOLIO_FILTER_ID IN(
                SELECT FOLIO_FILTER_ID FROM FOLIO_FILTER WHERE FOLIO_ID = l_new_id);
            DELETE FROM FOLIO_FILTER WHERE FOLIO_ID = l_new_id;
            DELETE FROM FOLIO_FILTER_GROUP WHERE FOLIO_ID = l_new_id;
        ELSE
            SELECT SEQ_FOLIO_ID.NEXTVAL
              INTO l_new_id
              FROM DUAL;
            INSERT INTO FOLIO (FOLIO_ID, FOLIO_NAME, FOLIO_TITLE, FOLIO_SUBTITLE, DEFAULT_OUTPUT_TYPE_ID, OWNER_USER_ID)
                VALUES(l_new_id, l_name, l_title, l_subtitle, l_output_type_id, l_owner_user_id);
        END IF;
        RETURN l_new_id;
    END;
    
    FUNCTION SAVE_FOLIO_PILLAR(
        l_folio_id       FOLIO_PILLAR.FOLIO_ID%TYPE,
        l_pillar_index   FOLIO_PILLAR.PILLAR_INDEX%TYPE,
        l_pillar_type_id FOLIO_PILLAR.PILLAR_TYPE_ID%TYPE,
        l_label          FOLIO_PILLAR.PILLAR_LABEL%TYPE,
        l_description    FOLIO_PILLAR.PILLAR_DESC%TYPE,
        l_style_format   FOLIO_PILLAR.STYLE_FORMAT%TYPE,
        l_display_format FOLIO_PILLAR.DISPLAY_FORMAT%TYPE,
        l_action_format  FOLIO_PILLAR.ACTION_FORMAT%TYPE,
        l_help_format    FOLIO_PILLAR.HELP_FORMAT%TYPE,
        l_sort_format    FOLIO_PILLAR.SORT_FORMAT%TYPE,
        l_sort_type      FOLIO_PILLAR.SORT_TYPE%TYPE,
        l_grouping_level FOLIO_PILLAR.GROUPING_LEVEL%TYPE,
        l_field_ids      NUMBER_LIST,
        l_sort_orders    SORT_ORDER_LIST,
        l_agg_type_ids   NUMBER_LIST)
     RETURN FOLIO_PILLAR.FOLIO_PILLAR_ID%TYPE
    IS
        l_folio_pillar_id FOLIO_PILLAR.FOLIO_PILLAR_ID%TYPE;
        l_so FOLIO_PILLAR_FIELD.SORT_ORDER%TYPE;
        l_agg_type FOLIO_PILLAR_FIELD.AGGREGATE_TYPE_ID%TYPE;
    BEGIN
        SELECT SEQ_FOLIO_PILLAR_ID.NEXTVAL
          INTO l_folio_pillar_id
          FROM DUAL;
        INSERT INTO FOLIO_PILLAR(
            FOLIO_PILLAR_ID,
            FOLIO_ID,
            PILLAR_INDEX,
            PILLAR_TYPE_ID,
            PILLAR_LABEL,
            PILLAR_DESC,
            CSS_STYLE,
            DISPLAY_FORMAT,
            ACTION_FORMAT,
            HELP_FORMAT,
            SORT_FORMAT,
            SORT_TYPE,
            GROUPING_LEVEL)
        VALUES(
            l_folio_pillar_id,
            l_folio_id,
            l_pillar_index,
            l_pillar_type_id,
            l_label,
            l_description,
            l_style_format,
            l_display_format,
            l_action_format,
            l_help_format,
            l_sort_format,
            l_sort_type,
            l_grouping_level);
        IF l_field_ids.FIRST IS NOT NULL THEN
            FOR i IN l_field_ids.FIRST..l_field_ids.LAST LOOP
                IF l_field_ids(i) IS NOT NULL THEN
                    IF l_sort_orders.FIRST IS NOT NULL AND l_sort_orders.LAST <= i THEN
                        l_so := l_sort_orders(i);
                    ELSE
                        l_so := NULL;
                    END IF;
                    IF l_agg_type_ids.FIRST IS NOT NULL AND l_agg_type_ids.LAST <= i THEN
                        l_agg_type := l_agg_type_ids(i);
                    ELSE
                        l_agg_type := 0;
                    END IF;
                    INSERT INTO FOLIO_PILLAR_FIELD(FOLIO_PILLAR_ID, FIELD_ID, SORT_ORDER, AGGREGATE_TYPE_ID)
                        VALUES(l_folio_pillar_id, l_field_ids(i), l_so, l_agg_type);
                END IF;
            END LOOP;
        END IF;
        RETURN l_folio_pillar_id;
  	END;

    FUNCTION REPLACE_FOLIO_PILLAR(
        l_folio_id       FOLIO_PILLAR.FOLIO_ID%TYPE,
        l_pillar_index   FOLIO_PILLAR.PILLAR_INDEX%TYPE,
        l_pillar_type_id FOLIO_PILLAR.PILLAR_TYPE_ID%TYPE,
        l_label          FOLIO_PILLAR.PILLAR_LABEL%TYPE,
        l_description    FOLIO_PILLAR.PILLAR_DESC%TYPE,
        l_style_format   FOLIO_PILLAR.STYLE_FORMAT%TYPE,
        l_display_format FOLIO_PILLAR.DISPLAY_FORMAT%TYPE,
        l_action_format  FOLIO_PILLAR.ACTION_FORMAT%TYPE,
        l_help_format    FOLIO_PILLAR.HELP_FORMAT%TYPE,
        l_sort_format    FOLIO_PILLAR.SORT_FORMAT%TYPE,
        l_sort_type      FOLIO_PILLAR.SORT_TYPE%TYPE,
        l_grouping_level FOLIO_PILLAR.GROUPING_LEVEL%TYPE,
        l_field_ids      NUMBER_LIST,
        l_sort_orders    SORT_ORDER_LIST,
        l_agg_type_ids   NUMBER_LIST)
     RETURN FOLIO_PILLAR.FOLIO_PILLAR_ID%TYPE
    IS
    BEGIN
        DELETE FROM FOLIO_PILLAR_FIELD
         WHERE FOLIO_PILLAR_ID IN(
            SELECT FOLIO_PILLAR_ID
              FROM FOLIO_PILLAR
             WHERE FOLIO_ID = l_folio_id
               AND PILLAR_INDEX = l_pillar_index);
        DELETE FROM FOLIO_PILLAR
         WHERE FOLIO_ID = l_folio_id
           AND PILLAR_INDEX = l_pillar_index;
        RETURN SAVE_FOLIO_PILLAR(
            l_folio_id,
            l_pillar_index,
            l_pillar_type_id,
            l_label,
            l_description,
            l_style_format,
            l_display_format,
            l_action_format,
            l_help_format,
            l_sort_format,
            l_sort_type,
            l_grouping_level,
            l_field_ids,
            l_sort_orders,
            l_agg_type_ids);
    END;
    
    FUNCTION SAVE_FOLIO_FILTER_GROUP(
        l_folio_id FOLIO_FILTER_GROUP.FOLIO_ID%TYPE,
        l_separator FOLIO_FILTER_GROUP.SEPARATOR%TYPE,
        l_parent_group_id FOLIO_FILTER_GROUP.PARENT_GROUP_ID%TYPE
    )
     RETURN FOLIO_FILTER_GROUP.FOLIO_FILTER_GROUP_ID%TYPE
    IS
        l_filter_group_id FOLIO_FILTER_GROUP.FOLIO_FILTER_GROUP_ID%TYPE;
    BEGIN
    	SELECT SEQ_FOLIO_FILTER_GROUP_ID.NEXTVAL
    	  INTO l_filter_group_id
    	  FROM DUAL;
    	INSERT INTO FOLIO_FILTER_GROUP(FOLIO_FILTER_GROUP_ID, FOLIO_ID, SEPARATOR, PARENT_GROUP_ID)
    	   VALUES(l_filter_group_id, l_folio_id, l_separator, l_parent_group_id);
 	    RETURN l_filter_group_id;
	END;

    FUNCTION SAVE_FOLIO_FILTER(
        l_folio_id FOLIO_FILTER.FOLIO_ID%TYPE,
        l_field_id FOLIO_FILTER.FIELD_ID%TYPE,
        l_operator_id FOLIO_FILTER.FILTER_OPERATOR_ID%TYPE,
        l_filter_group_id FOLIO_FILTER.FILTER_GROUP_ID%TYPE
    )
     RETURN FOLIO_FILTER.FOLIO_FILTER_ID%TYPE
    IS
        l_filter_id FOLIO_FILTER.FOLIO_FILTER_ID%TYPE;
    BEGIN
    	SELECT SEQ_FOLIO_FILTER_ID.NEXTVAL
    	  INTO l_filter_id
    	  FROM DUAL;
    	INSERT INTO FOLIO_FILTER(FOLIO_FILTER_ID, FOLIO_ID, FIELD_ID, FILTER_OPERATOR_ID, FILTER_GROUP_ID)
    	   VALUES(l_filter_id, l_folio_id, l_field_id, l_operator_id, l_filter_group_id);
 	    RETURN l_filter_id;
	END;
	
	PROCEDURE SAVE_FOLIO_FILTER_PARAM(
        l_filter_id FOLIO_FILTER_PARAM.FOLIO_FILTER_ID%TYPE,
        l_index FOLIO_FILTER_PARAM.PARAM_INDEX%TYPE,
        l_param_name FOLIO_FILTER_PARAM.PARAM_NAME%TYPE,
        l_param_label FOLIO_FILTER_PARAM.PARAM_LABEL%TYPE,
        l_param_prompt FOLIO_FILTER_PARAM.PARAM_PROMPT%TYPE,
        l_param_value FOLIO_FILTER_PARAM.PARAM_VALUE%TYPE,
        l_param_sql_type FOLIO_FILTER_PARAM.PARAM_SQL_TYPE%TYPE)
    IS
    BEGIN
        INSERT INTO FOLIO_FILTER_PARAM(FOLIO_FILTER_ID, PARAM_INDEX, PARAM_NAME, PARAM_LABEL, PARAM_PROMPT, PARAM_VALUE, PARAM_SQL_TYPE)
            VALUES(l_filter_id, l_index, l_param_name, l_param_label, l_param_prompt, l_param_value, l_param_sql_type);
  	END;

	PROCEDURE MOVE_FOLIO_PILLAR(
        l_folio_id         FOLIO_PILLAR.FOLIO_ID%TYPE,
        l_pillar_index     FOLIO_PILLAR.PILLAR_INDEX%TYPE,
        l_new_pillar_index FOLIO_PILLAR.PILLAR_INDEX%TYPE)
    IS
        l_cnt PLS_INTEGER;
        l_max_index FOLIO_PILLAR.PILLAR_INDEX%TYPE;
    BEGIN
        SELECT COUNT(*)
          INTO l_cnt
          FROM FOLIO_PILLAR
         WHERE FOLIO_ID = l_folio_id
           AND PILLAR_INDEX = l_pillar_index;
        IF l_cnt = 0 THEN -- pillar is new
            UPDATE FOLIO_PILLAR
               SET PILLAR_INDEX = PILLAR_INDEX + 1
             WHERE FOLIO_ID = l_folio_id
               AND PILLAR_INDEX >= l_new_pillar_index;
        ELSIF l_pillar_index <> l_new_pillar_index THEN -- pillar exists and index is different
            SELECT MAX(PILLAR_INDEX)
              INTO l_max_index
              FROM FOLIO_PILLAR
             WHERE FOLIO_ID = l_folio_id;

            UPDATE FOLIO_PILLAR
               SET PILLAR_INDEX = DECODE(PILLAR_INDEX,
                    l_pillar_index, LEAST(l_max_index, l_new_pillar_index),
                    PILLAR_INDEX + SIGN(l_pillar_index - l_new_pillar_index))
             WHERE FOLIO_ID = l_folio_id
               AND (PILLAR_INDEX BETWEEN l_pillar_index AND l_new_pillar_index
                    OR PILLAR_INDEX BETWEEN l_new_pillar_index AND l_pillar_index);
        END IF;
    END;

    FUNCTION GET_USER_GROUPS(
        l_user_id NUMBER)
     RETURN NUMBER_LIST
    IS
        l_ids NUMBER_LIST;
    BEGIN

        RETURN l_ids;
    END;

    PROCEDURE DELETE_FOLIO(
        l_folio_id FOLIO.FOLIO_ID%TYPE)
    IS
    BEGIN
        DELETE FROM FOLIO_FILTER_PARAM WHERE folio_filter_id IN
            (SELECT folio_filter_id FROM FOLIO_FILTER WHERE folio_id=l_folio_id);
    
        DELETE FROM FOLIO_FILTER WHERE folio_id=l_folio_id;

        -- If someone makes some (odd) changes by hand in the table this could break
        DELETE FROM (SELECT * FROM FOLIO_FILTER_GROUP WHERE folio_id=l_folio_id
            ORDER BY NVL(parent_group_id,0) DESC) ;

        DELETE FROM FOLIO_PILLAR_FIELD WHERE folio_pillar_id IN
            (SELECT folio_pillar_id FROM folio_pillar WHERE folio_id=l_folio_id);

        DELETE FROM FOLIO_PILLAR WHERE folio_id=l_folio_id;

        DELETE FROM FOLIO WHERE folio_id=l_folio_id;

        COMMIT;
    END;
    
    PROCEDURE COPY_FOLIO(
        l_folio_id FOLIO.FOLIO_ID%TYPE)
    IS
        l_new_id FOLIO.FOLIO_ID%TYPE;
    BEGIN
        SELECT SEQ_folio_ID.NEXTVAL INTO l_new_id FROM DUAL;
        
        INSERT INTO FOLIO (folio_id,folio_name, folio_title,folio_subtitle,owner_user_id,default_output_type_id)
            (SELECT l_new_id, folio_name || ' COPY', folio_title,folio_subtitle, owner_user_id,
            default_output_type_id FROM FOLIO WHERE folio_id=l_folio_id);

        -- HACK WARNING!!! I'm using a hack here to avoid using a temp table.
        -- I store the former folio_pillar_id in the new description field in
        -- order to be able to map fields to pillars, then update to replace
        -- the index with the proper description. Then I repeat almost exactly
        -- the same process, storing old group id in folio_filter_group in the
        -- separator column.
        --
        -- If we change/get rid of FOLIO_PILLAR.description or
        -- FOLIO_FILTER_GROUP.separator this will BREAK. E.g.- if we normalize
        -- FOLIO_FILTER_GROUP.separator and put all possible values in a table,
        -- then there will be no VARCHAR field for the hack in FOLIO_FILTER_GROUP
        
        -- Insert new pillar entry with the old index in description
        DECLARE
            CURSOR l_pillar_cur IS
            SELECT folio_pillar_id, SEQ_folio_pillar_ID.NEXTVAL new_folio_pillar_id,
            pillar_index, pillar_type_id, pillar_label, pillar_desc, display_format,
            action_format, help_format, sort_format, css_style, grouping_level,
            style_format, sort_type
            FROM folio_pillar
            where folio_id=l_folio_id;
        BEGIN
            FOR l_rec IN l_pillar_cur LOOP
                INSERT INTO FOLIO_PILLAR (folio_pillar_id, folio_id, pillar_index,
                    pillar_type_id, pillar_label, pillar_desc, display_format, action_format,
                    help_format, sort_format, css_style, grouping_level,
                    style_format, sort_type)
                    VALUES(l_rec.new_folio_pillar_id, l_new_id,
                    l_rec.pillar_index, l_rec.pillar_type_id, l_rec.pillar_label, l_rec.pillar_desc, l_rec.display_format,
                    l_rec.action_format, l_rec.help_format, l_rec.sort_format, l_rec.css_style, l_rec.grouping_level,
                    l_rec.style_format, l_rec.sort_type);

                -- Insert new pillar fields using description to map field to pillar
                INSERT INTO FOLIO_PILLAR_FIELD (folio_pillar_id, field_id, sort_order,
                    aggregate_type_id)
                    (SELECT l_rec.new_folio_pillar_id, f.field_id, f.sort_order, f.aggregate_type_id
                    FROM FOLIO_PILLAR_FIELD f
                    WHERE l_rec.folio_pillar_id=f.folio_pillar_id);
            END LOOP;
        END;
        
        DECLARE
            CURSOR l_filter_group_cur IS
            SELECT folio_filter_group_id,
            SEQ_folio_filter_group_ID.NEXTVAL new_folio_filter_group_id,
            l_new_id,separator,parent_group_id
            FROM FOLIO_FILTER_GROUP WHERE folio_id=l_folio_id;
        BEGIN
            FOR l_rec IN l_filter_group_cur LOOP
                -- Insert new filter groups with the old index in separator
                INSERT INTO FOLIO_FILTER_GROUP (folio_filter_group_id,folio_id,
                    separator,parent_group_id)
                    VALUES(l_rec.new_folio_filter_group_id,
                    l_new_id,l_rec.separator,l_rec.parent_group_id);

                -- Update the new groups with the new parent id equivalents
                UPDATE FOLIO_FILTER_GROUP n SET n.parent_group_id = l_rec.new_folio_filter_group_id
                    WHERE n.folio_id=l_new_id AND n.parent_group_id = l_rec.folio_filter_group_id;

                DECLARE
                    CURSOR l_filter_cur IS
                        SELECT folio_filter_id, SEQ_folio_filter_ID.NEXTVAL new_filter_id,
                         folio_id, field_id, filter_operator_id, filter_group_id
                            FROM FOLIO_FILTER 
                            WHERE filter_group_id=l_rec.folio_filter_group_id;
                BEGIN
                    FOR l_filter_rec IN l_filter_cur LOOP
                        -- Insert the filters, mapping to new groups using the index hack
                        INSERT INTO FOLIO_FILTER (folio_filter_id, folio_id, field_id,
                            filter_operator_id, filter_group_id)
                            VALUES(l_filter_rec.new_filter_id,
                            l_new_id, l_filter_rec.field_id, l_filter_rec.filter_operator_id, l_rec.new_folio_filter_group_id);

                        -- Insert the parameters, mapping to new groups using the hack
                        INSERT INTO FOLIO_FILTER_PARAM (folio_filter_id, param_index, param_name,
                            param_prompt, param_value, param_label, param_sql_type)
                            (SELECT l_filter_rec.new_filter_id, p.param_index, p.param_name, p.param_prompt,
                            p.param_value, p.param_label, p.param_sql_type
                            FROM folio_filter_param p
                            WHERE p.folio_filter_id=l_filter_rec.folio_filter_id);
                    END LOOP;
                END;
            END LOOP;
        END;
        
        COMMIT;
    END;
END;
/
