INSERT INTO PSS.PASS_TYPE (PASS_TYPE_CD, PASS_TYPE_NAME, PASS_TEMPLATE_CD, PARTNER_PROGRAM_CD, CONSUMER_ACCT_TYPE_ID, PASS_TYPE_ID)
      VALUES ('d', 'Apple VAS MORE Pass at Urban Airship', '54540', 'A', 7, 'pass.com.usatech.more.pass4'); 
COMMIT;

INSERT INTO REPORT.TRANS_TYPE(TRANS_TYPE_ID, TRANS_TYPE_NAME, PROCESS_FEE_IND, DISPLAY_ORDER, FEE_PERCENT_UBN, FEE_AMOUNT_UBN, FEE_MIN_UBN, FEE_PERCENT_LBN, PAYABLE_IND, 
CUSTOMER_DEBIT_IND, ENTRY_TYPE, FILL_BATCH_IND, CASH_IND, TRANS_TYPE_CODE, TRANS_ITEM_TYPE, REFUND_IND, REFUNDABLE_IND, CHARGEBACK_ENABLED_IND, STATUS_CD, CREDIT_IND, 
OPERATOR_TRANS_TYPE_ID, CASHLESS_DEVICE_TRAN_IND, REPLENISH_IND, PREPAID_IND, PROCESS_FEE_TRANS_TYPE_ID, PASS_IND, ACCESS_IND, DEBIT_IND, FREE_IND, DYNAMIC_FEE_IND) 
SELECT 79, 'Payroll Deduct (Apple VAS)', PROCESS_FEE_IND, DISPLAY_ORDER, FEE_PERCENT_UBN, FEE_AMOUNT_UBN, FEE_MIN_UBN, FEE_PERCENT_LBN, PAYABLE_IND, 
CUSTOMER_DEBIT_IND, ENTRY_TYPE, FILL_BATCH_IND, CASH_IND, TRANS_TYPE_CODE, 'PAYROLL DEDUCT (APPLE VAS)', REFUND_IND, REFUNDABLE_IND, CHARGEBACK_ENABLED_IND, 'A', CREDIT_IND, 
79, CASHLESS_DEVICE_TRAN_IND, REPLENISH_IND, PREPAID_IND, PROCESS_FEE_TRANS_TYPE_ID, PASS_IND, ACCESS_IND, DEBIT_IND, FREE_IND, DYNAMIC_FEE_IND
FROM REPORT.TRANS_TYPE
WHERE TRANS_TYPE_ID = 62 AND NOT EXISTS (SELECT 1 FROM REPORT.TRANS_TYPE WHERE TRANS_TYPE_ID = 79);
COMMIT;
	  
INSERT INTO REPORT.TRANS_TYPE(TRANS_TYPE_ID, TRANS_TYPE_NAME, PROCESS_FEE_IND, DISPLAY_ORDER, FEE_PERCENT_UBN, FEE_AMOUNT_UBN, FEE_MIN_UBN, FEE_PERCENT_LBN, PAYABLE_IND, 
CUSTOMER_DEBIT_IND, ENTRY_TYPE, FILL_BATCH_IND, CASH_IND, TRANS_TYPE_CODE, TRANS_ITEM_TYPE, REFUND_IND, REFUNDABLE_IND, CHARGEBACK_ENABLED_IND, STATUS_CD, CREDIT_IND, 
OPERATOR_TRANS_TYPE_ID, CASHLESS_DEVICE_TRAN_IND, REPLENISH_IND, PREPAID_IND, PROCESS_FEE_TRANS_TYPE_ID, PASS_IND, ACCESS_IND, DEBIT_IND, FREE_IND, DYNAMIC_FEE_IND) 
SELECT 80, 'Payroll Deduct Promo (Apple VAS)', PROCESS_FEE_IND, DISPLAY_ORDER, FEE_PERCENT_UBN, FEE_AMOUNT_UBN, FEE_MIN_UBN, FEE_PERCENT_LBN, PAYABLE_IND, 
CUSTOMER_DEBIT_IND, ENTRY_TYPE, FILL_BATCH_IND, CASH_IND, TRANS_TYPE_CODE, 'PAYROLL DEDUCT PROMO (APPLE VAS)', REFUND_IND, REFUNDABLE_IND, CHARGEBACK_ENABLED_IND, 'A', CREDIT_IND, 
80, CASHLESS_DEVICE_TRAN_IND, REPLENISH_IND, PREPAID_IND, PROCESS_FEE_TRANS_TYPE_ID, PASS_IND, ACCESS_IND, DEBIT_IND, FREE_IND, DYNAMIC_FEE_IND
FROM REPORT.TRANS_TYPE
WHERE TRANS_TYPE_ID = 70 AND NOT EXISTS (SELECT 1 FROM REPORT.TRANS_TYPE WHERE TRANS_TYPE_ID = 80);
COMMIT;
	  
INSERT INTO PSS.PAYMENT_SUBTYPE(PAYMENT_SUBTYPE_NAME, PAYMENT_SUBTYPE_CLASS, PAYMENT_SUBTYPE_KEY_NAME, CLIENT_PAYMENT_TYPE_CD, PAYMENT_SUBTYPE_TABLE_NAME, PAYMENT_SUBTYPE_KEY_DESC_NAME, AUTHORITY_PAYMENT_MASK_ID,TRANS_TYPE_ID,CARD_TYPE_LABEL)
SELECT 'Payroll Deduct (Apple VAS)', 'Internal', 'INTERNAL_PAYMENT_TYPE_ID', 'O', 'INTERNAL_PAYMENT_TYPE', 'INTERNAL_PAYMENT_TYPE_DESC', AUTHORITY_PAYMENT_MASK_ID, 79,'Payroll Deduct'
FROM PSS.AUTHORITY_PAYMENT_MASK WHERE AUTHORITY_PAYMENT_MASK_NAME = 'USAT ISO Card (Format Three, Manual Entry)' AND NOT EXISTS (
SELECT 1 FROM PSS.PAYMENT_SUBTYPE WHERE PAYMENT_SUBTYPE_NAME = 'Payroll Deduct (Apple VAS)');

COMMIT;

INSERT INTO PSS.PASS_TYPE (PASS_TYPE_CD, PASS_TYPE_NAME, PASS_TEMPLATE_CD, PARTNER_PROGRAM_CD, CONSUMER_ACCT_TYPE_ID, PASS_TYPE_ID)
      VALUES ('c', 'Apple VAS MORE Pass at Urban Airship', '54540', 'A', 5, 'pass.com.usatech.more.pass0'); 
COMMIT;

DECLARE
	startWith NUMBER;
	last_num NUMBER;
	increment_val NUMBER;
BEGIN
	SELECT (10||(SELECT CASE REPLACE(GLOBAL_NAME, '.WORLD', '') 
            			WHEN 'USAPDB' THEN 1 
            			WHEN 'ECCDB' THEN 2
            			WHEN 'USADEV02' THEN 3
            			WHEN 'USADEV03' THEN 4
            			ELSE 5 END 
            			FROM GLOBAL_NAME)||21479857341) INTO startWith FROM DUAL; 
	SELECT PSS.CONSUMER_PASS_SEQ.NEXTVAL INTO last_num  FROM DUAL;
	increment_val := startWith - last_num; 
  	EXECUTE IMMEDIATE 'ALTER SEQUENCE PSS.CONSUMER_PASS_SEQ INCREMENT BY '||increment_val;
  	SELECT PSS.CONSUMER_PASS_SEQ.NEXTVAL INTO last_num FROM DUAL;
  	EXECUTE IMMEDIATE 'ALTER SEQUENCE PSS.CONSUMER_PASS_SEQ INCREMENT BY 1';
END;
/

ALTER TABLE PSS.CONSUMER_PASS MODIFY CONSUMER_ID NULL;
COMMIT;

UPDATE WEB_CONTENT.WEB_LINK_REQUIREMENT
SET REQUIREMENT_ID = (SELECT REQUIREMENT_ID FROM WEB_CONTENT.REQUIREMENT WHERE REQUIREMENT_NAME = 'REQ_CUST_SERVICE')
WHERE WEB_LINK_ID = (SELECT WEB_LINK_ID FROM WEB_CONTENT.WEB_LINK WHERE WEB_LINK_URL = './data_exchange_file_history.html')
AND REQUIREMENT_ID = (SELECT REQUIREMENT_ID FROM WEB_CONTENT.REQUIREMENT WHERE REQUIREMENT_NAME = 'REQ_SYSTEM_ADMIN');
COMMIT;


ALTER TABLE REPORT.CAMPAIGN ADD PROMO_PASS_ALLOWED VARCHAR2(1 BYTE) DEFAULT 'N' NOT NULL;

-- Campaign for pass
ALTER TABLE REPORT.CAMPAIGN_PRODUCT MODIFY PRODUCT_CODE VARCHAR2(100);
ALTER TABLE REPORT.CAMPAIGN_PRODUCT MODIFY CAMPAIGN_PRODUCT_NAME VARCHAR2(100);
ALTER TABLE REPORT.CAMPAIGN_PRODUCT_ASSIGNMENT MODIFY PRODUCT_CODE VARCHAR2(100);
ALTER TABLE REPORT.CAMPAIGN_PRODUCT_ASSIGNMENT MODIFY CAMPAIGN_PRODUCT_NAME VARCHAR2(100);

GRANT REFERENCES ON PSS.CONSUMER_PASS TO PUBLIC; 

CREATE TABLE REPORT.CAMPAIGN_PASS_USAGE (
    PASS_USAGE_ID NUMBER NOT NULL,
	CAMPAIGN_ID NUMBER NOT NULL,
	CONSUMER_PASS_ID NUMBER NOT NULL,
	PRODUCT_CODE VARCHAR2(100) NULL,
    CREATED_BY VARCHAR2(30) NOT NULL,
    CREATED_UTC_TS TIMESTAMP NOT NULL,
    LAST_UPDATED_BY VARCHAR2(30) NOT NULL,
    LAST_UPDATED_UTC_TS TIMESTAMP NOT NULL,
    BOUGHT_COUNT NUMBER DEFAULT 0 NOT NULL,
    PROMO_GOT_COUNT NUMBER DEFAULT 0 NOT NULL,
	CONSTRAINT PK_CAMPAIGN_PASS_USAGE PRIMARY KEY(PASS_USAGE_ID),
	CONSTRAINT FK_CPU_CAMPAIGN_ID FOREIGN KEY (CAMPAIGN_ID) REFERENCES REPORT.CAMPAIGN(CAMPAIGN_ID),
	CONSTRAINT FK_CPU_CONSUMER_PASS_ID FOREIGN KEY (CONSUMER_PASS_ID) REFERENCES PSS.CONSUMER_PASS(CONSUMER_PASS_ID)
) TABLESPACE REPORT_DATA;

CREATE OR REPLACE TRIGGER REPORT.TRBI_CAMPAIGN_PASS_USAGE BEFORE INSERT ON REPORT.CAMPAIGN_PASS_USAGE
  FOR EACH ROW
BEGIN
    SELECT 
        SYS_EXTRACT_UTC(SYSTIMESTAMP),
        USER,
        SYS_EXTRACT_UTC(SYSTIMESTAMP),
        USER
    INTO 
        :NEW.CREATED_UTC_TS,
        :NEW.CREATED_BY,
        :NEW.LAST_UPDATED_UTC_TS,
        :NEW.LAST_UPDATED_BY
    FROM DUAL;
END; 
/

CREATE OR REPLACE TRIGGER REPORT.TRBU_CAMPAIGN_PASS_USAGE BEFORE UPDATE ON REPORT.CAMPAIGN_PASS_USAGE
  FOR EACH ROW 
BEGIN
    SELECT
        :OLD.CREATED_BY,
        :OLD.CREATED_UTC_TS,
        SYS_EXTRACT_UTC(SYSTIMESTAMP),
        USER
    INTO
        :NEW.CREATED_BY,
        :NEW.CREATED_UTC_TS,
        :NEW.LAST_UPDATED_UTC_TS,
        :NEW.LAST_UPDATED_BY
    FROM DUAL;
END; 
/
 
CREATE INDEX REPORT.IX_CPU_CAMPAIGN_ID ON REPORT.CAMPAIGN_PASS_USAGE(CAMPAIGN_ID) ONLINE TABLESPACE REPORT_INDX;
CREATE INDEX REPORT.IX_CPU_CONSUMER_PASS_ID ON REPORT.CAMPAIGN_PASS_USAGE(CONSUMER_PASS_ID) ONLINE TABLESPACE REPORT_INDX;
CREATE INDEX REPORT.IX_CPU_PRODUCT_CODE ON REPORT.CAMPAIGN_PASS_USAGE(PRODUCT_CODE) ONLINE TABLESPACE REPORT_INDX;
CREATE UNIQUE INDEX REPORT.UIX_CAMPAIGN_PASS_USAGE ON REPORT.CAMPAIGN_PASS_USAGE (CAMPAIGN_ID, CONSUMER_PASS_ID, PRODUCT_CODE);

CREATE SEQUENCE REPORT.SEQ_CAMPAIGN_PASS_USAGE START WITH 1 INCREMENT BY 1 NOMAXVALUE NOCACHE NOCYCLE;

GRANT SELECT,INSERT,UPDATE,DELETE ON REPORT.CAMPAIGN_PASS_USAGE TO USALIVE_APP_ROLE;
GRANT SELECT,INSERT,UPDATE,DELETE ON REPORT.CAMPAIGN_PASS_USAGE TO PSS;
GRANT SELECT ON REPORT.SEQ_CAMPAIGN_PASS_USAGE TO PSS;
GRANT SELECT ON REPORT.CAMPAIGN_PASS_USAGE TO USAT_DEV_READ_ONLY;

INSERT INTO REPORT.TRANS_TYPE(TRANS_TYPE_ID, TRANS_TYPE_NAME,PROCESS_FEE_IND,DISPLAY_ORDER,FEE_PERCENT_UBN,
FEE_AMOUNT_UBN,FEE_MIN_UBN,FEE_PERCENT_LBN,PAYABLE_IND,CUSTOMER_DEBIT_IND,
FILL_BATCH_IND,CASH_IND,TRANS_TYPE_CODE,TRANS_ITEM_TYPE,REFUND_IND,
REFUNDABLE_IND,CHARGEBACK_ENABLED_IND,CREDIT_IND,OPERATOR_TRANS_TYPE_ID,CASHLESS_DEVICE_TRAN_IND,
PREPAID_IND,PROCESS_FEE_TRANS_TYPE_ID,PASS_IND,ACCESS_IND,DEBIT_IND, ENTRY_TYPE, FREE_IND)
SELECT 81, 'Credit Promo (Apple Pay)','N',207,10,
1,1,1,'N','N',
'Y','N','R','CREDIT PROMO (APPLE PAY)','N',
'Y','N','Y',81,'Y',
'N',81,'N','N','N','CC','Y' FROM DUAL WHERE NOT EXISTS (SELECT 1 FROM REPORT.TRANS_TYPE WHERE TRANS_TYPE_ID = 81);

INSERT INTO REPORT.TRANS_TYPE(TRANS_TYPE_ID, TRANS_TYPE_NAME,PROCESS_FEE_IND,DISPLAY_ORDER,FEE_PERCENT_UBN,
FEE_AMOUNT_UBN,FEE_MIN_UBN,FEE_PERCENT_LBN,PAYABLE_IND,CUSTOMER_DEBIT_IND,
FILL_BATCH_IND,CASH_IND,TRANS_TYPE_CODE,TRANS_ITEM_TYPE,REFUND_IND,
REFUNDABLE_IND,CHARGEBACK_ENABLED_IND,CREDIT_IND,OPERATOR_TRANS_TYPE_ID,CASHLESS_DEVICE_TRAN_IND,
PREPAID_IND,PROCESS_FEE_TRANS_TYPE_ID,PASS_IND,ACCESS_IND,DEBIT_IND, ENTRY_TYPE, FREE_IND)
SELECT 82, 'Credit Promo (Apple VAS)','N',207,10,
1,1,1,'N','N',
'Y','N','R','CREDIT PROMO (APPLE VAS)','N',
'Y','N','Y',82,'Y',
'N',82,'N','N','N','CC','Y' FROM DUAL WHERE NOT EXISTS (SELECT 1 FROM REPORT.TRANS_TYPE WHERE TRANS_TYPE_ID = 82);

COMMIT;

INSERT INTO PSS.TRANS_TYPE_ENTRY_OVERRIDE(TRANS_TYPE_ID, ACCT_ENTRY_METHOD_CD, OVERRIDE_TRANS_TYPE_ID) VALUES (30, 'V', 75);
INSERT INTO PSS.TRANS_TYPE_ENTRY_OVERRIDE(TRANS_TYPE_ID, ACCT_ENTRY_METHOD_CD, OVERRIDE_TRANS_TYPE_ID) VALUES (15, 'V', 76);
INSERT INTO PSS.TRANS_TYPE_ENTRY_OVERRIDE(TRANS_TYPE_ID, ACCT_ENTRY_METHOD_CD, OVERRIDE_TRANS_TYPE_ID) VALUES (57, 'V', 77);
INSERT INTO PSS.TRANS_TYPE_ENTRY_OVERRIDE(TRANS_TYPE_ID, ACCT_ENTRY_METHOD_CD, OVERRIDE_TRANS_TYPE_ID) VALUES (73, 'V', 69);
INSERT INTO PSS.TRANS_TYPE_ENTRY_OVERRIDE(TRANS_TYPE_ID, ACCT_ENTRY_METHOD_CD, OVERRIDE_TRANS_TYPE_ID) VALUES (52, 'V', 69);
INSERT INTO PSS.TRANS_TYPE_ENTRY_OVERRIDE(TRANS_TYPE_ID, ACCT_ENTRY_METHOD_CD, OVERRIDE_TRANS_TYPE_ID) VALUES (16, 'V', 69);
INSERT INTO PSS.TRANS_TYPE_ENTRY_OVERRIDE(TRANS_TYPE_ID, ACCT_ENTRY_METHOD_CD, OVERRIDE_TRANS_TYPE_ID) VALUES (54, 'Y', 81);
INSERT INTO PSS.TRANS_TYPE_ENTRY_OVERRIDE(TRANS_TYPE_ID, ACCT_ENTRY_METHOD_CD, OVERRIDE_TRANS_TYPE_ID) VALUES (54, 'V', 82);
COMMIT;

INSERT INTO pss.authority_payment_mask(authority_payment_mask_name, authority_payment_mask_regex, authority_payment_mask_bref)
SELECT 'Generic Special Card Track 2 (with USConnect and VAS)', '^;?(?!(?:4[0-9]{15,18}|5[1-5][0-9]{14}|3[47][0-9]{13}|(?:30[0-5][0-9]|3095|35[2-8][0-9]|36|3[8-9][0-9]{2}|6011|622[1-9]|62[4-6][0-9]|628[2-8]|64[4-9][0-9]|65[0-9]{2})[0-9]{12}|639621[0-9]{10,13})(?:=[0-9]+|$))([0-9]{5,}|[0-9A-F]{64,})(?:=[0-9]*)*(?:\?([\x00-\xFF])?)?$', '1:1' FROM DUAL
WHERE NOT EXISTS (SELECT 1 FROM pss.authority_payment_mask WHERE authority_payment_mask_name = 'Generic Special Card Track 2 (with USConnect and VAS)');

INSERT INTO PSS.PAYMENT_SUBTYPE(PAYMENT_SUBTYPE_NAME, PAYMENT_SUBTYPE_CLASS, PAYMENT_SUBTYPE_KEY_NAME, CLIENT_PAYMENT_TYPE_CD, PAYMENT_SUBTYPE_TABLE_NAME, PAYMENT_SUBTYPE_KEY_DESC_NAME, AUTHORITY_PAYMENT_MASK_ID, TRANS_TYPE_ID, CARD_TYPE_LABEL)
SELECT 'USConnect Apollo (Track 2 with VAS)', 'USConnect::Apollo', 'TERMINAL_ID', 'S', 'TERMINAL', 'TERMINAL_DESC', AUTHORITY_PAYMENT_MASK_ID, 68, 'USConnect'
FROM PSS.AUTHORITY_PAYMENT_MASK
WHERE AUTHORITY_PAYMENT_MASK_NAME = 'Generic Special Card Track 2 (with USConnect and VAS)'
AND NOT EXISTS (SELECT 1 FROM PSS.PAYMENT_SUBTYPE PST0 WHERE PST0.PAYMENT_SUBTYPE_NAME = 'USConnect Apollo (Track 2 with VAS)');

UPDATE PSS.POS_PTA_TMPL_ENTRY
SET PAYMENT_SUBTYPE_ID = (SELECT PAYMENT_SUBTYPE_ID FROM PSS.PAYMENT_SUBTYPE WHERE PAYMENT_SUBTYPE_NAME = 'USConnect Apollo (Track 2 with VAS)'),
AUTHORITY_PAYMENT_MASK_ID = (SELECT AUTHORITY_PAYMENT_MASK_ID FROM PSS.AUTHORITY_PAYMENT_MASK WHERE AUTHORITY_PAYMENT_MASK_NAME = 'Generic Special Card Track 2 (with USConnect and VAS)')
WHERE POS_PTA_TMPL_ID = (SELECT pos_pta_tmpl_id FROM pss.pos_pta_tmpl WHERE pos_pta_tmpl_name = 'SPECIAL MERGE: USConnect Apollo')
AND PAYMENT_SUBTYPE_ID = (SELECT PAYMENT_SUBTYPE_ID FROM PSS.PAYMENT_SUBTYPE WHERE PAYMENT_SUBTYPE_NAME = 'USConnect Apollo (Track 2)');

COMMIT;

CREATE TABLE REPORT.CAMPAIGN_SETTING_TYPE (
	SETTING_TYPE_ID NUMBER NOT NULL,
	DESCRIPTION VARCHAR2(50 BYTE),
	FULL_DESCRIPTION VARCHAR2(100 BYTE),
	CONSTRAINT PK_CAMPAIGN_SETTING_TYPE_ID PRIMARY KEY (SETTING_TYPE_ID)
) TABLESPACE REPORT_DATA;

INSERT INTO REPORT.CAMPAIGN_SETTING_TYPE VALUES (1, 'Acct type', 'Associates campaign type and available account type.');
INSERT INTO REPORT.CAMPAIGN_SETTING_TYPE VALUES (2, 'Product camp', 'Allows use product setting for campaign type.');
INSERT INTO REPORT.CAMPAIGN_SETTING_TYPE VALUES (3, 'Tran id', 'Associates campaign type and account type with available transaction type.');

GRANT REFERENCES ON PSS.CONSUMER_ACCT_TYPE TO REPORT;
CREATE TABLE REPORT.CAMPAIGN_SETTING (
  SETTING_ID NUMBER NOT NULL,
	CAMPAIGN_TYPE_ID NUMBER,
	ACCOUNT_TYPE_ID NUMBER,
	TRANS_TYPE_ID NUMBER,	
	SETTING_TYPE_ID NUMBER,
	OPERATOR_AVAILABLE VARCHAR2(1 BYTE) DEFAULT 'Y',
	GLOBAL_AVAILABLE VARCHAR2(1 BYTE) DEFAULT 'N',
	CONSTRAINT PK_CAMPAIGN_SETTING_ID PRIMARY KEY(SETTING_ID),
	CONSTRAINT FK_CS_CAMPAIGN_TYPE_ID FOREIGN KEY (CAMPAIGN_TYPE_ID) REFERENCES REPORT.CAMPAIGN_TYPE(CAMPAIGN_TYPE_ID),
	CONSTRAINT FK_CS_ACCOUNT_TYPE_ID FOREIGN KEY (ACCOUNT_TYPE_ID) REFERENCES PSS.CONSUMER_ACCT_TYPE(CONSUMER_ACCT_TYPE_ID),
	CONSTRAINT FK_CS_TRANS_TYPE_ID FOREIGN KEY (TRANS_TYPE_ID) REFERENCES REPORT.TRANS_TYPE(TRANS_TYPE_ID),
	CONSTRAINT FK_CS_CAMPAIGN_SETTING_TYPE_ID FOREIGN KEY (SETTING_TYPE_ID) REFERENCES REPORT.CAMPAIGN_SETTING_TYPE(SETTING_TYPE_ID)	
) TABLESPACE REPORT_DATA;

CREATE UNIQUE INDEX REPORT.UIX_CAMPAIGN_SETTING ON REPORT.CAMPAIGN_SETTING (CAMPAIGN_TYPE_ID, ACCOUNT_TYPE_ID, TRANS_TYPE_ID, SETTING_TYPE_ID);

INSERT INTO REPORT.CAMPAIGN_SETTING VALUES(1, 1, 3, null, 1, 'Y', 'N');
INSERT INTO REPORT.CAMPAIGN_SETTING VALUES(2, 1, 5, null, 1, 'Y', 'Y');
INSERT INTO REPORT.CAMPAIGN_SETTING VALUES(3, 1, 7, null, 1, 'Y', 'N');
INSERT INTO REPORT.CAMPAIGN_SETTING VALUES(4, 2, 3, null, 1, 'Y', 'N');
INSERT INTO REPORT.CAMPAIGN_SETTING VALUES(5, 3, 3, null, 1, 'Y', 'N');
INSERT INTO REPORT.CAMPAIGN_SETTING VALUES(6, 3, 7, null, 1, 'Y', 'N');
INSERT INTO REPORT.CAMPAIGN_SETTING VALUES(7, 4, null, null, 1, 'Y', 'Y');
INSERT INTO REPORT.CAMPAIGN_SETTING VALUES(8, 5, null, null, 1, 'Y', 'Y');
INSERT INTO REPORT.CAMPAIGN_SETTING VALUES(9, 6, 3, null, 1, 'Y', 'N');

INSERT INTO REPORT.CAMPAIGN_SETTING VALUES(10, 1, null, null, 2, 'Y', 'Y');
INSERT INTO REPORT.CAMPAIGN_SETTING VALUES(11, 3, null, null, 2, 'Y', 'N');
INSERT INTO REPORT.CAMPAIGN_SETTING VALUES(12, 4, null, null, 2, 'Y', 'Y');
INSERT INTO REPORT.CAMPAIGN_SETTING VALUES(13, 5, null, null, 2, 'Y', 'Y');

INSERT INTO REPORT.CAMPAIGN_SETTING VALUES(14, null, 7, 62, 3, 'Y', 'N');
INSERT INTO REPORT.CAMPAIGN_SETTING VALUES(15, null, 7, 79, 3, 'Y', 'N');
INSERT INTO REPORT.CAMPAIGN_SETTING VALUES(16, 1, 3, 15, 3, 'Y', 'N');
INSERT INTO REPORT.CAMPAIGN_SETTING VALUES(17, 3, 3, 15, 3, 'Y', 'N');
INSERT INTO REPORT.CAMPAIGN_SETTING VALUES(18, 4, 3, 15, 3, 'Y', 'N');
INSERT INTO REPORT.CAMPAIGN_SETTING VALUES(19, 5, 3, 15, 3, 'Y', 'N');
INSERT INTO REPORT.CAMPAIGN_SETTING VALUES(20, 1, 3, 30, 3, 'Y', 'N');
INSERT INTO REPORT.CAMPAIGN_SETTING VALUES(21, 3, 3, 30, 3, 'Y', 'N');
INSERT INTO REPORT.CAMPAIGN_SETTING VALUES(22, 4, 3, 30, 3, 'Y', 'N');
INSERT INTO REPORT.CAMPAIGN_SETTING VALUES(23, 5, 3, 30, 3, 'Y', 'N');
INSERT INTO REPORT.CAMPAIGN_SETTING VALUES(24, 1, 3, 36, 3, 'Y', 'N');
INSERT INTO REPORT.CAMPAIGN_SETTING VALUES(25, 3, 3, 36, 3, 'Y', 'N');
INSERT INTO REPORT.CAMPAIGN_SETTING VALUES(26, 4, 3, 36, 3, 'Y', 'N');
INSERT INTO REPORT.CAMPAIGN_SETTING VALUES(27, 5, 3, 36, 3, 'Y', 'N');
INSERT INTO REPORT.CAMPAIGN_SETTING VALUES(28, 1, 3, 37, 3, 'Y', 'N');
INSERT INTO REPORT.CAMPAIGN_SETTING VALUES(29, 3, 3, 37, 3, 'Y', 'N');
INSERT INTO REPORT.CAMPAIGN_SETTING VALUES(30, 4, 3, 37, 3, 'Y', 'N');
INSERT INTO REPORT.CAMPAIGN_SETTING VALUES(31, 5, 3, 37, 3, 'Y', 'N');
INSERT INTO REPORT.CAMPAIGN_SETTING VALUES(32, 1, 3, 75, 3, 'Y', 'N');
INSERT INTO REPORT.CAMPAIGN_SETTING VALUES(33, 3, 3, 75, 3, 'Y', 'N');
INSERT INTO REPORT.CAMPAIGN_SETTING VALUES(34, 4, 3, 75, 3, 'Y', 'N');
INSERT INTO REPORT.CAMPAIGN_SETTING VALUES(35, 5, 3, 75, 3, 'Y', 'N');
INSERT INTO REPORT.CAMPAIGN_SETTING VALUES(36, 1, 3, 76, 3, 'Y', 'N');
INSERT INTO REPORT.CAMPAIGN_SETTING VALUES(37, 3, 3, 76, 3, 'Y', 'N');
INSERT INTO REPORT.CAMPAIGN_SETTING VALUES(38, 4, 3, 76, 3, 'Y', 'N');
INSERT INTO REPORT.CAMPAIGN_SETTING VALUES(39, 5, 3, 76, 3, 'Y', 'N');
INSERT INTO REPORT.CAMPAIGN_SETTING VALUES(40, null, 5, 13, 3, 'Y', 'Y');
INSERT INTO REPORT.CAMPAIGN_SETTING VALUES(41, null, 5, 33, 3, 'Y', 'Y');
INSERT INTO REPORT.CAMPAIGN_SETTING VALUES(42, null, 5, 52, 3, 'Y', 'Y');
INSERT INTO REPORT.CAMPAIGN_SETTING VALUES(43, null, 5, 53, 3, 'Y', 'Y');
INSERT INTO REPORT.CAMPAIGN_SETTING VALUES(44, null, 5, 69, 3, 'Y', 'Y');
INSERT INTO REPORT.CAMPAIGN_SETTING VALUES(45, null, 5, 73, 3, 'Y', 'Y');
INSERT INTO REPORT.CAMPAIGN_SETTING VALUES(46, null, 5, 74, 3, 'Y', 'Y');
INSERT INTO REPORT.CAMPAIGN_SETTING VALUES(47, null, 5, 16, 3, 'Y', 'Y');


GRANT SELECT ON REPORT.CAMPAIGN_SETTING TO USALIVE_APP_ROLE;
GRANT SELECT ON REPORT.CAMPAIGN_SETTING TO USAT_DEV_READ_ONLY;
GRANT SELECT ON REPORT.CAMPAIGN_SETTING_TYPE TO USALIVE_APP_ROLE;
GRANT SELECT ON REPORT.CAMPAIGN_SETTING_TYPE TO USAT_DEV_READ_ONLY;

CREATE TABLE REPORT.CAMPAIGN_TRAN_TYPE (
  	CAMPAIGN_ID NUMBER NOT NULL,
	TRANS_TYPE_ID NUMBER NOT NULL,	
	CONSTRAINT PK_CAMPAIGN_TRAN_TYPE PRIMARY KEY(CAMPAIGN_ID, TRANS_TYPE_ID),
	CONSTRAINT FK_CTT_CAMPAIGN_ID FOREIGN KEY(CAMPAIGN_ID) REFERENCES REPORT.CAMPAIGN(CAMPAIGN_ID),
	CONSTRAINT FK_CTT_TRANS_TYPE_ID FOREIGN KEY(TRANS_TYPE_ID) REFERENCES REPORT.TRANS_TYPE(TRANS_TYPE_ID) 
) TABLESPACE REPORT_DATA;

GRANT SELECT,INSERT,DELETE,UPDATE ON REPORT.CAMPAIGN_TRAN_TYPE TO USALIVE_APP_ROLE;
GRANT SELECT ON REPORT.CAMPAIGN_TRAN_TYPE TO USAT_DEV_READ_ONLY;
GRANT SELECT ON REPORT.CAMPAIGN_TRAN_TYPE TO PSS;

INSERT INTO PSS.TRAN_LINE_ITEM_TYPE (TRAN_LINE_ITEM_TYPE_ID, TRAN_LINE_ITEM_TYPE_DESC, TRAN_LINE_ITEM_TYPE_SIGN_PN, TRAN_LINE_ITEM_TYPE_GROUP_CD,
					MDB_NUMBER_IND, TYPE_DESC_AS_PRODUCT_IND)
			VALUES (215, 'Loyalty Purchase Free', 'N', 'A', 'N', 'N');

ALTER TABLE REPORT.CAMPAIGN ADD FREE_VEND_MAX_COUNT NUMBER;

COMMIT;

UPDATE REPORT.REPORT_PARAM
SET PARAM_VALUE = 
	'SELECT TO_CHAR(X.SETTLE_DATE, ''MM/DD/YYYY HH24:MI:SS'') "Settle Date", 
	E.EPORT_SERIAL_NUM "Device", TA.CITY "City", TA.STATE "State", CASE WHEN TLI.TRAN_LINE_ITEM_TYPE_ID = 215 THEN X.TOTAL_AMOUNT-TLI.TRAN_LINE_ITEM_AMOUNT ELSE X.TOTAL_AMOUNT END "Redemption Amount",
	CUR.CURRENCY_CODE "Currency", TA.ADDRESS1 "Address", TA.ZIP "Zip", X.TRAN_ID "Transaction Id", TO_CHAR(X.CLOSE_DATE, ''MM/DD/YYYY HH24:MI:SS'') "Transaction Date", CT.CARD_NAME "Card Type",
	X.CARD_NUMBER "Card Number", T.TERMINAL_NBR "Terminal", C.CUSTOMER_NAME "Customer", L.LOCATION_NAME "Location", CAB.GLOBAL_ACCOUNT_ID "Card Id"
	FROM REPORT.TRANS X
	JOIN REPORT.TRANS_TYPE TT ON X.TRANS_TYPE_ID=TT.TRANS_TYPE_ID
	JOIN REPORT.EPORT E ON X.EPORT_ID = E.EPORT_ID
	JOIN REPORT.TERMINAL T ON X.TERMINAL_ID = T.TERMINAL_ID
	JOIN REPORT.VW_USER_TERMINAL VUT ON T.TERMINAL_ID = VUT.TERMINAL_ID AND VUT.TERMINAL_ID != 0
	LEFT OUTER JOIN CORP.CUSTOMER C ON T.CUSTOMER_ID = C.CUSTOMER_ID
	LEFT OUTER JOIN REPORT.LOCATION L ON T.LOCATION_ID = L.LOCATION_ID
	LEFT OUTER JOIN REPORT.TERMINAL_ADDR TA ON L.ADDRESS_ID = TA.ADDRESS_ID
	LEFT OUTER JOIN CORP.CURRENCY CUR ON X.CURRENCY_ID = CUR.CURRENCY_ID
	LEFT OUTER JOIN REPORT.CARDTYPE_AUTHORITY CA ON X.CARDTYPE_AUTHORITY_ID = CA.CARDTYPE_AUTHORITY_ID
	LEFT OUTER JOIN REPORT.CARD_TYPE CT ON CA.CARDTYPE_ID = CT.CARD_TYPE_ID
	LEFT OUTER JOIN PSS.CONSUMER_ACCT CA ON X.CONSUMER_ACCT_ID = CA.CONSUMER_ACCT_ID
	LEFT OUTER JOIN PSS.CONSUMER CON ON CA.CONSUMER_ID = CON.CONSUMER_ID
	LEFT OUTER JOIN PSS.CONSUMER_ACCT_BASE CAB ON X.CONSUMER_ACCT_ID = CAB.CONSUMER_ACCT_ID
	LEFT OUTER JOIN PSS.TRAN_LINE_ITEM TLI ON X.SOURCE_TRAN_ID = TLI.TRAN_ID AND TLI.TRAN_LINE_ITEM_TYPE_ID = 215
	WHERE vut.user_id= ?
		AND X.SETTLE_DATE >= CAST(? AS DATE) AND X.SETTLE_DATE < CAST(? AS DATE) + 1 
		AND (TT.FREE_IND =''Y'' AND X.SETTLE_STATE_ID = 3 OR TLI.TRAN_LINE_ITEM_TYPE_ID = 215)
	ORDER BY X.SETTLE_DATE, X.TRAN_ID'
WHERE REPORT_ID = 430 AND PARAM_NAME = 'query';

UPDATE REPORT.REPORT_PARAM
SET PARAM_VALUE = 'NUMERIC,TIMESTAMP,TIMESTAMP,NUMERIC,TIMESTAMP,TIMESTAMP'
WHERE REPORT_ID = 431 AND PARAM_NAME = 'paramTypes';
UPDATE REPORT.REPORT_PARAM
SET PARAM_VALUE = 'userId,StartDate,EndDate,userId,StartDate,EndDate'
WHERE REPORT_ID = 431 AND PARAM_NAME = 'paramNames';
UPDATE REPORT.REPORT_PARAM
SET PARAM_VALUE = 
	'SELECT CAMPAIGN_NAME "Campaign", SUM(TRAN_COUNT) "Transaction Count",SUM(AMOUNT) "Total Amount", CURRENCY "Currency"    
    FROM 
    	(SELECT C.CAMPAIGN_NAME CAMPAIGN_NAME, SUM(X.TRAN_COUNT) TRAN_COUNT, SUM(X.TRAN_AMOUNT) AMOUNT, CUR.CURRENCY_CODE CURRENCY
		FROM REPORT.TRANS_STAT_BY_DAY X 
    	JOIN REPORT.CAMPAIGN C on X.CAMPAIGN_ID=C.CAMPAIGN_ID
    	JOIN REPORT.VW_USER_TERMINAL VUT on VUT.USER_ID=? AND VUT.TERMINAL_ID=X.TERMINAL_ID
		JOIN REPORT.TRANS_TYPE TT on X.TRANS_TYPE_ID=TT.TRANS_TYPE_ID
		LEFT OUTER JOIN CORP.CURRENCY CUR ON X.CURRENCY_ID = CUR.CURRENCY_ID
    	WHERE X.TRAN_DATE >= CAST(? AS DATE) AND X.TRAN_DATE < CAST(? AS DATE) + 1 AND TT.FREE_IND =''Y''
		GROUP BY C.CAMPAIGN_NAME, CUR.CURRENCY_CODE
    	UNION ALL
    	SELECT C.CAMPAIGN_NAME CAMPAIGN_NAME,COUNT(*) TRAN_COUNT,SUM(-TLI.TRAN_LINE_ITEM_AMOUNT) AMOUNT, CUR.CURRENCY_CODE CURRENCY
    	FROM PSS.TRAN_LINE_ITEM TLI
    	JOIN REPORT.CAMPAIGN C ON TLI.CAMPAIGN_ID = C.CAMPAIGN_ID
    	JOIN REPORT.TRANS T ON TLI.TRAN_ID = T.SOURCE_TRAN_ID 
		JOIN REPORT.VW_USER_TERMINAL VUT on VUT.USER_ID=? AND VUT.TERMINAL_ID=T.TERMINAL_ID
    	LEFT OUTER JOIN CORP.CURRENCY CUR ON T.CURRENCY_ID = CUR.CURRENCY_ID
    	WHERE TLI.TRAN_LINE_ITEM_TYPE_ID = 215
        	AND T.CLOSE_DATE >= CAST(? AS DATE) AND T.CLOSE_DATE < CAST(? AS DATE)
    	GROUP BY C.CAMPAIGN_NAME, CUR.CURRENCY_CODE
    	)
	GROUP BY CAMPAIGN_NAME, CURRENCY
	ORDER BY 1,2,3,4'
WHERE REPORT_ID = 431 AND PARAM_NAME = 'query';

UPDATE REPORT.REPORT_PARAM
SET PARAM_VALUE = 'NUMERIC,TIMESTAMP,TIMESTAMP,NUMERIC,TIMESTAMP,TIMESTAMP'
WHERE REPORT_ID = 432 AND PARAM_NAME = 'paramTypes';
UPDATE REPORT.REPORT_PARAM
SET PARAM_VALUE = 'userId,StartDate,EndDate,userId,StartDate,EndDate'
WHERE REPORT_ID = 432 AND PARAM_NAME = 'paramNames';
UPDATE REPORT.REPORT_PARAM
SET PARAM_VALUE = 
	'SELECT CAMPAIGN_NAME "Campaign", EPORT_SERIAL_NUM "Device", SUM(TRAN_COUNT) "Transaction Count", SUM(AMOUNT) "Total Amount", CURRENCY "Currency"
	FROM 
    	(SELECT C.CAMPAIGN_NAME CAMPAIGN_NAME,E.EPORT_SERIAL_NUM EPORT_SERIAL_NUM, SUM(X.TRAN_COUNT) TRAN_COUNT, SUM(X.TRAN_AMOUNT) AMOUNT, CUR.CURRENCY_CODE CURRENCY
		FROM REPORT.TRANS_STAT_BY_DAY X 
    	JOIN REPORT.CAMPAIGN C on X.CAMPAIGN_ID=C.CAMPAIGN_ID
		JOIN REPORT.VW_USER_TERMINAL VUT on VUT.USER_ID=? AND VUT.TERMINAL_ID=X.TERMINAL_ID
		JOIN REPORT.TRANS_TYPE TT on X.TRANS_TYPE_ID=TT.TRANS_TYPE_ID
    	JOIN REPORT.EPORT E ON X.EPORT_ID = E.EPORT_ID
		LEFT OUTER JOIN CORP.CURRENCY CUR ON X.CURRENCY_ID = CUR.CURRENCY_ID
    	WHERE X.TRAN_DATE >= CAST(? AS DATE) AND X.TRAN_DATE < CAST(? AS DATE) + 1 AND TT.FREE_IND =''Y''
		GROUP BY C.CAMPAIGN_NAME, E.EPORT_SERIAL_NUM,CUR.CURRENCY_CODE
    	UNION ALL
    	SELECT C.CAMPAIGN_NAME CAMPAIGN_NAME,E.EPORT_SERIAL_NUM EPORT_SERIAL_NUM, COUNT(*) TRAN_COUNT,SUM(-TLI.TRAN_LINE_ITEM_AMOUNT) AMOUNT, CUR.CURRENCY_CODE CURRENCY
   		FROM PSS.TRAN_LINE_ITEM TLI
    	JOIN REPORT.CAMPAIGN C ON TLI.CAMPAIGN_ID = C.CAMPAIGN_ID
    	JOIN REPORT.TRANS T ON TLI.TRAN_ID = T.SOURCE_TRAN_ID 
		JOIN REPORT.VW_USER_TERMINAL VUT on VUT.USER_ID=? AND VUT.TERMINAL_ID=T.TERMINAL_ID
    	JOIN REPORT.EPORT E ON T.EPORT_ID = E.EPORT_ID
    	LEFT OUTER JOIN CORP.CURRENCY CUR ON T.CURRENCY_ID = CUR.CURRENCY_ID
    	WHERE TLI.TRAN_LINE_ITEM_TYPE_ID = 215
       		AND T.CLOSE_DATE >= CAST(? AS DATE) AND T.CLOSE_DATE < CAST(? AS DATE)
    	GROUP BY C.CAMPAIGN_NAME, E.EPORT_SERIAL_NUM, CUR.CURRENCY_CODE
    	)
	GROUP BY CAMPAIGN_NAME, EPORT_SERIAL_NUM, CURRENCY		
	ORDER BY 1, 2'
	WHERE REPORT_ID = 432 AND PARAM_NAME = 'query';
	
COMMIT;

ALTER TABLE REPORT.CAMPAIGN ADD TOTAL_DISCOUNT_AMOUNT NUMBER;
ALTER TABLE REPORT.CAMPAIGN ADD TOTAL_DISCOUNT_AMOUNT_USED NUMBER DEFAULT 0;

INSERT INTO REPORT.CAMPAIGN_SETTING_TYPE VALUES (4, 'Discount total', 'Global campaign setting: Max amount available to cover discounts amount for customer.');
INSERT INTO REPORT.CAMPAIGN_SETTING VALUES(48, 1, null, null, 4, 'N', 'Y');

INSERT INTO REPORT.CAMPAIGN_SETTING_TYPE VALUES (5, 'Accts', 'Account type available.');
INSERT INTO REPORT.CAMPAIGN_SETTING VALUES(49, null, 3, null, 5, 'Y', 'N');
INSERT INTO REPORT.CAMPAIGN_SETTING VALUES(50, null, 5, null, 5, 'Y', 'Y');
INSERT INTO REPORT.CAMPAIGN_SETTING VALUES(51, null, 7, null, 5, 'Y', 'N');

GRANT UPDATE ON REPORT.CAMPAIGN TO PSS;
COMMIT;

ALTER TABLE PSS.TRAN_LINE_ITEM_TYPE ADD REWARDABLE_IND VARCHAR2(1 BYTE) DEFAULT 'N';
ALTER TABLE PSS.TRAN_LINE_ITEM_TYPE ADD REWARD_TRAN_LINE_ITEM_TYPE_ID NUMBER CONSTRAINT FK_TLIT_REWARD_TLI_TYPE_ID REFERENCES PSS.TRAN_LINE_ITEM_TYPE(TRAN_LINE_ITEM_TYPE_ID);

INSERT INTO PSS.TRAN_LINE_ITEM_TYPE 
	(TRAN_LINE_ITEM_TYPE_ID, TRAN_LINE_ITEM_TYPE_DESC, TRAN_LINE_ITEM_TYPE_SIGN_PN, TRAN_LINE_ITEM_TYPE_GROUP_CD, MDB_NUMBER_IND, TYPE_DESC_AS_PRODUCT_IND, CONSUMER_VISIBLE_IND)
	VALUES (220, 'Loyalty Reward', 'P', 'A', 'N', 'N', 'N');
INSERT INTO PSS.TRAN_LINE_ITEM_TYPE 
	(TRAN_LINE_ITEM_TYPE_ID, TRAN_LINE_ITEM_TYPE_DESC, TRAN_LINE_ITEM_TYPE_SIGN_PN, TRAN_LINE_ITEM_TYPE_GROUP_CD, MDB_NUMBER_IND, TYPE_DESC_AS_PRODUCT_IND, CONSUMER_VISIBLE_IND)
	VALUES (221, 'MORE Loyalty Reward', 'P', 'A', 'N', 'N', 'N');
INSERT INTO PSS.TRAN_LINE_ITEM_TYPE 
	(TRAN_LINE_ITEM_TYPE_ID, TRAN_LINE_ITEM_TYPE_DESC, TRAN_LINE_ITEM_TYPE_SIGN_PN, TRAN_LINE_ITEM_TYPE_GROUP_CD, MDB_NUMBER_IND, TYPE_DESC_AS_PRODUCT_IND, CONSUMER_VISIBLE_IND)
	VALUES (222, 'Purchase Reward', 'P', 'A', 'N', 'N', 'N');
INSERT INTO PSS.TRAN_LINE_ITEM_TYPE 
	(TRAN_LINE_ITEM_TYPE_ID, TRAN_LINE_ITEM_TYPE_DESC, TRAN_LINE_ITEM_TYPE_SIGN_PN, TRAN_LINE_ITEM_TYPE_GROUP_CD, MDB_NUMBER_IND, TYPE_DESC_AS_PRODUCT_IND, CONSUMER_VISIBLE_IND)
	VALUES (223, 'Loyalty Product Free Reward', 'P', 'A', 'N', 'N', 'N');
INSERT INTO PSS.TRAN_LINE_ITEM_TYPE 
	(TRAN_LINE_ITEM_TYPE_ID, TRAN_LINE_ITEM_TYPE_DESC, TRAN_LINE_ITEM_TYPE_SIGN_PN, TRAN_LINE_ITEM_TYPE_GROUP_CD, MDB_NUMBER_IND, TYPE_DESC_AS_PRODUCT_IND, CONSUMER_VISIBLE_IND)
	VALUES (224, 'Loyalty Purchase Free Reward', 'P', 'A', 'N', 'N', 'N');

UPDATE PSS.TRAN_LINE_ITEM_TYPE
SET REWARDABLE_IND = 'Y',
	REWARD_TRAN_LINE_ITEM_TYPE_ID = 209
WHERE TRAN_LINE_ITEM_TYPE_ID = 208;
UPDATE PSS.TRAN_LINE_ITEM_TYPE
SET REWARDABLE_IND = 'Y',
	REWARD_TRAN_LINE_ITEM_TYPE_ID = 220
WHERE TRAN_LINE_ITEM_TYPE_ID = 204;
UPDATE PSS.TRAN_LINE_ITEM_TYPE
SET REWARDABLE_IND = 'Y',
	REWARD_TRAN_LINE_ITEM_TYPE_ID = 221
WHERE TRAN_LINE_ITEM_TYPE_ID = 211;
UPDATE PSS.TRAN_LINE_ITEM_TYPE
SET REWARDABLE_IND = 'Y',
	REWARD_TRAN_LINE_ITEM_TYPE_ID = 222
WHERE TRAN_LINE_ITEM_TYPE_ID = 213;
UPDATE PSS.TRAN_LINE_ITEM_TYPE
SET REWARDABLE_IND = 'Y',
	REWARD_TRAN_LINE_ITEM_TYPE_ID = 223
WHERE TRAN_LINE_ITEM_TYPE_ID = 214;
UPDATE PSS.TRAN_LINE_ITEM_TYPE
SET REWARDABLE_IND = 'Y',
	REWARD_TRAN_LINE_ITEM_TYPE_ID = 224
WHERE TRAN_LINE_ITEM_TYPE_ID = 215;

COMMIT;

ALTER TABLE REPORT.CAMPAIGN_TYPE ADD GLOBAL_AVAILABLE VARCHAR2(1 BYTE) DEFAULT 'N'; 
UPDATE REPORT.CAMPAIGN_TYPE SET GLOBAL_AVAILABLE = 'Y' WHERE CAMPAIGN_TYPE_ID IN (1, 4, 5);

COMMIT;

INSERT INTO REPORT.TRANS_TYPE(TRANS_TYPE_ID, TRANS_TYPE_NAME,PROCESS_FEE_IND,DISPLAY_ORDER,FEE_PERCENT_UBN,
FEE_AMOUNT_UBN,FEE_MIN_UBN,FEE_PERCENT_LBN,PAYABLE_IND,CUSTOMER_DEBIT_IND,
FILL_BATCH_IND,CASH_IND,TRANS_TYPE_CODE,TRANS_ITEM_TYPE,REFUND_IND,
REFUNDABLE_IND,CHARGEBACK_ENABLED_IND,CREDIT_IND,OPERATOR_TRANS_TYPE_ID,CASHLESS_DEVICE_TRAN_IND,
PREPAID_IND,PROCESS_FEE_TRANS_TYPE_ID,PASS_IND,ACCESS_IND,DEBIT_IND, ENTRY_TYPE, FREE_IND)
SELECT 83, 'Credit Promo Global','N',207,10,
1,1,1,'Y','N',
'Y','N','R','CREDIT PROMO GLOBAL','N',
'Y','N','Y',83,'Y',
'N',83,'N','N','N','CC','Y' FROM DUAL WHERE NOT EXISTS (SELECT 1 FROM REPORT.TRANS_TYPE WHERE TRANS_TYPE_ID = 83);

INSERT INTO REPORT.TRANS_TYPE(TRANS_TYPE_ID, TRANS_TYPE_NAME,PROCESS_FEE_IND,DISPLAY_ORDER,FEE_PERCENT_UBN,
FEE_AMOUNT_UBN,FEE_MIN_UBN,FEE_PERCENT_LBN,PAYABLE_IND,CUSTOMER_DEBIT_IND,
FILL_BATCH_IND,CASH_IND,TRANS_TYPE_CODE,TRANS_ITEM_TYPE,REFUND_IND,
REFUNDABLE_IND,CHARGEBACK_ENABLED_IND,CREDIT_IND,OPERATOR_TRANS_TYPE_ID,CASHLESS_DEVICE_TRAN_IND,
PREPAID_IND,PROCESS_FEE_TRANS_TYPE_ID,PASS_IND,ACCESS_IND,DEBIT_IND, ENTRY_TYPE, FREE_IND)
SELECT 84, 'Credit Promo Global (Contactless)','N',207,10,
1,1,1,'Y','N',
'Y','N','R','CREDIT PROMO GLOBAL (CONTACTLESS)','N',
'Y','N','Y',84,'Y',
'N',84,'N','N','N','CC','Y' FROM DUAL WHERE NOT EXISTS (SELECT 1 FROM REPORT.TRANS_TYPE WHERE TRANS_TYPE_ID = 84);

INSERT INTO REPORT.TRANS_TYPE(TRANS_TYPE_ID, TRANS_TYPE_NAME,PROCESS_FEE_IND,DISPLAY_ORDER,FEE_PERCENT_UBN,
FEE_AMOUNT_UBN,FEE_MIN_UBN,FEE_PERCENT_LBN,PAYABLE_IND,CUSTOMER_DEBIT_IND,
FILL_BATCH_IND,CASH_IND,TRANS_TYPE_CODE,TRANS_ITEM_TYPE,REFUND_IND,
REFUNDABLE_IND,CHARGEBACK_ENABLED_IND,CREDIT_IND,OPERATOR_TRANS_TYPE_ID,CASHLESS_DEVICE_TRAN_IND,
PREPAID_IND,PROCESS_FEE_TRANS_TYPE_ID,PASS_IND,ACCESS_IND,DEBIT_IND, ENTRY_TYPE, FREE_IND)
SELECT 85, 'Credit Promo Global (Apple Pay)','N',207,10,
1,1,1,'Y','N',
'Y','N','R','CREDIT PROMO GLOBAL (APPLE PAY)','N',
'Y','N','Y',85,'Y',
'N',85,'N','N','N','CC','Y' FROM DUAL WHERE NOT EXISTS (SELECT 1 FROM REPORT.TRANS_TYPE WHERE TRANS_TYPE_ID = 85);

INSERT INTO REPORT.TRANS_TYPE(TRANS_TYPE_ID, TRANS_TYPE_NAME,PROCESS_FEE_IND,DISPLAY_ORDER,FEE_PERCENT_UBN,
FEE_AMOUNT_UBN,FEE_MIN_UBN,FEE_PERCENT_LBN,PAYABLE_IND,CUSTOMER_DEBIT_IND,
FILL_BATCH_IND,CASH_IND,TRANS_TYPE_CODE,TRANS_ITEM_TYPE,REFUND_IND,
REFUNDABLE_IND,CHARGEBACK_ENABLED_IND,CREDIT_IND,OPERATOR_TRANS_TYPE_ID,CASHLESS_DEVICE_TRAN_IND,
PREPAID_IND,PROCESS_FEE_TRANS_TYPE_ID,PASS_IND,ACCESS_IND,DEBIT_IND, ENTRY_TYPE, FREE_IND)
SELECT 86, 'Credit Promo Global (Apple VAS)','N',207,10,
1,1,1,'Y','N',
'Y','N','R','CREDIT PROMO GLOBAL (APPLE VAS)','N',
'Y','N','Y',86,'Y',
'N',86,'N','N','N','CC','Y' FROM DUAL WHERE NOT EXISTS (SELECT 1 FROM REPORT.TRANS_TYPE WHERE TRANS_TYPE_ID = 86);

ALTER TABLE REPORT.TRANS_TYPE ADD REWARDABLE_IND VARCHAR2(1 BYTE) DEFAULT 'N';
ALTER TABLE REPORT.TRANS_TYPE ADD REWARD_TRANS_TYPE_ID NUMBER CONSTRAINT FK_TT_REWARD_TRANS_TYPE_ID REFERENCES REPORT.TRANS_TYPE(TRANS_TYPE_ID);

UPDATE REPORT.TRANS_TYPE 
SET REWARDABLE_IND = 'Y',
	REWARD_TRANS_TYPE_ID = 83
WHERE TRANS_TYPE_ID = 54; 
UPDATE REPORT.TRANS_TYPE 
SET REWARDABLE_IND = 'Y',
	REWARD_TRANS_TYPE_ID = 84
WHERE TRANS_TYPE_ID = 55;
UPDATE REPORT.TRANS_TYPE 
SET REWARDABLE_IND = 'Y',
	REWARD_TRANS_TYPE_ID = 85
WHERE TRANS_TYPE_ID = 81;
UPDATE REPORT.TRANS_TYPE 
SET REWARDABLE_IND = 'Y',
	REWARD_TRANS_TYPE_ID = 86
WHERE TRANS_TYPE_ID = 82;
COMMIT;

GRANT SELECT ON REPORT.CAMPAIGN_SETTING TO PSS;

INSERT INTO REPORT.TRANS_TYPE(TRANS_TYPE_ID, TRANS_TYPE_NAME,PROCESS_FEE_IND,DISPLAY_ORDER,FEE_PERCENT_UBN,
FEE_AMOUNT_UBN,FEE_MIN_UBN,FEE_PERCENT_LBN,PAYABLE_IND,CUSTOMER_DEBIT_IND,
FILL_BATCH_IND,CASH_IND,TRANS_TYPE_CODE,TRANS_ITEM_TYPE,REFUND_IND,
REFUNDABLE_IND,CHARGEBACK_ENABLED_IND,CREDIT_IND,OPERATOR_TRANS_TYPE_ID,CASHLESS_DEVICE_TRAN_IND,
PREPAID_IND,PROCESS_FEE_TRANS_TYPE_ID,PASS_IND,ACCESS_IND,DEBIT_IND, ENTRY_TYPE, DYNAMIC_FEE_IND)
SELECT 87, 'Credit (Apple Pay Cash)','N',166,10,
1,1,1,'Y','N',
'Y','N','R','CREDIT (APPLE PAY CASH)','N',
'Y','Y','Y',87,'Y',
'N',87,'N','N','N','CC','Y' FROM DUAL WHERE NOT EXISTS (SELECT 1 FROM REPORT.TRANS_TYPE WHERE TRANS_TYPE_ID = 87);

INSERT INTO PSS.ACCT_ENTRY_METHOD VALUES ('H', 'APPLE PAY CASH', 'H', 'Apple Pay Cash');
INSERT INTO PSS.TRANS_TYPE_ENTRY_OVERRIDE(TRANS_TYPE_ID, ACCT_ENTRY_METHOD_CD, OVERRIDE_TRANS_TYPE_ID) VALUES (33, 'H', 87);
INSERT INTO PSS.TRANS_TYPE_ENTRY_OVERRIDE(TRANS_TYPE_ID, ACCT_ENTRY_METHOD_CD, OVERRIDE_TRANS_TYPE_ID) VALUES (73, 'H', 87);

INSERT INTO REPORT.CAMPAIGN_SETTING VALUES(52, 1, 5, 87, 3, 'Y', 'Y');
INSERT INTO REPORT.CAMPAIGN_SETTING VALUES(53, 4, 5, 87, 3, 'Y', 'Y');
INSERT INTO REPORT.CAMPAIGN_SETTING VALUES(54, 5, 5, 87, 3, 'Y', 'Y');

COMMIT;

INSERT INTO REPORT.TRANS_TYPE(
	TRANS_TYPE_ID,
	TRANS_TYPE_NAME,
	PROCESS_FEE_IND,
	DISPLAY_ORDER,
	FEE_PERCENT_UBN,
	FEE_AMOUNT_UBN,
	FEE_MIN_UBN,
	FEE_PERCENT_LBN,
	PAYABLE_IND,
	CUSTOMER_DEBIT_IND,
	ENTRY_TYPE,
	FILL_BATCH_IND,
	CASH_IND,
	TRANS_TYPE_CODE,
	TRANS_ITEM_TYPE,
	REFUND_IND,
	REFUNDABLE_IND,
	CHARGEBACK_ENABLED_IND,
	STATUS_CD,
	CREDIT_IND,
	OPERATOR_TRANS_TYPE_ID,
	CASHLESS_DEVICE_TRAN_IND,
	REPLENISH_IND,
	PREPAID_IND,
	PROCESS_FEE_TRANS_TYPE_ID,
	PASS_IND,
	ACCESS_IND,
	DEBIT_IND,
	FREE_IND,
	DYNAMIC_FEE_IND,
	REWARDABLE_IND) 
select
	88,
	'USConnect (Apple VAS)',
	'N',
	213,
	10,
	1,
	1,
	1,
	'N',
	'N',
	null,
	'N',
	'N',
	'P',
	'USCONNECT (APPLE VAS)',
	'N',
	'Y',
	'N',
	'A',
	'N',
	88,
	'Y',
	'N',
	'N',
	68,
	'N',
	'Y',
	'N',
	'N',
	'N',
	'N'
from dual
where not exists (
	select 1 
	from report.trans_type 
	where TRANS_TYPE_ID = 88);
	
INSERT INTO PSS.TRANS_TYPE_ENTRY_OVERRIDE(TRANS_TYPE_ID, ACCT_ENTRY_METHOD_CD, OVERRIDE_TRANS_TYPE_ID) VALUES (68, 'V', 88);	
	
COMMIT;

--'Apple Pay Cash discounts' Report.	
DECLARE
ln_report_id NUMBER;
	ln_web_link_id NUMBER;
BEGIN
	ln_report_id := 482;

	INSERT INTO REPORT.REPORTS (REPORT_ID, TITLE, GENERATOR_ID, REPORT_NAME, DESCRIPTION, USAGE)
		VALUES (ln_report_id, 'Apple Pay Cash Discounts - {b} to {e}', 6, 'Apple Pay Cash Discounts', 'Total discounts amount needed to be paid by sponsor of Apple Pay Cash global campaigns', 'U');
	INSERT INTO REPORT.REPORT_PARAM (REPORT_ID, PARAM_NAME, PARAM_VALUE)
			VALUES (ln_report_id, 'query', 
			'SELECT 
				CAMPAIGN_NAME "Campaign",
				SUM(AMOUNT) "Total Discount Amount", 
				CURRENCY_CODE "Currency" ,
				COUNT(*) "Transaction Count"
				FROM (SELECT 
					C.CAMPAIGN_NAME,
					SUM(ABS(TLI.TRAN_LINE_ITEM_AMOUNT)) AMOUNT, 
					T.TRAN_ID,
					CUR.CURRENCY_CODE 
				FROM REPORT.TRANS X
				JOIN PSS.TRAN T ON X.SOURCE_TRAN_ID = T.TRAN_ID
				JOIN PSS.TRAN_LINE_ITEM TLI ON T.TRAN_ID = TLI.TRAN_ID
				JOIN REPORT.CAMPAIGN C on TLI.CAMPAIGN_ID = C.CAMPAIGN_ID
				JOIN REPORT.CAMPAIGN_TRAN_TYPE CTT ON C.CAMPAIGN_ID = CTT.CAMPAIGN_ID AND CTT.TRANS_TYPE_ID = 87
				JOIN REPORT.VW_USER_TERMINAL VUT on VUT.USER_ID = ? AND VUT.TERMINAL_ID = X.TERMINAL_ID
				JOIN REPORT.EPORT E ON X.EPORT_ID = E.EPORT_ID
				LEFT OUTER JOIN CORP.CURRENCY CUR ON X.CURRENCY_ID = CUR.CURRENCY_ID
				WHERE X.CLOSE_DATE >= CAST(? AS DATE) AND X.CLOSE_DATE < CAST(? AS DATE) + 1 
                	AND C.CUSTOMER_ID IS NULL
                	AND TLI.TRAN_LINE_ITEM_TYPE_ID IN (204, 211, 213, 214, 215)  
				GROUP BY C.CAMPAIGN_NAME, CUR.CURRENCY_CODE, T.TRAN_ID)
			GROUP BY CAMPAIGN_NAME, CURRENCY_CODE
			ORDER BY 1, 2, 3, 4');
	INSERT INTO REPORT.REPORT_PARAM (REPORT_ID, PARAM_NAME, PARAM_VALUE) VALUES (ln_report_id, 'params.userId', '{u}');
	INSERT INTO REPORT.REPORT_PARAM (REPORT_ID, PARAM_NAME, PARAM_VALUE) VALUES (ln_report_id, 'paramTypes', 'NUMERIC,TIMESTAMP,TIMESTAMP');
	INSERT INTO REPORT.REPORT_PARAM (REPORT_ID, PARAM_NAME, PARAM_VALUE) VALUES (ln_report_id, 'paramNames', 'userId,StartDate,EndDate');
	INSERT INTO REPORT.REPORT_PARAM (REPORT_ID, PARAM_NAME, PARAM_VALUE) VALUES (ln_report_id, 'isSQLFolio', 'true');
	INSERT INTO REPORT.REPORT_PARAM (REPORT_ID, PARAM_NAME, PARAM_VALUE) VALUES (ln_report_id, 'params.EndDate', '{e}');
	INSERT INTO REPORT.REPORT_PARAM (REPORT_ID, PARAM_NAME, PARAM_VALUE) VALUES (ln_report_id, 'params.StartDate', '{b}');
	INSERT INTO REPORT.REPORT_PARAM (REPORT_ID, PARAM_NAME, PARAM_VALUE) VALUES (ln_report_id, 'dateFormat', 'MM/dd/yyyy');
	INSERT INTO REPORT.REPORT_PARAM (REPORT_ID, PARAM_NAME, PARAM_VALUE) VALUES (ln_report_id, 'header', 'true');
	
	SELECT MAX(WEB_LINK_ID) + 1 INTO ln_web_link_id 
	FROM WEB_CONTENT.WEB_LINK;
	INSERT INTO WEB_CONTENT.WEB_LINK (WEB_LINK_ID, WEB_LINK_LABEL, WEB_LINK_URL, WEB_LINK_DESC, WEB_LINK_GROUP, WEB_LINK_USAGE)
		VALUES(ln_web_link_id, 'Apple Pay Cash Discounts', './select_date_range_frame_sqlfolio.i?basicReportId=' || ln_report_id, 'Apple Pay Cash Discounts', 'Daily Operations', 'P');
	INSERT INTO WEB_CONTENT.WEB_LINK_REQUIREMENT (WEB_LINK_ID, REQUIREMENT_ID) VALUES(ln_web_link_id, 1);
	INSERT INTO WEB_CONTENT.WEB_LINK_REQUIREMENT (WEB_LINK_ID, REQUIREMENT_ID) VALUES(ln_web_link_id, 26);
	INSERT INTO WEB_CONTENT.WEB_LINK_REQUIREMENT (WEB_LINK_ID, REQUIREMENT_ID) VALUES(ln_web_link_id, 45);

	COMMIT;
END;
/

GRANT REFERENCES ON PSS.PAYMENT_SUBTYPE TO REPORT;
CREATE TABLE REPORT.TRANS_TYPE_PAYMENT_SUBTYPE (
    TRANS_TYPE_ID NUMBER NOT NULL,
	PAYMENT_SUBTYPE_ID NUMBER(20,0) NOT NULL,
	CREATED_BY VARCHAR2(30) NOT NULL,
    CREATED_UTC_TS TIMESTAMP NOT NULL,
    LAST_UPDATED_BY VARCHAR2(30) NOT NULL,
    LAST_UPDATED_UTC_TS TIMESTAMP NOT NULL,
    CONSTRAINT PK_TRANS_TYPE_PAYMENT_SUBTYPE PRIMARY KEY(TRANS_TYPE_ID, PAYMENT_SUBTYPE_ID),
	CONSTRAINT FK_TTPS_TRANS_TYPE_ID FOREIGN KEY (TRANS_TYPE_ID) REFERENCES REPORT.TRANS_TYPE(TRANS_TYPE_ID),
	CONSTRAINT FK_TTPS_PAYMENT_SUBTYPE_ID FOREIGN KEY (PAYMENT_SUBTYPE_ID) REFERENCES PSS.PAYMENT_SUBTYPE(PAYMENT_SUBTYPE_ID)
) TABLESPACE REPORT_DATA;

CREATE OR REPLACE TRIGGER REPORT.TRBI_TT_PAYMENT_SUBTYPE BEFORE INSERT ON REPORT.TRANS_TYPE_PAYMENT_SUBTYPE
  FOR EACH ROW
BEGIN
    SELECT 
        SYS_EXTRACT_UTC(SYSTIMESTAMP),
        USER,
        SYS_EXTRACT_UTC(SYSTIMESTAMP),
        USER
    INTO 
        :NEW.CREATED_UTC_TS,
        :NEW.CREATED_BY,
        :NEW.LAST_UPDATED_UTC_TS,
        :NEW.LAST_UPDATED_BY
    FROM DUAL;
END; 
/

CREATE OR REPLACE TRIGGER REPORT.TRBU_TT_PAYMENT_SUBTYPE BEFORE UPDATE ON REPORT.TRANS_TYPE_PAYMENT_SUBTYPE
  FOR EACH ROW 
BEGIN
    SELECT
        :OLD.CREATED_BY,
        :OLD.CREATED_UTC_TS,
        SYS_EXTRACT_UTC(SYSTIMESTAMP),
        USER
    INTO
        :NEW.CREATED_BY,
        :NEW.CREATED_UTC_TS,
        :NEW.LAST_UPDATED_UTC_TS,
        :NEW.LAST_UPDATED_BY
    FROM DUAL;
END; 
/

INSERT INTO REPORT.TRANS_TYPE_PAYMENT_SUBTYPE (TRANS_TYPE_ID, PAYMENT_SUBTYPE_ID)
	SELECT 87, PAYMENT_SUBTYPE_ID  
	FROM PSS.PAYMENT_SUBTYPE 
	WHERE PAYMENT_SUBTYPE_NAME LIKE '%Discover%' AND STATUS_CD = 'A' 
			AND PAYMENT_SUBTYPE_CLASS = 'Tandem'
			AND CLIENT_PAYMENT_TYPE_CD IN ('R', 'O', 'U');
			
ALTER TABLE REPORT.USER_LOGIN MODIFY USER_NAME VARCHAR2(255 BYTE);

UPDATE PSS.PAYMENT_SUBTYPE
SET STATUS_CD = 'D'
WHERE PAYMENT_SUBTYPE_NAME = 'Payroll Deduct (Apple VAS)'
      OR PAYMENT_SUBTYPE_NAME = 'USAT ISO Card - Prepaid Card (Apple VAS)';
	  
COMMIT;

UPDATE DEVICE.CONFIG_TEMPLATE_SETTING SET DESCRIPTION = 'To disable replace with 8 ''''b''s''''' WHERE DEVICE_TYPE_ID = 0 AND DEVICE_SETTING_PARAMETER_CD = '82';
UPDATE DEVICE.CONFIG_TEMPLATE_SETTING SET DESCRIPTION = 'To disable replace with 8 ''''b''s''''' WHERE DEVICE_TYPE_ID = 0 AND DEVICE_SETTING_PARAMETER_CD = '86';
UPDATE DEVICE.CONFIG_TEMPLATE_SETTING SET DESCRIPTION = 'To disable replace with 8 ''''b''s''''' WHERE DEVICE_TYPE_ID = 0 AND DEVICE_SETTING_PARAMETER_CD = '90';
UPDATE DEVICE.CONFIG_TEMPLATE_SETTING SET DESCRIPTION = 'To disable replace with 8 ''''b''s''''' WHERE DEVICE_TYPE_ID = 0 AND DEVICE_SETTING_PARAMETER_CD = '94';
UPDATE DEVICE.CONFIG_TEMPLATE_SETTING SET DESCRIPTION = 'To disable replace with 8 ''''b''s''''' WHERE DEVICE_TYPE_ID = 0 AND DEVICE_SETTING_PARAMETER_CD = '98';
UPDATE DEVICE.CONFIG_TEMPLATE_SETTING SET DESCRIPTION = 'To disable replace with 8 ''''b''s''''' WHERE DEVICE_TYPE_ID = 0 AND DEVICE_SETTING_PARAMETER_CD = '102';
UPDATE DEVICE.CONFIG_TEMPLATE_SETTING SET DESCRIPTION = 'To disable replace with 8 ''''b''s''''' WHERE DEVICE_TYPE_ID = 0 AND DEVICE_SETTING_PARAMETER_CD = '106';
UPDATE DEVICE.CONFIG_TEMPLATE_SETTING SET DESCRIPTION = 'To disable replace with 8 ''''b''s''''' WHERE DEVICE_TYPE_ID = 0 AND DEVICE_SETTING_PARAMETER_CD = '110';
UPDATE DEVICE.CONFIG_TEMPLATE_SETTING SET DESCRIPTION = 'To disable replace with 8 ''''b''s''''' WHERE DEVICE_TYPE_ID = 0 AND DEVICE_SETTING_PARAMETER_CD = '118';
UPDATE DEVICE.CONFIG_TEMPLATE_SETTING SET DESCRIPTION = 'To disable replace with 8 ''''b''s''''' WHERE DEVICE_TYPE_ID = 0 AND DEVICE_SETTING_PARAMETER_CD = '122';
UPDATE DEVICE.CONFIG_TEMPLATE_SETTING SET DESCRIPTION = 'Rev 607 and higher: This field sets the maximum times the unit will reattempt reading DEX from the VMC before posting a read error. It also is the number of times the DEX file will attempt uploading directly to the server before switching to the standard batch retry logic. Note: this field works companion to DEX Read and Send Retry Minutes. Examples: 00 to 99. Blank = 00.' WHERE DEVICE_TYPE_ID = 0 AND DEVICE_SETTING_PARAMETER_CD = '143';
UPDATE DEVICE.CONFIG_TEMPLATE_SETTING SET DESCRIPTION = 'Rev 607 and higher: This is a Hexadecimal formatted number with the Left Nibble (digit) assigned to the number of ENQ polls per Plug-In attempt (1-F)x4 and the Right Nibble assigned to number of simulated Plug-Ins per DEX read (1-F). The value of 52 means 20 ENQ polls and 2 Plug-Ins. Notes: 1) the PASSWORD is used only on EVEN Plug-In attempts, so if value is 51, the DEX password will never be used. 2) If accidentally set 00, the G6 interprets as 4 ENQ polls and 1 Plug-In attempt. Note a blank = 00. Previous revisions: See Knowledge Base.' WHERE DEVICE_TYPE_ID = 0 AND DEVICE_SETTING_PARAMETER_CD = '186';
UPDATE DEVICE.CONFIG_TEMPLATE_SETTING SET DESCRIPTION = '5.00ET8 and higher: The DEX Fill Button Action defines what action the ePort will take when someone presses the FILL button. Values are: (D) defined as perform a DEX read (useful for learning the Password), (X) defined as perform a DEX read with Diagnostic Status Codes, (F) defined as create Legacy Fill record, and (U) means OFF. Rev 6.04ET3 and higher: (L) defined as create D.C. Fill record with DEX, display/clear Cashless totals, and (C) defined as create D.C. Fill record with DEX, display Cash totals. Rev 607 or higher: (V) defined as create a V2 Fill record with DEX, no counters shown or cleared.' WHERE DEVICE_TYPE_ID = 0 AND DEVICE_SETTING_PARAMETER_CD = '187';
UPDATE DEVICE.CONFIG_TEMPLATE_SETTING SET DESCRIPTION = 'Assigns a Personality Type to the client which changes device functionality for specific purposes. G4 supports USAtech, Debitek, KRH and Shredder Station. ePort supports USAtech, Canteen and French Language (rev. 503A and greater).' WHERE DEVICE_TYPE_ID = 0 AND DEVICE_SETTING_PARAMETER_CD = '191';
UPDATE DEVICE.CONFIG_TEMPLATE_SETTING SET DESCRIPTION = 'Rev 6.01 or later: This value is the number of unsuccessful call-in attempts that the device will perform until it will attempt to repair itself by resetting to default values (blow-out). Examples: If Retry Interval = 10 and Retry Attempts = 10 then  the unit will run approximately 9 hours, calling in unsuccessfully before repairing itself. If Retry Interval = 15 and Retry Attempts = 10 then the unit will run approximately 12 hours, calling in unsuccessfully before repairing itself. Note: the serial number will affect these values.' WHERE DEVICE_TYPE_ID = 0 AND DEVICE_SETTING_PARAMETER_CD = '194';
UPDATE DEVICE.CONFIG_TEMPLATE_SETTING SET DESCRIPTION = 'Number of 10ms clock ticks for which a pulse is active in ePort pulse interface mode. Note this field is a hexadecimal value. Examples: 0A=100ms, 0F=150ms, 14=200ms.' WHERE DEVICE_TYPE_ID = 0 AND DEVICE_SETTING_PARAMETER_CD = '242';
UPDATE DEVICE.CONFIG_TEMPLATE_SETTING SET DESCRIPTION = 'Number of 10ms click ticks required between pulses during transmission of a pulse train in ePort pulse interface mode. Note this field is a hexadecimal value. Examples: ''0A''=100ms, ''0F''=150ms, ''14''=200ms.' WHERE DEVICE_TYPE_ID = 0 AND DEVICE_SETTING_PARAMETER_CD = '243';
UPDATE DEVICE.CONFIG_TEMPLATE_SETTING SET DESCRIPTION = 'Rev 607 and higher: This field sets how many minutes the unit will wait before rereading DEX from the VMC assuming that the previous read failed. Setting to 00 has the same effect as setting Retry Count to 0. Examples: 01 to 99. Blank = 00.' WHERE DEVICE_TYPE_ID = 0 AND DEVICE_SETTING_PARAMETER_CD = '254';
UPDATE DEVICE.CONFIG_TEMPLATE_SETTING SET DESCRIPTION = 'When set to N, the ePort will post the Max Price of the vending machine for each vend session. When set to Y, the ePort will issue the special vend character (0xFFFE) which represents a coupon that covers the price of any product. Note: the Y option may help old vendors with bad displays. Note: Max Price is determined earlier when the ePort and the VMC perform the initialization sequence.' WHERE DEVICE_TYPE_ID = 0 AND DEVICE_SETTING_PARAMETER_CD = '388';
COMMIT;

UPDATE PSS.ACCT_ENTRY_METHOD SET ACCT_ENTRY_METHOD_DESC = 'GOOGLE PAY', ACCT_ENTRY_METHOD_NAME = 'Google Pay' WHERE ACCT_ENTRY_METHOD_CD = 'G';
UPDATE REPORT.TRANS_TYPE SET TRANS_TYPE_NAME = 'Credit (Google Pay)', TRANS_ITEM_TYPE = 'CREDIT (GOOGLE PAY)' WHERE TRANS_TYPE_ID = 74;
COMMIT;

GRANT SELECT ON PSS.CONSUMER_ACCT_TYPE TO USAT_PREPAID_APP_ROLE;

INSERT INTO PSS.TRANS_TYPE_ENTRY_OVERRIDE(TRANS_TYPE_ID, ACCT_ENTRY_METHOD_CD, OVERRIDE_TRANS_TYPE_ID) VALUES (62, 'V', 79);
COMMIT;
	
UPDATE PSS.PASS_TYPE SET PASS_TEMPLATE_CD = 66406 WHERE PASS_TYPE_CD = 'p';
UPDATE PSS.PASS_TYPE SET PASS_TEMPLATE_CD = 66407 WHERE PASS_TYPE_CD = 'd';
UPDATE PSS.PASS_TYPE SET PASS_TEMPLATE_CD = 66408 WHERE PASS_TYPE_CD = 'c';
UPDATE PSS.CONSUMER_ACCT_TYPE_PASS_TMPL SET PASS_TEMPLATE_CD = 66406 WHERE CONSUMER_ACCT_TYPE_ID = 3;
UPDATE PSS.CONSUMER_ACCT_TYPE_PASS_TMPL SET PASS_TEMPLATE_CD = 66407 WHERE CONSUMER_ACCT_TYPE_ID = 7;
UPDATE PSS.CONSUMER_ACCT_TYPE_PASS_TMPL SET PASS_TEMPLATE_CD = 66408 WHERE CONSUMER_ACCT_TYPE_ID = 5;
DECLARE
  ln_customer_id NUMBER;
BEGIN
  SELECT MAX(CUSTOMER_ID) INTO ln_customer_id
  FROM CORP.CUSTOMER
  WHERE CUSTOMER_NAME like 'Pepi%';
  IF ln_customer_id IS NOT NULL THEN
    INSERT INTO PSS.CUSTOMER_PASS_TYPE (CUSTOMER_ID, PASS_TYPE_CD, PASS_TEMPLATE_CD)
      VALUES (ln_customer_id, 'c', 66410);
    INSERT INTO PSS.CUSTOMER_PASS_TEMPLATE (CUSTOMER_ID, CONSUMER_ACCT_TYPE_ID, PASS_TEMPLATE_ID)
      VALUES (ln_customer_id, 5, 66410);
    INSERT INTO PSS.CUSTOMER_PASS_TYPE (CUSTOMER_ID, PASS_TYPE_CD, PASS_TEMPLATE_CD)
      VALUES (ln_customer_id, 'p', 66409);
    INSERT INTO PSS.CUSTOMER_PASS_TEMPLATE (CUSTOMER_ID, CONSUMER_ACCT_TYPE_ID, PASS_TEMPLATE_ID)
      VALUES (ln_customer_id, 3, 66409);  
  END IF;
END;
/
COMMIT;	

UPDATE WEB_CONTENT.WEB_LINK_REQUIREMENT
SET REQUIREMENT_ID = 14
WHERE WEB_LINK_ID = (SELECT WEB_LINK_ID FROM WEB_CONTENT.WEB_LINK WHERE WEB_LINK_LABEL = 'Data Exchange')
AND REQUIREMENT_ID = 20;
COMMIT;

UPDATE FRONT.POSTAL SET LATITUDE = 13.4443, LONGITUDE = 144.7863 WHERE POSTAL_CD = '96910';
UPDATE FRONT.POSTAL SET LATITUDE = 13.4443, LONGITUDE = 144.7863 WHERE POSTAL_CD = '96911';
UPDATE FRONT.POSTAL SET LATITUDE = 13.4443, LONGITUDE = 144.7863 WHERE POSTAL_CD = '96912';
UPDATE FRONT.POSTAL SET LATITUDE = 13.4443, LONGITUDE = 144.7863 WHERE POSTAL_CD = '96913';
UPDATE FRONT.POSTAL SET LATITUDE = 13.4443, LONGITUDE = 144.7863 WHERE POSTAL_CD = '96914';
UPDATE FRONT.POSTAL SET LATITUDE = 13.4443, LONGITUDE = 144.7863 WHERE POSTAL_CD = '96915';
UPDATE FRONT.POSTAL SET LATITUDE = 13.4443, LONGITUDE = 144.7863 WHERE POSTAL_CD = '96916';
UPDATE FRONT.POSTAL SET LATITUDE = 13.4443, LONGITUDE = 144.7863 WHERE POSTAL_CD = '96917';
UPDATE FRONT.POSTAL SET LATITUDE = 13.4443, LONGITUDE = 144.7863 WHERE POSTAL_CD = '96918';
UPDATE FRONT.POSTAL SET LATITUDE = 13.4443, LONGITUDE = 144.7863 WHERE POSTAL_CD = '96919';
UPDATE FRONT.POSTAL SET LATITUDE = 13.4529, LONGITUDE = 144.7863 WHERE POSTAL_CD = '96921';
UPDATE FRONT.POSTAL SET LATITUDE = 13.4443, LONGITUDE = 144.7863 WHERE POSTAL_CD = '96922';
UPDATE FRONT.POSTAL SET LATITUDE = 13.4443, LONGITUDE = 144.7863 WHERE POSTAL_CD = '96923';
UPDATE FRONT.POSTAL SET LATITUDE = 13.4443, LONGITUDE = 144.7863 WHERE POSTAL_CD = '96925';
UPDATE FRONT.POSTAL SET LATITUDE = 13.4443, LONGITUDE = 144.7863 WHERE POSTAL_CD = '96926';
UPDATE FRONT.POSTAL SET LATITUDE = 13.4443, LONGITUDE = 144.7863 WHERE POSTAL_CD = '96927';
UPDATE FRONT.POSTAL SET LATITUDE = 13.4443, LONGITUDE = 144.7863 WHERE POSTAL_CD = '96928';
UPDATE FRONT.POSTAL SET LATITUDE = 13.4443, LONGITUDE = 144.7863 WHERE POSTAL_CD = '96929';
UPDATE FRONT.POSTAL SET LATITUDE = 13.4443, LONGITUDE = 144.7863 WHERE POSTAL_CD = '96930';
UPDATE FRONT.POSTAL SET LATITUDE = 13.4443, LONGITUDE = 144.7863 WHERE POSTAL_CD = '96931';
UPDATE FRONT.POSTAL SET LATITUDE = 13.4597, LONGITUDE = 144.7863 WHERE POSTAL_CD = '96932';
COMMIT;

GRANT SELECT ON CORP.COUNTRY TO REPORT WITH GRANT OPTION;

GRANT SELECT ON PSS.CUSTOMER_PASS_TYPE TO USAT_PREPAID_APP_ROLE;
GRANT SELECT ON PSS.CUSTOMER_PASS_TEMPLATE TO USAT_PREPAID_APP_ROLE;

UPDATE FOLIO_CONF.FIELD 
SET DISPLAY_EXPRESSION = 'CASE WHEN REPORT.CAMPAIGN.CUSTOMER_ID IS NULL THEN NULL ELSE REPORT.CAMPAIGN.CAMPAIGN_NAME END',
    SORT_EXPRESSION = 'CASE WHEN REPORT.CAMPAIGN.CUSTOMER_ID IS NULL THEN NULL ELSE REPORT.CAMPAIGN.CAMPAIGN_NAME END'
WHERE FIELD_ID = 9448;

UPDATE FOLIO_CONF.FIELD 
SET DISPLAY_EXPRESSION = 'CASE WHEN REPORT.CAMPAIGN.CUSTOMER_ID IS NULL THEN 0 ELSE NVL(REPORT.TRANS_STAT_BY_DAY.PURCHASE_DISCOUNT,0) END',
    SORT_EXPRESSION = 'CASE WHEN REPORT.CAMPAIGN.CUSTOMER_ID IS NULL THEN 0 ELSE NVL(REPORT.TRANS_STAT_BY_DAY.PURCHASE_DISCOUNT,0) END'
WHERE FIELD_ID = 9609;

UPDATE FOLIO_CONF.FIELD 
SET DISPLAY_EXPRESSION = 'CASE WHEN REPORT.CAMPAIGN.CUSTOMER_ID IS NULL THEN 0 ELSE NVL(REPORT.TRANS_STAT_BY_DAY.LOYALTY_DISCOUNT,0) END',
    SORT_EXPRESSION = 'CASE WHEN REPORT.CAMPAIGN.CUSTOMER_ID IS NULL THEN 0 ELSE NVL(REPORT.TRANS_STAT_BY_DAY.LOYALTY_DISCOUNT,0) END'
WHERE FIELD_ID = 2912;

COMMIT;

GRANT SELECT, INSERT, UPDATE, DELETE ON PSS.CONSUMER_PASS TO USAT_PREPAID_APP_ROLE;
GRANT SELECT, INSERT, UPDATE, DELETE ON PSS.CONSUMER_PASS TO USALIVE_APP_ROLE;
