INSERT INTO FOLIO_CONF.FIELD(FIELD_ID, FIELD_LABEL, FIELD_DESC, DISPLAY_EXPRESSION, SORT_EXPRESSION,                                                                                                                                                                                                                                                                                                                                                                                                                                                                                                                                                                                                                                                                                                                                                                                                                                                                                                                                                                                                                                                                                                                                                                                                                                                                                                                                                                                                                                                                                                                                                                                                                                                                                                                                                                                                                                                                                                                                                                                                                                                                                                                                                                                                                                                                                                                                                                                                                                                                                                                                                                                                                                                                                                                                                                                                                                                                                                                                                                                                                                                                                                                                                                                                                                                                                                                                                                                                                                                                                                                                                                                                                                                                                                                                                                                                                                                                                                                                                                                                                                                             
DISPLAY_FORMAT, DISPLAY_SQL_TYPE, SORT_SQL_TYPE, IMPORTANCE, FIELD_CATEGORY_ID, ACTIVE_FLAG)
 VALUES(8970, 'Dex Exception Details','','G4OP.DEX_FILE_LINE.DETAILS','G4OP.DEX_FILE_LINE.DETAILS','','VARCHAR','VARCHAR',50,518,'Y');                                                                                                                                                                                                                                                                                                                                                                                                                                                                                                                                                                                                                                                                                                                                                                                                                                                                                                                                                                                                                                                                                                                                                                                                                                                                                                                                                                                                                                                                                                                                                                                                                                                                                                                                                                                                                                                                                                                                                                                                                                                                                                                                                                                                                                                                                                                                                                                                                                                                                                                                                                                                                                                                                                                                                                                                                                                                                                                                                                                                                                                                                                                                                                                                                                                                                                                                                                                                                                                                                                                                                                                                                                                                                                                                                                                                                                                                                                                               

INSERT INTO FOLIO_CONF.FIELD(FIELD_ID, FIELD_LABEL, FIELD_DESC, DISPLAY_EXPRESSION, SORT_EXPRESSION,                                                                                                                                                                                                                                                                                                                                                                                                                                                                                                                                                                                                                                                                                                                                                                                                                                                                                                                                                                                                                                                                                                                                                                                                                                                                                                                                                                                                                                                                                                                                                                                                                                                                                                                                                                                                                                                                                                                                                                                                                                                                                                                                                                                                                                                                                                                                                                                                                                                                                                                                                                                                                                                                                                                                                                                                                                                                                                                                                                                                                                                                                                                                                                                                                                                                                                                                                                                                                                                                                                                                                                                                                                                                                                                                                                                                                                                                                                                                                                                                                                                             
DISPLAY_FORMAT, DISPLAY_SQL_TYPE, SORT_SQL_TYPE, IMPORTANCE, FIELD_CATEGORY_ID, ACTIVE_FLAG)
 VALUES(8972, 'Dex Alert Id','','G4OP.DEX_CODE_ALERT.ALERT_ID','G4OP.DEX_CODE_ALERT.ALERT_ID','','NUMERIC','NUMERIC',50,518,'Y');  
 
INSERT INTO FOLIO_CONF.FIELD_PRIV (USER_GROUP_ID, FIELD_ID, FILTER_GROUP_ID) VALUES(1, 8970, NULL);
INSERT INTO FOLIO_CONF.FIELD_PRIV (USER_GROUP_ID, FIELD_ID, FILTER_GROUP_ID) VALUES(2, 8970, NULL);
INSERT INTO FOLIO_CONF.FIELD_PRIV (USER_GROUP_ID, FIELD_ID, FILTER_GROUP_ID) VALUES(3, 8970, NULL);
INSERT INTO FOLIO_CONF.FIELD_PRIV (USER_GROUP_ID, FIELD_ID, FILTER_GROUP_ID) VALUES(4, 8970, 1);
INSERT INTO FOLIO_CONF.FIELD_PRIV (USER_GROUP_ID, FIELD_ID, FILTER_GROUP_ID) VALUES(5, 8970, 1);
INSERT INTO FOLIO_CONF.FIELD_PRIV (USER_GROUP_ID, FIELD_ID, FILTER_GROUP_ID) VALUES(8, 8970, 1);

INSERT INTO FOLIO_CONF.FIELD_PRIV (USER_GROUP_ID, FIELD_ID, FILTER_GROUP_ID) VALUES(1, 8972, NULL);
INSERT INTO FOLIO_CONF.FIELD_PRIV (USER_GROUP_ID, FIELD_ID, FILTER_GROUP_ID) VALUES(2, 8972, NULL);
INSERT INTO FOLIO_CONF.FIELD_PRIV (USER_GROUP_ID, FIELD_ID, FILTER_GROUP_ID) VALUES(3, 8972, NULL);
INSERT INTO FOLIO_CONF.FIELD_PRIV (USER_GROUP_ID, FIELD_ID, FILTER_GROUP_ID) VALUES(4, 8972, 1);
INSERT INTO FOLIO_CONF.FIELD_PRIV (USER_GROUP_ID, FIELD_ID, FILTER_GROUP_ID) VALUES(5, 8972, 1);
INSERT INTO FOLIO_CONF.FIELD_PRIV (USER_GROUP_ID, FIELD_ID, FILTER_GROUP_ID) VALUES(8, 8972, 1);

insert into folio_conf.join_filter (join_filter_id, from_table,to_table, join_expression)
values(2202, 'G4OP.DEX_FILE', 'G4OP.DEX_FILE_LINE', 'G4OP.DEX_FILE.DEX_FILE_ID = G4OP.DEX_FILE_LINE.DEX_FILE_ID');

insert into folio_conf.join_filter (join_filter_id, from_table,to_table, join_expression)
values(2203, 'G4OP.DEX_FILE_LINE', 'G4OP.DEX_CODE_ALERT', 'G4OP.DEX_FILE_LINE.DEX_CODE = G4OP.DEX_CODE_ALERT.DEX_CODE');

-- Dex File Size needs no sort
update folio_conf.field set sort_expression=1 where field_id=2808;

commit;

grant select on g4op.dex_file_line to USALIVE_APP_ROLE;

grant select on g4op.dex_code_alert to USALIVE_APP_ROLE;
