-- this folio is dynamically generated in usalive BuildDexStatusFolioStep.java and pillar defined in BuildReportPillars.properties file
insert into folio_conf.field_category (field_category_id, field_category_label)
values(518, 'DEX');

INSERT INTO FOLIO_CONF.FIELD(FIELD_ID, FIELD_LABEL, FIELD_DESC, DISPLAY_EXPRESSION, SORT_EXPRESSION,                                                                                                                                                                                                                                                                                                                                                                                                                                                                                                                                                                                                                                                                                                                                                                                                                                                                                                                                                                                                                                                                                                                                                                                                                                                                                                                                                                                                                                                                                                                                                                                                                                                                                                                                                                                                                                                                                                                                                                                                                                                                                                                                                                                                                                                                                                                                                                                                                                                                                                                                                                                                                                                                                                                                                                                                                                                                                                                                                                                                                                                                                                                                                                                                                                                                                                                                                                                                                                                                                                                                                                                                                                                                                                                                                                                                                                                                                                                                                                                                                                                             
DISPLAY_FORMAT, DISPLAY_SQL_TYPE, SORT_SQL_TYPE, IMPORTANCE, FIELD_CATEGORY_ID, ACTIVE_FLAG)
 VALUES(2808, 'Dex File Size','','DBMS_LOB.GETLENGTH(G4OP.DEX_FILE.FILE_CONTENT)','DBMS_LOB.GETLENGTH(G4OP.DEX_FILE.FILE_CONTENT)','','NUMERIC','NUMERIC',50,518,'Y');                                                                                                                                                                                                                                                                                                                                                                                                                                                                                                                                                                                                                                                                                                                                                                                                                                                                                                                                                                                                                                                                                                                                                                                                                                                                                                                                                                                                                                                                                                                                                                                                                                                                                                                                                                                                                                                                                                                                                                                                                                                                                                                                                                                                                                                                                                                                                                                                                                                                                                                                                                                                                                                                                                                                                                                                                                                                                                                                                                                                                                                                                                                                                                                                                                                                                                                                                                                                                                                                                                                                                                                                                                                                                                                                                                                                                                                                                               

INSERT INTO FOLIO_CONF.FIELD(FIELD_ID, FIELD_LABEL, FIELD_DESC, DISPLAY_EXPRESSION, SORT_EXPRESSION,                                                                                                                                                                                                                                                                                                                                                                                                                                                                                                                                                                                                                                                                                                                                                                                                                                                                                                                                                                                                                                                                                                                                                                                                                                                                                                                                                                                                                                                                                                                                                                                                                                                                                                                                                                                                                                                                                                                                                                                                                                                                                                                                                                                                                                                                                                                                                                                                                                                                                                                                                                                                                                                                                                                                                                                                                                                                                                                                                                                                                                                                                                                                                                                                                                                                                                                                                                                                                                                                                                                                                                                                                                                                                                                                                                                                                                                                                                                                                                                                                                                             
DISPLAY_FORMAT, DISPLAY_SQL_TYPE, SORT_SQL_TYPE, IMPORTANCE, FIELD_CATEGORY_ID, ACTIVE_FLAG)
 VALUES(2810, 'Dex Date','','G4OP.DEX_FILE.DEX_DATE','G4OP.DEX_FILE.DEX_DATE','','TIMESTAMP','TIMESTAMP',50,518,'Y');                                                                                                                                                                                                                                                                                                                                                                                                                                                                                                                                                                                                                                                                                                                                                                                                                                                                                                                                                                                                                                                                                                                                                                                                                                                                                                                                                                                                                                                                                                                                                                                                                                                                                                                                                                                                                                                                                                                                                                                                                                                                                                                                                                                                                                                                                                                                                                                                                                                                                                                                                                                                                                                                                                                                                                                                                                                                                                                                                                                                                                                                                                                                                                                                                                                                                                                                                                                                                                                                                                                                                                                                                                                                                                                                                                                                                                                                                                                                                

INSERT INTO FOLIO_CONF.FIELD(FIELD_ID, FIELD_LABEL, FIELD_DESC, DISPLAY_EXPRESSION, SORT_EXPRESSION,                                                                                                                                                                                                                                                                                                                                                                                                                                                                                                                                                                                                                                                                                                                                                                                                                                                                                                                                                                                                                                                                                                                                                                                                                                                                                                                                                                                                                                                                                                                                                                                                                                                                                                                                                                                                                                                                                                                                                                                                                                                                                                                                                                                                                                                                                                                                                                                                                                                                                                                                                                                                                                                                                                                                                                                                                                                                                                                                                                                                                                                                                                                                                                                                                                                                                                                                                                                                                                                                                                                                                                                                                                                                                                                                                                                                                                                                                                                                                                                                                                                             
DISPLAY_FORMAT, DISPLAY_SQL_TYPE, SORT_SQL_TYPE, IMPORTANCE, FIELD_CATEGORY_ID, ACTIVE_FLAG)
 VALUES(2812, 'Dex Sent Date','','REPORT.REPORT_SENT[DEX].SENT_DATE','REPORT.REPORT_SENT[DEX].SENT_DATE','','TIMESTAMP','TIMESTAMP',50,518,'Y'); 
 
INSERT INTO FOLIO_CONF.FIELD(FIELD_ID, FIELD_LABEL, FIELD_DESC, DISPLAY_EXPRESSION, SORT_EXPRESSION,                                                                                                                                                                                                                                                                                                                                                                                                                                                                                                                                                                                                                                                                                                                                                                                                                                                                                                                                                                                                                                                                                                                                                                                                                                                                                                                                                                                                                                                                                                                                                                                                                                                                                                                                                                                                                                                                                                                                                                                                                                                                                                                                                                                                                                                                                                                                                                                                                                                                                                                                                                                                                                                                                                                                                                                                                                                                                                                                                                                                                                                                                                                                                                                                                                                                                                                                                                                                                                                                                                                                                                                                                                                                                                                                                                                                                                                                                                                                                                                                                                                             
DISPLAY_FORMAT, DISPLAY_SQL_TYPE, SORT_SQL_TYPE, IMPORTANCE, FIELD_CATEGORY_ID, ACTIVE_FLAG)
 VALUES(2816, 'Dex File Id','','G4OP.DEX_FILE.DEX_FILE_ID','G4OP.DEX_FILE.DEX_FILE_ID','','NUMERIC','NUMERIC',50,518,'Y'); 
 
INSERT INTO FOLIO_CONF.FIELD_PRIV (USER_GROUP_ID, FIELD_ID, FILTER_GROUP_ID) VALUES(1, 2808, NULL);
INSERT INTO FOLIO_CONF.FIELD_PRIV (USER_GROUP_ID, FIELD_ID, FILTER_GROUP_ID) VALUES(2, 2808, NULL);
INSERT INTO FOLIO_CONF.FIELD_PRIV (USER_GROUP_ID, FIELD_ID, FILTER_GROUP_ID) VALUES(3, 2808, NULL);
INSERT INTO FOLIO_CONF.FIELD_PRIV (USER_GROUP_ID, FIELD_ID, FILTER_GROUP_ID) VALUES(4, 2808, 1);
INSERT INTO FOLIO_CONF.FIELD_PRIV (USER_GROUP_ID, FIELD_ID, FILTER_GROUP_ID) VALUES(5, 2808, 1);
INSERT INTO FOLIO_CONF.FIELD_PRIV (USER_GROUP_ID, FIELD_ID, FILTER_GROUP_ID) VALUES(8, 2808, 1);

INSERT INTO FOLIO_CONF.FIELD_PRIV (USER_GROUP_ID, FIELD_ID, FILTER_GROUP_ID) VALUES(1, 2810, NULL);
INSERT INTO FOLIO_CONF.FIELD_PRIV (USER_GROUP_ID, FIELD_ID, FILTER_GROUP_ID) VALUES(2, 2810, NULL);
INSERT INTO FOLIO_CONF.FIELD_PRIV (USER_GROUP_ID, FIELD_ID, FILTER_GROUP_ID) VALUES(3, 2810, NULL);
INSERT INTO FOLIO_CONF.FIELD_PRIV (USER_GROUP_ID, FIELD_ID, FILTER_GROUP_ID) VALUES(4, 2810, 1);
INSERT INTO FOLIO_CONF.FIELD_PRIV (USER_GROUP_ID, FIELD_ID, FILTER_GROUP_ID) VALUES(5, 2810, 1);
INSERT INTO FOLIO_CONF.FIELD_PRIV (USER_GROUP_ID, FIELD_ID, FILTER_GROUP_ID) VALUES(8, 2810, 1);

INSERT INTO FOLIO_CONF.FIELD_PRIV (USER_GROUP_ID, FIELD_ID, FILTER_GROUP_ID) VALUES(1, 2812, NULL);
INSERT INTO FOLIO_CONF.FIELD_PRIV (USER_GROUP_ID, FIELD_ID, FILTER_GROUP_ID) VALUES(2, 2812, NULL);
INSERT INTO FOLIO_CONF.FIELD_PRIV (USER_GROUP_ID, FIELD_ID, FILTER_GROUP_ID) VALUES(3, 2812, NULL);
INSERT INTO FOLIO_CONF.FIELD_PRIV (USER_GROUP_ID, FIELD_ID, FILTER_GROUP_ID) VALUES(4, 2812, 1);
INSERT INTO FOLIO_CONF.FIELD_PRIV (USER_GROUP_ID, FIELD_ID, FILTER_GROUP_ID) VALUES(5, 2812, 1);
INSERT INTO FOLIO_CONF.FIELD_PRIV (USER_GROUP_ID, FIELD_ID, FILTER_GROUP_ID) VALUES(8, 2812, 1);

INSERT INTO FOLIO_CONF.FIELD_PRIV (USER_GROUP_ID, FIELD_ID, FILTER_GROUP_ID) VALUES(1, 2816, NULL);
INSERT INTO FOLIO_CONF.FIELD_PRIV (USER_GROUP_ID, FIELD_ID, FILTER_GROUP_ID) VALUES(2, 2816, NULL);
INSERT INTO FOLIO_CONF.FIELD_PRIV (USER_GROUP_ID, FIELD_ID, FILTER_GROUP_ID) VALUES(3, 2816, NULL);
INSERT INTO FOLIO_CONF.FIELD_PRIV (USER_GROUP_ID, FIELD_ID, FILTER_GROUP_ID) VALUES(4, 2816, 1);
INSERT INTO FOLIO_CONF.FIELD_PRIV (USER_GROUP_ID, FIELD_ID, FILTER_GROUP_ID) VALUES(5, 2816, 1);
INSERT INTO FOLIO_CONF.FIELD_PRIV (USER_GROUP_ID, FIELD_ID, FILTER_GROUP_ID) VALUES(8, 2816, 1);

insert into folio_conf.join_filter (join_filter_id, from_table,to_table, join_expression)
values(2200, 'G4OP.DEX_FILE', 'REPORT.TERMINAL_EPORT', 'G4OP.DEX_FILE.EPORT_ID = REPORT.TERMINAL_EPORT.EPORT_ID AND G4OP.DEX_FILE.DEX_DATE >= NVL(REPORT.TERMINAL_EPORT.START_DATE, MIN_DATE) AND G4OP.DEX_FILE.DEX_DATE < NVL(REPORT.TERMINAL_EPORT.END_DATE, MAX_DATE)');

insert into folio_conf.join_filter (join_filter_id, from_table,to_table, join_expression)
values(2201, 'G4OP.DEX_FILE', 'REPORT.REPORT_SENT[DEX]', 'G4OP.DEX_FILE.DEX_FILE_ID = REPORT.REPORT_SENT[DEX].BATCH_ID(+) AND REPORT.REPORT_SENT[DEX].USER_REPORT_ID = REPORT.USER_REPORT[DEX].USER_REPORT_ID(+) AND REPORT.USER_REPORT[DEX].REPORT_ID = REPORT.REPORTS[DEX].REPORT_ID(+) AND REPORT.REPORTS[DEX].BATCH_TYPE_ID(+) = 2');

commit;