INSERT INTO FOLIO_CONF.FIELD(FIELD_ID, FIELD_LABEL, FIELD_DESC, DISPLAY_EXPRESSION, SORT_EXPRESSION,                                                                                                                                                                                                                                                                                                                                                                                                                                                                                                                                                                                                                                                                                                                                                                                                                                                                                                                                                                                                                                                                                                                                                                                                                                                                                                                                                                                                                                                                                                                                                                                                                                                                                                                                                                                                                                                                                                                                                                                                                                                                                                                                                                                                                                                                                                                                                                                                                                                                                                                                                                                                                                                                                                                                                                                                                                                                                                                                                                                                                                                                                                                                                                                                                                                                                                                                                                                                                                                                                                                                                                                                                                                                                                                                                                                                                                                                                                                                                                                                                                                             
DISPLAY_FORMAT, DISPLAY_SQL_TYPE, SORT_SQL_TYPE, IMPORTANCE, FIELD_CATEGORY_ID, ACTIVE_FLAG)
 VALUES(9444, 'Campaign Id','','REPORT.TRANS_STAT_BY_DAY.CAMPAIGN_ID','REPORT.TRANS_STAT_BY_DAY.CAMPAIGN_ID','','NUMERIC','NUMERIC',50,497,'Y');
 
INSERT INTO FOLIO_CONF.FIELD_PRIV (USER_GROUP_ID, FIELD_ID, FILTER_GROUP_ID) VALUES(1, 9444, NULL);
INSERT INTO FOLIO_CONF.FIELD_PRIV (USER_GROUP_ID, FIELD_ID, FILTER_GROUP_ID) VALUES(2, 9444, NULL);
INSERT INTO FOLIO_CONF.FIELD_PRIV (USER_GROUP_ID, FIELD_ID, FILTER_GROUP_ID) VALUES(3, 9444, NULL);
INSERT INTO FOLIO_CONF.FIELD_PRIV (USER_GROUP_ID, FIELD_ID, FILTER_GROUP_ID) VALUES(4, 9444, 1);
INSERT INTO FOLIO_CONF.FIELD_PRIV (USER_GROUP_ID, FIELD_ID, FILTER_GROUP_ID) VALUES(5, 9444, 1);
INSERT INTO FOLIO_CONF.FIELD_PRIV (USER_GROUP_ID, FIELD_ID, FILTER_GROUP_ID) VALUES(8, 9444, 1);


INSERT INTO FOLIO_CONF.FIELD(FIELD_ID, FIELD_LABEL, FIELD_DESC, DISPLAY_EXPRESSION, SORT_EXPRESSION,                                                                                                                                                                                                                                                                                                                                                                                                                                                                                                                                                                                                                                                                                                                                                                                                                                                                                                                                                                                                                                                                                                                                                                                                                                                                                                                                                                                                                                                                                                                                                                                                                                                                                                                                                                                                                                                                                                                                                                                                                                                                                                                                                                                                                                                                                                                                                                                                                                                                                                                                                                                                                                                                                                                                                                                                                                                                                                                                                                                                                                                                                                                                                                                                                                                                                                                                                                                                                                                                                                                                                                                                                                                                                                                                                                                                                                                                                                                                                                                                                                                             
DISPLAY_FORMAT, DISPLAY_SQL_TYPE, SORT_SQL_TYPE, IMPORTANCE, FIELD_CATEGORY_ID, ACTIVE_FLAG)
 VALUES(9446, 'Campaign Id','','REPORT.ACTIVITY_REF.CAMPAIGN_ID','REPORT.ACTIVITY_REF.CAMPAIGN_ID','','NUMERIC','NUMERIC',50,497,'Y'); 

INSERT INTO FOLIO_CONF.FIELD_PRIV (USER_GROUP_ID, FIELD_ID, FILTER_GROUP_ID) VALUES(1, 9446, NULL);
INSERT INTO FOLIO_CONF.FIELD_PRIV (USER_GROUP_ID, FIELD_ID, FILTER_GROUP_ID) VALUES(2, 9446, NULL);
INSERT INTO FOLIO_CONF.FIELD_PRIV (USER_GROUP_ID, FIELD_ID, FILTER_GROUP_ID) VALUES(3, 9446, NULL);
INSERT INTO FOLIO_CONF.FIELD_PRIV (USER_GROUP_ID, FIELD_ID, FILTER_GROUP_ID) VALUES(4, 9446, 1);
INSERT INTO FOLIO_CONF.FIELD_PRIV (USER_GROUP_ID, FIELD_ID, FILTER_GROUP_ID) VALUES(5, 9446, 1);
INSERT INTO FOLIO_CONF.FIELD_PRIV (USER_GROUP_ID, FIELD_ID, FILTER_GROUP_ID) VALUES(8, 9446, 1);

INSERT INTO FOLIO_CONF.FIELD(FIELD_ID, FIELD_LABEL, FIELD_DESC, DISPLAY_EXPRESSION, SORT_EXPRESSION,                                                                                                                                                                                                                                                                                                                                                                                                                                                                                                                                                                                                                                                                                                                                                                                                                                                                                                                                                                                                                                                                                                                                                                                                                                                                                                                                                                                                                                                                                                                                                                                                                                                                                                                                                                                                                                                                                                                                                                                                                                                                                                                                                                                                                                                                                                                                                                                                                                                                                                                                                                                                                                                                                                                                                                                                                                                                                                                                                                                                                                                                                                                                                                                                                                                                                                                                                                                                                                                                                                                                                                                                                                                                                                                                                                                                                                                                                                                                                                                                                                                             
DISPLAY_FORMAT, DISPLAY_SQL_TYPE, SORT_SQL_TYPE, IMPORTANCE, FIELD_CATEGORY_ID, ACTIVE_FLAG)
 VALUES(9448, 'Campaign Name','','REPORT.CAMPAIGN.CAMPAIGN_NAME','REPORT.CAMPAIGN.CAMPAIGN_NAME','','VARCHAR','VARCHAR',50,497,'Y'); 
 
INSERT INTO FOLIO_CONF.FIELD_PRIV (USER_GROUP_ID, FIELD_ID, FILTER_GROUP_ID) VALUES(1, 9448, NULL);
INSERT INTO FOLIO_CONF.FIELD_PRIV (USER_GROUP_ID, FIELD_ID, FILTER_GROUP_ID) VALUES(2, 9448, NULL);
INSERT INTO FOLIO_CONF.FIELD_PRIV (USER_GROUP_ID, FIELD_ID, FILTER_GROUP_ID) VALUES(3, 9448, NULL);
INSERT INTO FOLIO_CONF.FIELD_PRIV (USER_GROUP_ID, FIELD_ID, FILTER_GROUP_ID) VALUES(4, 9448, 1);
INSERT INTO FOLIO_CONF.FIELD_PRIV (USER_GROUP_ID, FIELD_ID, FILTER_GROUP_ID) VALUES(5, 9448, 1);
INSERT INTO FOLIO_CONF.FIELD_PRIV (USER_GROUP_ID, FIELD_ID, FILTER_GROUP_ID) VALUES(8, 9448, 1);

commit;

insert into folio_conf.join_filter (join_filter_id, from_table,to_table, join_expression, join_type, active_flag, join_cardinality)
values(2264, 'REPORT.TRANS_STAT_BY_DAY', 'REPORT.CAMPAIGN', 'REPORT.TRANS_STAT_BY_DAY.CAMPAIGN_ID = REPORT.CAMPAIGN.CAMPAIGN_ID', 'LEFT', 'Y', '=');

insert into folio_conf.join_filter (join_filter_id, from_table,to_table, join_expression , join_type, active_flag, join_cardinality)
values(2266, 'REPORT.ACTIVITY_REF', 'REPORT.CAMPAIGN', 'REPORT.ACTIVITY_REF.CAMPAIGN_ID = REPORT.CAMPAIGN.CAMPAIGN_ID' , 'LEFT', 'Y', '=');

commit;

 
 

