-- insert new fields 2283,2285,2291,2293
INSERT INTO FOLIO_CONF.FIELD(FIELD_ID, FIELD_LABEL, FIELD_DESC, DISPLAY_EXPRESSION, SORT_EXPRESSION, 
DISPLAY_FORMAT, DISPLAY_SQL_TYPE, SORT_SQL_TYPE, IMPORTANCE, FIELD_CATEGORY_ID, ACTIVE_FLAG) VALUES(2283, 'Location Name for Payment','','REPORT.LOCATION[Payment].LOCATION_NAME','UPPER(REPORT.LOCATION[Payment].LOCATION_NAME)','','VARCHAR(50)','VARCHAR(50)',50,7,'Y');
INSERT INTO FOLIO_CONF.FIELD(FIELD_ID, FIELD_LABEL, FIELD_DESC, DISPLAY_EXPRESSION, SORT_EXPRESSION, 
DISPLAY_FORMAT, DISPLAY_SQL_TYPE, SORT_SQL_TYPE, IMPORTANCE, FIELD_CATEGORY_ID, ACTIVE_FLAG) VALUES(2285, 'Region Name for Payment','','REPORT.REGION[Payment].REGION_NAME','UPPER(REPORT.REGION[Payment].REGION_NAME)','','VARCHAR(50)','VARCHAR(50)',50,7,'Y');
INSERT INTO FOLIO_CONF.FIELD(FIELD_ID, FIELD_LABEL, FIELD_DESC, DISPLAY_EXPRESSION, SORT_EXPRESSION, 
DISPLAY_FORMAT, DISPLAY_SQL_TYPE, SORT_SQL_TYPE, IMPORTANCE, FIELD_CATEGORY_ID, ACTIVE_FLAG) VALUES(2291, 'Masked Bank Account','','REPORT.MASK_STR(CORP.CUSTOMER_BANK.BANK_ACCT_NBR, 2, 2)','REPORT.MASK_STR(CORP.CUSTOMER_BANK.BANK_ACCT_NBR, 2, 2)','','VARCHAR(4000)','VARCHAR(4000)',50,16,'Y');
INSERT INTO FOLIO_CONF.FIELD(FIELD_ID, FIELD_LABEL, FIELD_DESC, DISPLAY_EXPRESSION, SORT_EXPRESSION, 
DISPLAY_FORMAT, DISPLAY_SQL_TYPE, SORT_SQL_TYPE, IMPORTANCE, FIELD_CATEGORY_ID, ACTIVE_FLAG) VALUES(2293, 'Masked Bank Routing Nbr','','REPORT.MASK_STR(CORP.CUSTOMER_BANK.BANK_ROUTING_NBR, 2, 2)','REPORT.MASK_STR(CORP.CUSTOMER_BANK.BANK_ROUTING_NBR, 2, 2)','','VARCHAR(4000)','VARCHAR(4000)',50,16,'Y');

-- insert field priv 2283,2285,2291,2293
INSERT INTO FOLIO_CONF.FIELD_PRIV (FIELD_PRIV_ID , USER_GROUP_ID, FIELD_ID, FILTER_GROUP_ID)
 VALUES(FOLIO_CONF.SEQ_FIELD_PRIV_ID.NEXTVAL, 1,2283,NULL);
INSERT INTO FOLIO_CONF.FIELD_PRIV (FIELD_PRIV_ID , USER_GROUP_ID, FIELD_ID, FILTER_GROUP_ID)
 VALUES(FOLIO_CONF.SEQ_FIELD_PRIV_ID.NEXTVAL, 1,2285,NULL);
INSERT INTO FOLIO_CONF.FIELD_PRIV (FIELD_PRIV_ID , USER_GROUP_ID, FIELD_ID, FILTER_GROUP_ID)
 VALUES(FOLIO_CONF.SEQ_FIELD_PRIV_ID.NEXTVAL, 1,2291,NULL);
INSERT INTO FOLIO_CONF.FIELD_PRIV (FIELD_PRIV_ID , USER_GROUP_ID, FIELD_ID, FILTER_GROUP_ID)
 VALUES(FOLIO_CONF.SEQ_FIELD_PRIV_ID.NEXTVAL, 1,2293,NULL);
INSERT INTO FOLIO_CONF.FIELD_PRIV (FIELD_PRIV_ID , USER_GROUP_ID, FIELD_ID, FILTER_GROUP_ID)
 VALUES(FOLIO_CONF.SEQ_FIELD_PRIV_ID.NEXTVAL, 2,2283,NULL);
INSERT INTO FOLIO_CONF.FIELD_PRIV (FIELD_PRIV_ID , USER_GROUP_ID, FIELD_ID, FILTER_GROUP_ID)
 VALUES(FOLIO_CONF.SEQ_FIELD_PRIV_ID.NEXTVAL, 3,2283,NULL);
INSERT INTO FOLIO_CONF.FIELD_PRIV (FIELD_PRIV_ID , USER_GROUP_ID, FIELD_ID, FILTER_GROUP_ID)
 VALUES(FOLIO_CONF.SEQ_FIELD_PRIV_ID.NEXTVAL, 4,2283,1);
INSERT INTO FOLIO_CONF.FIELD_PRIV (FIELD_PRIV_ID , USER_GROUP_ID, FIELD_ID, FILTER_GROUP_ID)
 VALUES(FOLIO_CONF.SEQ_FIELD_PRIV_ID.NEXTVAL, 5,2283,1);
INSERT INTO FOLIO_CONF.FIELD_PRIV (FIELD_PRIV_ID , USER_GROUP_ID, FIELD_ID, FILTER_GROUP_ID)
 VALUES(FOLIO_CONF.SEQ_FIELD_PRIV_ID.NEXTVAL, 8,2283,1);
INSERT INTO FOLIO_CONF.FIELD_PRIV (FIELD_PRIV_ID , USER_GROUP_ID, FIELD_ID, FILTER_GROUP_ID)
 VALUES(FOLIO_CONF.SEQ_FIELD_PRIV_ID.NEXTVAL, 2,2285,NULL);
INSERT INTO FOLIO_CONF.FIELD_PRIV (FIELD_PRIV_ID , USER_GROUP_ID, FIELD_ID, FILTER_GROUP_ID)
 VALUES(FOLIO_CONF.SEQ_FIELD_PRIV_ID.NEXTVAL, 3,2285,NULL);
INSERT INTO FOLIO_CONF.FIELD_PRIV (FIELD_PRIV_ID , USER_GROUP_ID, FIELD_ID, FILTER_GROUP_ID)
 VALUES(FOLIO_CONF.SEQ_FIELD_PRIV_ID.NEXTVAL, 4,2285,1);
INSERT INTO FOLIO_CONF.FIELD_PRIV (FIELD_PRIV_ID , USER_GROUP_ID, FIELD_ID, FILTER_GROUP_ID)
 VALUES(FOLIO_CONF.SEQ_FIELD_PRIV_ID.NEXTVAL, 5,2285,1);
INSERT INTO FOLIO_CONF.FIELD_PRIV (FIELD_PRIV_ID , USER_GROUP_ID, FIELD_ID, FILTER_GROUP_ID)
 VALUES(FOLIO_CONF.SEQ_FIELD_PRIV_ID.NEXTVAL, 8,2285,1);
INSERT INTO FOLIO_CONF.FIELD_PRIV (FIELD_PRIV_ID , USER_GROUP_ID, FIELD_ID, FILTER_GROUP_ID)
 VALUES(FOLIO_CONF.SEQ_FIELD_PRIV_ID.NEXTVAL, 2,2291,NULL);
INSERT INTO FOLIO_CONF.FIELD_PRIV (FIELD_PRIV_ID , USER_GROUP_ID, FIELD_ID, FILTER_GROUP_ID)
 VALUES(FOLIO_CONF.SEQ_FIELD_PRIV_ID.NEXTVAL, 3,2291,NULL);
INSERT INTO FOLIO_CONF.FIELD_PRIV (FIELD_PRIV_ID , USER_GROUP_ID, FIELD_ID, FILTER_GROUP_ID)
 VALUES(FOLIO_CONF.SEQ_FIELD_PRIV_ID.NEXTVAL, 4,2291,1);
INSERT INTO FOLIO_CONF.FIELD_PRIV (FIELD_PRIV_ID , USER_GROUP_ID, FIELD_ID, FILTER_GROUP_ID)
 VALUES(FOLIO_CONF.SEQ_FIELD_PRIV_ID.NEXTVAL, 5,2291,1);
INSERT INTO FOLIO_CONF.FIELD_PRIV (FIELD_PRIV_ID , USER_GROUP_ID, FIELD_ID, FILTER_GROUP_ID)
 VALUES(FOLIO_CONF.SEQ_FIELD_PRIV_ID.NEXTVAL, 8,2291,1);
INSERT INTO FOLIO_CONF.FIELD_PRIV (FIELD_PRIV_ID , USER_GROUP_ID, FIELD_ID, FILTER_GROUP_ID)
 VALUES(FOLIO_CONF.SEQ_FIELD_PRIV_ID.NEXTVAL, 2,2293,NULL);
INSERT INTO FOLIO_CONF.FIELD_PRIV (FIELD_PRIV_ID , USER_GROUP_ID, FIELD_ID, FILTER_GROUP_ID)
 VALUES(FOLIO_CONF.SEQ_FIELD_PRIV_ID.NEXTVAL, 3,2293,NULL);
INSERT INTO FOLIO_CONF.FIELD_PRIV (FIELD_PRIV_ID , USER_GROUP_ID, FIELD_ID, FILTER_GROUP_ID)
 VALUES(FOLIO_CONF.SEQ_FIELD_PRIV_ID.NEXTVAL, 4,2293,1);
INSERT INTO FOLIO_CONF.FIELD_PRIV (FIELD_PRIV_ID , USER_GROUP_ID, FIELD_ID, FILTER_GROUP_ID)
 VALUES(FOLIO_CONF.SEQ_FIELD_PRIV_ID.NEXTVAL, 5,2293,1);
INSERT INTO FOLIO_CONF.FIELD_PRIV (FIELD_PRIV_ID , USER_GROUP_ID, FIELD_ID, FILTER_GROUP_ID)
 VALUES(FOLIO_CONF.SEQ_FIELD_PRIV_ID.NEXTVAL, 8,2293,1);

--add join filter
--add join filter
insert into folio_conf.join_filter (join_filter_id, from_table,to_table, join_expression)
values(2090, 'REPORT.TERMINAL', 'REPORT.LOCATION[Payment]', 'REPORT.TERMINAL.LOCATION_ID=REPORT.LOCATION[Payment].LOCATION_ID');

insert into folio_conf.join_filter (join_filter_id, from_table,to_table, join_expression)
values(2100, 'REPORT.TERMINAL', 'REPORT.REGION[Payment]', 'REPORT.TERMINAL.TERMINAL_ID=REPORT.TERMINAL_REGION.TERMINAL_ID(+)');

insert into folio_conf.join_filter (join_filter_id, from_table,to_table, join_expression)
values(2110, 'REPORT.TERMINAL_REGION', 'REPORT.REGION[Payment]', 'REPORT.TERMINAL_REGION.REGION_ID=REPORT.REGION[Payment].REGION_ID(+)');

commit;
