
INSERT INTO FOLIO_CONF.FIELD (FIELD_ID, FIELD_LABEL, DISPLAY_EXPRESSION, SORT_EXPRESSION, DISPLAY_SQL_TYPE, SORT_SQL_TYPE, IMPORTANCE, FIELD_CATEGORY_ID, ACTIVE_FLAG) 
VALUES (9843, 'Entry Type', 'CORP.BATCH_TOTAL.ENTRY_TYPE', 'CORP.BATCH_TOTAL.ENTRY_TYPE', 'VARCHAR', 'VARCHAR', 50, 1043, 'Y');

INSERT INTO FOLIO_CONF.FIELD_PRIV (USER_GROUP_ID, FIELD_ID, FILTER_GROUP_ID) VALUES (8, 9843, 1);
INSERT INTO FOLIO_CONF.FIELD_PRIV (USER_GROUP_ID, FIELD_ID, FILTER_GROUP_ID) VALUES (5, 9843, 1);
INSERT INTO FOLIO_CONF.FIELD_PRIV (USER_GROUP_ID, FIELD_ID, FILTER_GROUP_ID) VALUES (4, 9843, 1);
INSERT INTO FOLIO_CONF.FIELD_PRIV (USER_GROUP_ID, FIELD_ID) VALUES (3, 9843);
INSERT INTO FOLIO_CONF.FIELD_PRIV (USER_GROUP_ID, FIELD_ID) VALUES (2, 9843);
INSERT INTO FOLIO_CONF.FIELD_PRIV (USER_GROUP_ID, FIELD_ID) VALUES (1, 9843); 

INSERT INTO FOLIO_CONF.FIELD (FIELD_ID, FIELD_LABEL, DISPLAY_EXPRESSION, SORT_EXPRESSION, DISPLAY_SQL_TYPE, SORT_SQL_TYPE, IMPORTANCE, FIELD_CATEGORY_ID, ACTIVE_FLAG) 
VALUES (9844, 'Trans Type Name', 'REPORT.ACTIVITY_REF[BATCH].TRANS_TYPE_NAME', 'REPORT.ACTIVITY_REF[BATCH].TRANS_TYPE_NAME', 'VARCHAR', 'VARCHAR', 50, 1043, 'Y');

INSERT INTO FOLIO_CONF.FIELD_PRIV (USER_GROUP_ID, FIELD_ID, FILTER_GROUP_ID) VALUES (8, 9844, 1);
INSERT INTO FOLIO_CONF.FIELD_PRIV (USER_GROUP_ID, FIELD_ID, FILTER_GROUP_ID) VALUES (5, 9844, 1);
INSERT INTO FOLIO_CONF.FIELD_PRIV (USER_GROUP_ID, FIELD_ID, FILTER_GROUP_ID) VALUES (4, 9844, 1);
INSERT INTO FOLIO_CONF.FIELD_PRIV (USER_GROUP_ID, FIELD_ID) VALUES (3, 9844);
INSERT INTO FOLIO_CONF.FIELD_PRIV (USER_GROUP_ID, FIELD_ID) VALUES (2, 9844);
INSERT INTO FOLIO_CONF.FIELD_PRIV (USER_GROUP_ID, FIELD_ID) VALUES (1, 9844); 

INSERT INTO FOLIO_CONF.FIELD (FIELD_ID, FIELD_LABEL, DISPLAY_EXPRESSION, SORT_EXPRESSION, DISPLAY_SQL_TYPE, SORT_SQL_TYPE, IMPORTANCE, FIELD_CATEGORY_ID, ACTIVE_FLAG) 
VALUES (9845, 'Settle State', 'REPORT.ACTIVITY_REF[BATCH].SETTLE_STATE', 'UPPER(REPORT.ACTIVITY_REF[BATCH].SETTLE_STATE)', 'VARCHAR', 'VARCHAR', 50, 1043, 'Y');

INSERT INTO FOLIO_CONF.FIELD_PRIV (USER_GROUP_ID, FIELD_ID, FILTER_GROUP_ID) VALUES (8, 9845, 1);
INSERT INTO FOLIO_CONF.FIELD_PRIV (USER_GROUP_ID, FIELD_ID, FILTER_GROUP_ID) VALUES (5, 9845, 1);
INSERT INTO FOLIO_CONF.FIELD_PRIV (USER_GROUP_ID, FIELD_ID, FILTER_GROUP_ID) VALUES (4, 9845, 1);
INSERT INTO FOLIO_CONF.FIELD_PRIV (USER_GROUP_ID, FIELD_ID) VALUES (3, 9845);
INSERT INTO FOLIO_CONF.FIELD_PRIV (USER_GROUP_ID, FIELD_ID) VALUES (2, 9845);
INSERT INTO FOLIO_CONF.FIELD_PRIV (USER_GROUP_ID, FIELD_ID) VALUES (1, 9845);

INSERT INTO FOLIO_CONF.FIELD (FIELD_ID, FIELD_LABEL, DISPLAY_EXPRESSION, SORT_EXPRESSION, DISPLAY_FORMAT, DISPLAY_SQL_TYPE, SORT_SQL_TYPE, IMPORTANCE, FIELD_CATEGORY_ID, ACTIVE_FLAG) 
VALUES (9846, 'Ref Nbr', 'REPORT.ACTIVITY_REF[BATCH].REF_NBR', 'REPORT.ACTIVITY_REF[BATCH].REF_NBR',  'NUMBER', 'NUMERIC', 'NUMERIC', 50, 1043, 'Y');

INSERT INTO FOLIO_CONF.FIELD_PRIV (USER_GROUP_ID, FIELD_ID, FILTER_GROUP_ID) VALUES (8, 9846, 1);
INSERT INTO FOLIO_CONF.FIELD_PRIV (USER_GROUP_ID, FIELD_ID, FILTER_GROUP_ID) VALUES (5, 9846, 1);
INSERT INTO FOLIO_CONF.FIELD_PRIV (USER_GROUP_ID, FIELD_ID, FILTER_GROUP_ID) VALUES (4, 9846, 1);
INSERT INTO FOLIO_CONF.FIELD_PRIV (USER_GROUP_ID, FIELD_ID) VALUES (3, 9846);
INSERT INTO FOLIO_CONF.FIELD_PRIV (USER_GROUP_ID, FIELD_ID) VALUES (2, 9846);
INSERT INTO FOLIO_CONF.FIELD_PRIV (USER_GROUP_ID, FIELD_ID) VALUES (1, 9846);

INSERT INTO FOLIO_CONF.FIELD (FIELD_ID, FIELD_LABEL, DISPLAY_EXPRESSION, SORT_EXPRESSION, DISPLAY_FORMAT, DISPLAY_SQL_TYPE, SORT_SQL_TYPE, IMPORTANCE, FIELD_CATEGORY_ID, ACTIVE_FLAG) 
VALUES (9847, 'Tran Timestamp', 'REPORT.ACTIVITY_REF[BATCH].TRAN_DATE', 'REPORT.ACTIVITY_REF[BATCH].TRAN_DATE', 'DATE:MM/dd/yyyy hh:mm:ss a', 'TIMESTAMP(0)', 'TIMESTAMP(0)', 50, 1043, 'Y');

INSERT INTO FOLIO_CONF.FIELD_PRIV (USER_GROUP_ID, FIELD_ID, FILTER_GROUP_ID) VALUES (8, 9847, 1);
INSERT INTO FOLIO_CONF.FIELD_PRIV (USER_GROUP_ID, FIELD_ID, FILTER_GROUP_ID) VALUES (5, 9847, 1);
INSERT INTO FOLIO_CONF.FIELD_PRIV (USER_GROUP_ID, FIELD_ID, FILTER_GROUP_ID) VALUES (4, 9847, 1);
INSERT INTO FOLIO_CONF.FIELD_PRIV (USER_GROUP_ID, FIELD_ID) VALUES (3, 9847);
INSERT INTO FOLIO_CONF.FIELD_PRIV (USER_GROUP_ID, FIELD_ID) VALUES (2, 9847);
INSERT INTO FOLIO_CONF.FIELD_PRIV (USER_GROUP_ID, FIELD_ID) VALUES (1, 9847);

INSERT INTO FOLIO_CONF.FIELD (FIELD_ID, FIELD_LABEL, DISPLAY_EXPRESSION, SORT_EXPRESSION, DISPLAY_SQL_TYPE, SORT_SQL_TYPE, IMPORTANCE, FIELD_CATEGORY_ID, ACTIVE_FLAG) 
VALUES (9848, 'Card Assoc', 'REPORT.ACTIVITY_REF[BATCH].CARD_COMPANY', 'UPPER(REPORT.ACTIVITY_REF[BATCH].CARD_COMPANY)', 'VARCHAR', 'VARCHAR', 50, 1043, 'Y');

INSERT INTO FOLIO_CONF.FIELD_PRIV (USER_GROUP_ID, FIELD_ID, FILTER_GROUP_ID) VALUES (8, 9848, 1);
INSERT INTO FOLIO_CONF.FIELD_PRIV (USER_GROUP_ID, FIELD_ID, FILTER_GROUP_ID) VALUES (5, 9848, 1);
INSERT INTO FOLIO_CONF.FIELD_PRIV (USER_GROUP_ID, FIELD_ID, FILTER_GROUP_ID) VALUES (4, 9848, 1);
INSERT INTO FOLIO_CONF.FIELD_PRIV (USER_GROUP_ID, FIELD_ID) VALUES (3, 9848);
INSERT INTO FOLIO_CONF.FIELD_PRIV (USER_GROUP_ID, FIELD_ID) VALUES (2, 9848);
INSERT INTO FOLIO_CONF.FIELD_PRIV (USER_GROUP_ID, FIELD_ID) VALUES (1, 9848);

INSERT INTO FOLIO_CONF.FIELD (FIELD_ID, FIELD_LABEL, DISPLAY_EXPRESSION, SORT_EXPRESSION, DISPLAY_SQL_TYPE, SORT_SQL_TYPE, IMPORTANCE, FIELD_CATEGORY_ID, ACTIVE_FLAG) 
VALUES (9849, 'AP Code', 'REPORT.ACTIVITY_REF[BATCH].CC_APPR_CODE', 'UPPER(REPORT.ACTIVITY_REF[BATCH].CC_APPR_CODE)', 'VARCHAR', 'VARCHAR', 50, 1043, 'Y');

INSERT INTO FOLIO_CONF.FIELD_PRIV (USER_GROUP_ID, FIELD_ID, FILTER_GROUP_ID) VALUES (8, 9849, 1);
INSERT INTO FOLIO_CONF.FIELD_PRIV (USER_GROUP_ID, FIELD_ID, FILTER_GROUP_ID) VALUES (5, 9849, 1);
INSERT INTO FOLIO_CONF.FIELD_PRIV (USER_GROUP_ID, FIELD_ID, FILTER_GROUP_ID) VALUES (4, 9849, 1);
INSERT INTO FOLIO_CONF.FIELD_PRIV (USER_GROUP_ID, FIELD_ID) VALUES (3, 9849);
INSERT INTO FOLIO_CONF.FIELD_PRIV (USER_GROUP_ID, FIELD_ID) VALUES (2, 9849);
INSERT INTO FOLIO_CONF.FIELD_PRIV (USER_GROUP_ID, FIELD_ID) VALUES (1, 9849);

INSERT INTO FOLIO_CONF.FIELD (FIELD_ID, FIELD_LABEL, DISPLAY_EXPRESSION, SORT_EXPRESSION, DISPLAY_SQL_TYPE, SORT_SQL_TYPE, IMPORTANCE, FIELD_CATEGORY_ID, ACTIVE_FLAG) 
VALUES (9850, 'Vend Column', 'REPORT.ACTIVITY_REF[BATCH].VEND_COLUMN', 'UPPER(REPORT.ACTIVITY_REF[BATCH].VEND_COLUMN)', 'VARCHAR', 'VARCHAR', 50, 1043, 'Y');

INSERT INTO FOLIO_CONF.FIELD_PRIV (USER_GROUP_ID, FIELD_ID, FILTER_GROUP_ID) VALUES (8, 9850, 1);
INSERT INTO FOLIO_CONF.FIELD_PRIV (USER_GROUP_ID, FIELD_ID, FILTER_GROUP_ID) VALUES (5, 9850, 1);
INSERT INTO FOLIO_CONF.FIELD_PRIV (USER_GROUP_ID, FIELD_ID, FILTER_GROUP_ID) VALUES (4, 9850, 1);
INSERT INTO FOLIO_CONF.FIELD_PRIV (USER_GROUP_ID, FIELD_ID) VALUES (3, 9850);
INSERT INTO FOLIO_CONF.FIELD_PRIV (USER_GROUP_ID, FIELD_ID) VALUES (2, 9850);
INSERT INTO FOLIO_CONF.FIELD_PRIV (USER_GROUP_ID, FIELD_ID) VALUES (1, 9850);

INSERT INTO FOLIO_CONF.FIELD (FIELD_ID, FIELD_LABEL, DISPLAY_EXPRESSION, SORT_EXPRESSION, DISPLAY_FORMAT, DISPLAY_SQL_TYPE, SORT_SQL_TYPE, IMPORTANCE, FIELD_CATEGORY_ID, ACTIVE_FLAG) 
VALUES (9851, 'Export Batch Id', 'REPORT.ACTIVITY_REF[BATCH].BATCH_ID', 'REPORT.ACTIVITY_REF[BATCH].BATCH_ID', 'NUMBER', 'NUMERIC', 'NUMERIC', 50, 1043, 'Y');

INSERT INTO FOLIO_CONF.FIELD_PRIV (USER_GROUP_ID, FIELD_ID, FILTER_GROUP_ID) VALUES (8, 9851, 1);
INSERT INTO FOLIO_CONF.FIELD_PRIV (USER_GROUP_ID, FIELD_ID, FILTER_GROUP_ID) VALUES (5, 9851, 1);
INSERT INTO FOLIO_CONF.FIELD_PRIV (USER_GROUP_ID, FIELD_ID, FILTER_GROUP_ID) VALUES (4, 9851, 1);
INSERT INTO FOLIO_CONF.FIELD_PRIV (USER_GROUP_ID, FIELD_ID) VALUES (3, 9851);
INSERT INTO FOLIO_CONF.FIELD_PRIV (USER_GROUP_ID, FIELD_ID) VALUES (2, 9851);
INSERT INTO FOLIO_CONF.FIELD_PRIV (USER_GROUP_ID, FIELD_ID) VALUES (1, 9851);

INSERT INTO FOLIO_CONF.FIELD (FIELD_ID, FIELD_LABEL, DISPLAY_EXPRESSION, SORT_EXPRESSION, DISPLAY_FORMAT, DISPLAY_SQL_TYPE, SORT_SQL_TYPE, IMPORTANCE, FIELD_CATEGORY_ID, ACTIVE_FLAG) 
VALUES (9852, 'Total Amount', 'SUM(REPORT.ACTIVITY_REF[BATCH].TOTAL_AMOUNT)', 'SUM(REPORT.ACTIVITY_REF[BATCH].TOTAL_AMOUNT)', 'CURRENCY', 'NUMERIC', 'NUMERIC', 50, 1043, 'Y');

INSERT INTO FOLIO_CONF.FIELD_PRIV (USER_GROUP_ID, FIELD_ID, FILTER_GROUP_ID) VALUES (8, 9852, 1);
INSERT INTO FOLIO_CONF.FIELD_PRIV (USER_GROUP_ID, FIELD_ID, FILTER_GROUP_ID) VALUES (5, 9852, 1);
INSERT INTO FOLIO_CONF.FIELD_PRIV (USER_GROUP_ID, FIELD_ID, FILTER_GROUP_ID) VALUES (4, 9852, 1);
INSERT INTO FOLIO_CONF.FIELD_PRIV (USER_GROUP_ID, FIELD_ID) VALUES (3, 9852);
INSERT INTO FOLIO_CONF.FIELD_PRIV (USER_GROUP_ID, FIELD_ID) VALUES (2, 9852);
INSERT INTO FOLIO_CONF.FIELD_PRIV (USER_GROUP_ID, FIELD_ID) VALUES (1, 9852);

INSERT INTO FOLIO_CONF.FIELD (FIELD_ID, FIELD_LABEL, DISPLAY_EXPRESSION, SORT_EXPRESSION, DISPLAY_FORMAT, DISPLAY_SQL_TYPE, SORT_SQL_TYPE, IMPORTANCE, FIELD_CATEGORY_ID, ACTIVE_FLAG) 
VALUES (9853, 'Trans Type Id', 'REPORT.ACTIVITY_REF[BATCH].TRANS_TYPE_ID', 'REPORT.ACTIVITY_REF[BATCH].TRANS_TYPE_ID', 'NUMBER', 'NUMERIC', 'NUMERIC', 50, 1043, 'Y');

INSERT INTO FOLIO_CONF.FIELD_PRIV (USER_GROUP_ID, FIELD_ID, FILTER_GROUP_ID) VALUES (8, 9853, 1);
INSERT INTO FOLIO_CONF.FIELD_PRIV (USER_GROUP_ID, FIELD_ID, FILTER_GROUP_ID) VALUES (5, 9853, 1);
INSERT INTO FOLIO_CONF.FIELD_PRIV (USER_GROUP_ID, FIELD_ID, FILTER_GROUP_ID) VALUES (4, 9853, 1);
INSERT INTO FOLIO_CONF.FIELD_PRIV (USER_GROUP_ID, FIELD_ID) VALUES (3, 9853);
INSERT INTO FOLIO_CONF.FIELD_PRIV (USER_GROUP_ID, FIELD_ID) VALUES (2, 9853);
INSERT INTO FOLIO_CONF.FIELD_PRIV (USER_GROUP_ID, FIELD_ID) VALUES (1, 9853);

INSERT INTO FOLIO_CONF.JOIN_FILTER (JOIN_FILTER_ID, FROM_TABLE, TO_TABLE, JOIN_EXPRESSION, JOIN_TYPE, JOIN_CARDINALITY)
        VALUES (-23, 'CORP.BATCH', 'REPORT.ACTIVITY_REF[BATCH]', 'CORP.BATCH.BATCH_ID = REPORT.ACTIVITY_REF[BATCH].PAYMENT_BATCH_ID', 'INNER', '=');
        
INSERT INTO FOLIO_CONF.JOIN_FILTER (JOIN_FILTER_ID, FROM_TABLE, TO_TABLE, JOIN_EXPRESSION, JOIN_TYPE, JOIN_CARDINALITY)
        VALUES (-25, 'REPORT.ACTIVITY_REF[BATCH]', 'REPORT.EPORT', 'REPORT.ACTIVITY_REF[BATCH].EPORT_ID = REPORT.EPORT.EPORT_ID', 'INNER', '=');

INSERT INTO FOLIO_CONF.JOIN_FILTER (JOIN_FILTER_ID, FROM_TABLE, TO_TABLE, JOIN_EXPRESSION, JOIN_TYPE, JOIN_CARDINALITY)
        VALUES (6104, 'REPORT.ACTIVITY_REF[BATCH]', 'REPORT.TRANS_TYPE', 'REPORT.ACTIVITY_REF[BATCH].TRANS_TYPE_ID = REPORT.TRANS_TYPE.TRANS_TYPE_ID', 'INNER', '=');
        
INSERT INTO FOLIO_CONF.FIELD (FIELD_ID, FIELD_LABEL, DISPLAY_EXPRESSION, SORT_EXPRESSION, DISPLAY_SQL_TYPE, SORT_SQL_TYPE, IMPORTANCE, FIELD_CATEGORY_ID, ACTIVE_FLAG) 
VALUES (9854, 'Trans Type Payable Indicator', 'REPORT.TRANS_TYPE.PAYABLE_IND', 'REPORT.TRANS_TYPE.PAYABLE_IND', 'CHAR', 'CHAR', 50, 1043, 'Y');

INSERT INTO FOLIO_CONF.FIELD_PRIV (USER_GROUP_ID, FIELD_ID, FILTER_GROUP_ID) VALUES (8, 9854, 1);
INSERT INTO FOLIO_CONF.FIELD_PRIV (USER_GROUP_ID, FIELD_ID, FILTER_GROUP_ID) VALUES (5, 9854, 1);
INSERT INTO FOLIO_CONF.FIELD_PRIV (USER_GROUP_ID, FIELD_ID, FILTER_GROUP_ID) VALUES (4, 9854, 1);
INSERT INTO FOLIO_CONF.FIELD_PRIV (USER_GROUP_ID, FIELD_ID) VALUES (3, 9854);
INSERT INTO FOLIO_CONF.FIELD_PRIV (USER_GROUP_ID, FIELD_ID) VALUES (2, 9854);
INSERT INTO FOLIO_CONF.FIELD_PRIV (USER_GROUP_ID, FIELD_ID) VALUES (1, 9854);

COMMIT;