-- 3 new fileds under Location Information category
INSERT INTO FOLIO_CONF.FIELD(FIELD_ID, FIELD_LABEL, FIELD_DESC, DISPLAY_EXPRESSION, SORT_EXPRESSION,                                                                                                                                                                                                                                                                                                                                                                                                                                                                                                                                                                                                                                                                                                                                                                                                                                                                                                                                                                                                                                                                                                                                                                                                                                                                                                                                                                                                                                                                                                                                                                                                                                                                                                                                                                                                                                                                                                                                                                                                                                                                                                                                                                                                                                                                                                                                                                                                                                                                                                                                                                                                                                                                                                                                                                                                                                                                                                                                                                                                                                                                                                                                                                                                                                                                                                                                                                                                                                                                                                                                                                                                                                                                                                                                                                                                                                                                                                                                                                                                                                                             
DISPLAY_FORMAT, DISPLAY_SQL_TYPE, SORT_SQL_TYPE, IMPORTANCE, FIELD_CATEGORY_ID, ACTIVE_FLAG)
 VALUES(2796, 'Adjustments Terminal Nbr','','REPORT.TERMINAL[ADJUSTMENTS].TERMINAL_NBR','UPPER(REPORT.TERMINAL[ADJUSTMENTS].TERMINAL_NBR)','','VARCHAR','VARCHAR',50,7,'Y');                                                                                                                                                                                                                                                                                                                                                                                                                                                                                                                                                                                                                                                                                                                                                                                                                                                                                                                                                                                                                                                                                                                                                                                                                                                                                                                                                                                                                                                                                                                                                                                                                                                                                                                                                                                                                                                                                                                                                                                                                                                                                                                                                                                                                                                                                                                                                                                                                                                                                                                                                                                                                                                                                                                                                                                                                                                                                                                                                                                                                                                                                                                                                                                                                                                                                                                                                                                                                                                                                                                                                                                                                                                                                                                                                                                                                                                                                         

INSERT INTO FOLIO_CONF.FIELD(FIELD_ID, FIELD_LABEL, FIELD_DESC, DISPLAY_EXPRESSION, SORT_EXPRESSION,                                                                                                                                                                                                                                                                                                                                                                                                                                                                                                                                                                                                                                                                                                                                                                                                                                                                                                                                                                                                                                                                                                                                                                                                                                                                                                                                                                                                                                                                                                                                                                                                                                                                                                                                                                                                                                                                                                                                                                                                                                                                                                                                                                                                                                                                                                                                                                                                                                                                                                                                                                                                                                                                                                                                                                                                                                                                                                                                                                                                                                                                                                                                                                                                                                                                                                                                                                                                                                                                                                                                                                                                                                                                                                                                                                                                                                                                                                                                                                                                                                                             
DISPLAY_FORMAT, DISPLAY_SQL_TYPE, SORT_SQL_TYPE, IMPORTANCE, FIELD_CATEGORY_ID, ACTIVE_FLAG)
 VALUES(2798, 'Adjustments Location Name','','REPORT.LOCATION[ADJUSTMENTS].LOCATION_NAME','UPPER(REPORT.LOCATION[ADJUSTMENTS].LOCATION_NAME)','','VARCHAR','VARCHAR',50,7,'Y');                                                                                                                                                                                                                                                                                                                                                                                                                                                                                                                                                                                                                                                                                                                                                                                                                                                                                                                                                                                                                                                                                                                                                                                                                                                                                                                                                                                                                                                                                                                                                                                                                                                                                                                                                                                                                                                                                                                                                                                                                                                                                                                                                                                                                                                                                                                                                                                                                                                                                                                                                                                                                                                                                                                                                                                                                                                                                                                                                                                                                                                                                                                                                                                                                                                                                                                                                                                                                                                                                                                                                                                                                                                                                                                                                                                                                                                                                      

INSERT INTO FOLIO_CONF.FIELD(FIELD_ID, FIELD_LABEL, FIELD_DESC, DISPLAY_EXPRESSION, SORT_EXPRESSION,                                                                                                                                                                                                                                                                                                                                                                                                                                                                                                                                                                                                                                                                                                                                                                                                                                                                                                                                                                                                                                                                                                                                                                                                                                                                                                                                                                                                                                                                                                                                                                                                                                                                                                                                                                                                                                                                                                                                                                                                                                                                                                                                                                                                                                                                                                                                                                                                                                                                                                                                                                                                                                                                                                                                                                                                                                                                                                                                                                                                                                                                                                                                                                                                                                                                                                                                                                                                                                                                                                                                                                                                                                                                                                                                                                                                                                                                                                                                                                                                                                                             
DISPLAY_FORMAT, DISPLAY_SQL_TYPE, SORT_SQL_TYPE, IMPORTANCE, FIELD_CATEGORY_ID, ACTIVE_FLAG)
 VALUES(2800, 'Adjustments Asset #','','REPORT.TERMINAL[ADJUSTMENTS].ASSET_NBR','UPPER(REPORT.TERMINAL[ADJUSTMENTS].ASSET_NBR)','','VARCHAR','VARCHAR',50,7,'Y');
 
 
INSERT INTO FOLIO_CONF.FIELD_PRIV (USER_GROUP_ID, FIELD_ID, FILTER_GROUP_ID) VALUES(1, 2796, NULL);
INSERT INTO FOLIO_CONF.FIELD_PRIV (USER_GROUP_ID, FIELD_ID, FILTER_GROUP_ID) VALUES(2, 2796, NULL);
INSERT INTO FOLIO_CONF.FIELD_PRIV (USER_GROUP_ID, FIELD_ID, FILTER_GROUP_ID) VALUES(3, 2796, NULL);
INSERT INTO FOLIO_CONF.FIELD_PRIV (USER_GROUP_ID, FIELD_ID, FILTER_GROUP_ID) VALUES(4, 2796, 1);
INSERT INTO FOLIO_CONF.FIELD_PRIV (USER_GROUP_ID, FIELD_ID, FILTER_GROUP_ID) VALUES(5, 2796, 1);
INSERT INTO FOLIO_CONF.FIELD_PRIV (USER_GROUP_ID, FIELD_ID, FILTER_GROUP_ID) VALUES(8, 2796, 1);

INSERT INTO FOLIO_CONF.FIELD_PRIV (USER_GROUP_ID, FIELD_ID, FILTER_GROUP_ID) VALUES(1, 2798, NULL);
INSERT INTO FOLIO_CONF.FIELD_PRIV (USER_GROUP_ID, FIELD_ID, FILTER_GROUP_ID) VALUES(2, 2798, NULL);
INSERT INTO FOLIO_CONF.FIELD_PRIV (USER_GROUP_ID, FIELD_ID, FILTER_GROUP_ID) VALUES(3, 2798, NULL);
INSERT INTO FOLIO_CONF.FIELD_PRIV (USER_GROUP_ID, FIELD_ID, FILTER_GROUP_ID) VALUES(4, 2798, 1);
INSERT INTO FOLIO_CONF.FIELD_PRIV (USER_GROUP_ID, FIELD_ID, FILTER_GROUP_ID) VALUES(5, 2798, 1);
INSERT INTO FOLIO_CONF.FIELD_PRIV (USER_GROUP_ID, FIELD_ID, FILTER_GROUP_ID) VALUES(8, 2798, 1);

INSERT INTO FOLIO_CONF.FIELD_PRIV (USER_GROUP_ID, FIELD_ID, FILTER_GROUP_ID) VALUES(1, 2800, NULL);
INSERT INTO FOLIO_CONF.FIELD_PRIV (USER_GROUP_ID, FIELD_ID, FILTER_GROUP_ID) VALUES(2, 2800, NULL);
INSERT INTO FOLIO_CONF.FIELD_PRIV (USER_GROUP_ID, FIELD_ID, FILTER_GROUP_ID) VALUES(3, 2800, NULL);
INSERT INTO FOLIO_CONF.FIELD_PRIV (USER_GROUP_ID, FIELD_ID, FILTER_GROUP_ID) VALUES(4, 2800, 1);
INSERT INTO FOLIO_CONF.FIELD_PRIV (USER_GROUP_ID, FIELD_ID, FILTER_GROUP_ID) VALUES(5, 2800, 1);
INSERT INTO FOLIO_CONF.FIELD_PRIV (USER_GROUP_ID, FIELD_ID, FILTER_GROUP_ID) VALUES(8, 2800, 1);

-- 2 new outer join


insert into folio_conf.join_filter (join_filter_id, from_table,to_table, join_expression)
values(-20, 'CORP.BATCH', 'REPORT.TERMINAL[ADJUSTMENTS]', 'CORP.BATCH.TERMINAL_ID = REPORT.TERMINAL[ADJUSTMENTS].TERMINAL_ID(+)');

insert into folio_conf.join_filter (join_filter_id, from_table,to_table, join_expression)
values(-21, 'REPORT.TERMINAL[ADJUSTMENTS]', 'REPORT.LOCATION[ADJUSTMENTS]', 'REPORT.TERMINAL[ADJUSTMENTS].LOCATION_ID = REPORT.LOCATION[ADJUSTMENTS].LOCATION_ID(+)');

commit;
