INSERT INTO DEVICE.FILE_TRANSFER_TYPE(FILE_TRANSFER_TYPE_CD, FILE_TRANSFER_TYPE_NAME, FILE_TRANSFER_TYPE_DESC, DELETABLE, CANCEL_PENDING_TRANSFERS_IND, FIRMWARE_UPDATE_IND)
SELECT 34, 'Modem FOTA Command', 'File with instructions and parameters for G9 to perform modem firmware over the air upgrade from an FTP server', 'N', 'Y', 'Y'
FROM DUAL WHERE NOT EXISTS(SELECT 1 FROM DEVICE.FILE_TRANSFER_TYPE WHERE FILE_TRANSFER_TYPE_CD = 34);
COMMIT;

insert into report.campaign_type(campaign_type_id, campaign_type_name, campaign_type_desc)
select 5,'Purchase Discount', 'Campaign that offers a fixed amount discount to every purchased line item if line item amount is greater than or equal to the fixed amount discount.'
from dual where not exists(select 1 from report.campaign_type where campaign_type_id=5);
commit;

ALTER TABLE REPORT.CAMPAIGN 
ADD (PURCHASE_DISCOUNT NUMBER(15,2));

insert into pss.tran_line_item_type(tran_line_item_type_id, tran_line_item_type_desc, tran_line_item_type_sign_pn, tran_line_item_type_group_cd,mdb_number_ind,type_desc_as_product_ind)
select 213,'Purchase Discount','N','A','N','N'
from dual where not exists (select 1 from pss.tran_line_item_type where tran_line_item_type_id=213);
commit;

ALTER TABLE PSS.CONSUMER_ACCT
ADD (PURCHASE_DISCOUNT_TOTAL NUMBER);

ALTER TABLE REPORT.ACTIVITY_REF
ADD (PURCHASE_DISCOUNT NUMBER(15,2));

ALTER TABLE REPORT.TRANS_STAT_BY_DAY
ADD (PURCHASE_DISCOUNT NUMBER(15,2));

ALTER TABLE pss.tran_line_item_type
ADD (DISCOUNTABLE VARCHAR(1) default 'N');

update pss.tran_line_item_type
set DISCOUNTABLE='Y'
where tran_line_item_type_group_cd in ('P','S')
and tran_line_item_type_id not in (550,551,554,555,556,557,558,559,560,615);
commit;

ALTER TABLE REPORT.CONSUMER_ACCT_STAT
ADD (PURCHASE_DISCOUNT NUMBER(15,2));

GRANT SELECT ON REPORT.FILE_CACHE TO USAT_DMS_ROLE;
GRANT SELECT ON REPORT.FILE_CACHE_STATE TO USAT_DMS_ROLE;

update report.reports set title='TRANS-{s}-{x}-{d}' where report_id =(select report_id from report.reports where report_name ='Single Transaction Data Export(CSV)');
commit;

CREATE TABLE REPORT.ACTIVATE_DETAIL (
    ACTIVATE_DETAIL_ID NUMBER NOT NULL, 
    ACTIVATE_DETAIL VARCHAR2(500) NOT NULL, 
    CREATED_BY VARCHAR2(30) NOT NULL,
    CREATED_TS DATE NOT NULL,
    LAST_UPDATED_BY VARCHAR2(30) NOT NULL,
    LAST_UPDATED_TS DATE NOT NULL,
    CONSTRAINT PK_ACTIVATE_DETAIL PRIMARY KEY(ACTIVATE_DETAIL_ID))
TABLESPACE REPORT_DATA;

CREATE OR REPLACE TRIGGER REPORT.TRBI_ACTIVATE_DETAIL BEFORE INSERT ON REPORT.ACTIVATE_DETAIL
  FOR EACH ROW
BEGIN
  SELECT 
		SYSDATE,
		USER,
		SYSDATE,
		USER
	INTO 
		:NEW.CREATED_TS,
		:NEW.CREATED_BY,
		:NEW.LAST_UPDATED_TS,
		:NEW.LAST_UPDATED_BY
	FROM DUAL;
END;
/

CREATE OR REPLACE TRIGGER REPORT.TRBU_ACTIVATE_DETAIL BEFORE UPDATE ON REPORT.ACTIVATE_DETAIL
  FOR EACH ROW 
BEGIN
	SELECT
		:OLD.CREATED_BY,
		:OLD.CREATED_TS,
		SYSDATE,
		USER
	INTO
		:NEW.CREATED_BY,
		:NEW.CREATED_TS,
		:NEW.LAST_UPDATED_TS,
		:NEW.LAST_UPDATED_BY
	FROM DUAL;
END;
/

INSERT INTO REPORT.ACTIVATE_DETAIL(ACTIVATE_DETAIL_ID, ACTIVATE_DETAIL) VALUES(1,'New Shipment');
INSERT INTO REPORT.ACTIVATE_DETAIL(ACTIVATE_DETAIL_ID, ACTIVATE_DETAIL) VALUES(2,'Upgrade');
INSERT INTO REPORT.ACTIVATE_DETAIL(ACTIVATE_DETAIL_ID, ACTIVATE_DETAIL) VALUES(3,'3rd Party Activation');
INSERT INTO REPORT.ACTIVATE_DETAIL(ACTIVATE_DETAIL_ID, ACTIVATE_DETAIL) VALUES(4,'Transfer');
INSERT INTO REPORT.ACTIVATE_DETAIL(ACTIVATE_DETAIL_ID, ACTIVATE_DETAIL) VALUES(5,'Deactivation/Reactivation');
INSERT INTO REPORT.ACTIVATE_DETAIL(ACTIVATE_DETAIL_ID, ACTIVATE_DETAIL) VALUES(6,'Swap/Repair');
COMMIT;

CREATE TABLE REPORT.DEACTIVATE_DETAIL (
    DEACTIVATE_DETAIL_ID NUMBER NOT NULL, 
    DEACTIVATE_DETAIL VARCHAR2(500) NOT NULL, 
    CREATED_BY VARCHAR2(30) NOT NULL,
    CREATED_TS DATE NOT NULL,
    LAST_UPDATED_BY VARCHAR2(30) NOT NULL,
    LAST_UPDATED_TS DATE NOT NULL,
    CONSTRAINT PK_DEACTIVATE_DETAIL PRIMARY KEY(DEACTIVATE_DETAIL_ID))
TABLESPACE REPORT_DATA;

CREATE OR REPLACE TRIGGER REPORT.TRBI_DEACTIVATE_DETAIL BEFORE INSERT ON REPORT.DEACTIVATE_DETAIL
  FOR EACH ROW
BEGIN
  SELECT 
		SYSDATE,
		USER,
		SYSDATE,
		USER
	INTO 
		:NEW.CREATED_TS,
		:NEW.CREATED_BY,
		:NEW.LAST_UPDATED_TS,
		:NEW.LAST_UPDATED_BY
	FROM DUAL;
END;
/

CREATE OR REPLACE TRIGGER REPORT.TRBU_DEACTIVATE_DETAIL BEFORE UPDATE ON REPORT.DEACTIVATE_DETAIL
  FOR EACH ROW 
BEGIN
	SELECT
		:OLD.CREATED_BY,
		:OLD.CREATED_TS,
		SYSDATE,
		USER
	INTO
		:NEW.CREATED_BY,
		:NEW.CREATED_TS,
		:NEW.LAST_UPDATED_TS,
		:NEW.LAST_UPDATED_BY
	FROM DUAL;
END;
/

INSERT INTO REPORT.DEACTIVATE_DETAIL(DEACTIVATE_DETAIL_ID, DEACTIVATE_DETAIL) VALUES(1,'ePort Customer Owned - permanently no longer using the ePort. Still doing business with USAT');
INSERT INTO REPORT.DEACTIVATE_DETAIL(DEACTIVATE_DETAIL_ID, DEACTIVATE_DETAIL) VALUES(2,'ePort Customer Owned - deactivating and reactivating to clear Service fee Transfer. Still doing business with USAT');
INSERT INTO REPORT.DEACTIVATE_DETAIL(DEACTIVATE_DETAIL_ID, DEACTIVATE_DETAIL) VALUES(3,'ePort JS Rental - returning ePort, no longer using. Still doing business with USAT');
INSERT INTO REPORT.DEACTIVATE_DETAIL(DEACTIVATE_DETAIL_ID, DEACTIVATE_DETAIL) VALUES(4,'ePort Upgrade/Swap - customer upgrading or swapping out ePorts. Still doing business with USAT');
INSERT INTO REPORT.DEACTIVATE_DETAIL(DEACTIVATE_DETAIL_ID, DEACTIVATE_DETAIL) VALUES(5,'All ePorts Returned or Permanently Turned Off - Customer Has Gone Out of Business');
INSERT INTO REPORT.DEACTIVATE_DETAIL(DEACTIVATE_DETAIL_ID, DEACTIVATE_DETAIL) VALUES(6,'All ePorts Returned or Permanently Turned Off - USAT Lost Business to Competition');
COMMIT;

GRANT SELECT, INSERT, UPDATE, DELETE on REPORT.ACTIVATE_DETAIL to USAT_DMS_ROLE;
GRANT SELECT  on REPORT.ACTIVATE_DETAIL to USAT_DEV_READ_ONLY;
GRANT SELECT, INSERT, UPDATE, DELETE on REPORT.DEACTIVATE_DETAIL to USAT_DMS_ROLE;
GRANT SELECT  on REPORT.DEACTIVATE_DETAIL to USAT_DEV_READ_ONLY;


ALTER TABLE REPORT.TERMINAL_EPORT
ADD(ACTIVATE_DETAIL VARCHAR2(4000),
DEACTIVATE_DETAIL VARCHAR2(4000),
ACTIVATE_DETAIL_ID NUMBER,
DEACTIVATE_DETAIL_ID NUMBER,
CONSTRAINT FK_TE_ACTIVATE_DETAIL_ID FOREIGN KEY(ACTIVATE_DETAIL_ID) REFERENCES REPORT.ACTIVATE_DETAIL(ACTIVATE_DETAIL_ID),
CONSTRAINT FK_TE_DEACTIVATE_DETAIL_ID FOREIGN KEY(DEACTIVATE_DETAIL_ID) REFERENCES REPORT.DEACTIVATE_DETAIL(DEACTIVATE_DETAIL_ID)
);

insert into DEVICE.HOST_TYPE_HOST_GROUP_TYPE(host_type_id, host_group_type_id)
select 215, 10
from dual
where not exists (
  select 1
  from DEVICE.HOST_TYPE_HOST_GROUP_TYPE
  where host_type_id = 215
  and host_group_type_id = 10);

insert into DEVICE.HOST_TYPE_HOST_GROUP_TYPE(host_type_id, host_group_type_id)
select 216, 10
from dual
where not exists (
  select 1
  from DEVICE.HOST_TYPE_HOST_GROUP_TYPE
  where host_type_id = 216
  and host_group_type_id = 10);

commit;

GRANT SELECT on PSS.TERMINAL to USAT_IN_AUTH_LAYER_ROLE; 
GRANT SELECT on PSS.SEQ_EMV_PARM_DNLD_REQD_ID_SEQ to USAT_IN_AUTH_LAYER_ROLE; 
GRANT SELECT on PSS.SEQ_EMV_SYSTEM_TRACE_AUDIT_SEQ to USAT_IN_AUTH_LAYER_ROLE; 

update report.trans_type set chargeback_enabled_ind='Y' where replenish_ind='Y' and cashless_device_tran_ind='Y';
commit;

GRANT SELECT ON CORP.REFUND to USAT_PREPAID_APP_ROLE;
GRANT SELECT ON CORP.CHARGEBACK to USAT_PREPAID_APP_ROLE;

INSERT INTO REPORT.TRANS_TYPE(
  TRANS_TYPE_ID, 
  TRANS_TYPE_NAME, 
  PROCESS_FEE_IND, 
  DISPLAY_ORDER, 
  FEE_PERCENT_UBN, 
  FEE_AMOUNT_UBN, 
  FEE_MIN_UBN, 
  FEE_PERCENT_LBN, 
  PAYABLE_IND, 
  CUSTOMER_DEBIT_IND, 
  ENTRY_TYPE, 
  FILL_BATCH_IND, 
  CASH_IND, 
  TRANS_TYPE_CODE, 
  TRANS_ITEM_TYPE, 
  REFUND_IND, 
  REFUNDABLE_IND, 
  CHARGEBACK_ENABLED_IND, 
  STATUS_CD, 
  CREDIT_IND, 
  OPERATOR_TRANS_TYPE_ID, 
  CASHLESS_DEVICE_TRAN_IND,
  REPLENISH_IND,
  PREPAID_IND,
  PROCESS_FEE_TRANS_TYPE_ID,
  PASS_IND,
  ACCESS_IND,
  DEBIT_IND,
  FREE_IND) 
SELECT 
  67,  --  TRANS_TYPE_ID, 
  'Chargeback Reversal',  --  TRANS_TYPE_NAME, 
  'N',  --  PROCESS_FEE_IND, 
  210,  --  DISPLAY_ORDER, 
  10,  --  FEE_PERCENT_UBN, 
  1,  --  FEE_AMOUNT_UBN, 
  1,  --  FEE_MIN_UBN, 
  1,  --  FEE_PERCENT_LBN, 
  'Y',  --  PAYABLE_IND, 
  'N',  --  CUSTOMER_DEBIT_IND, 
  'CB',  --  ENTRY_TYPE, 
  'N',  --  FILL_BATCH_IND, 
  'N',  --  CASH_IND, 
  'F',  --  TRANS_TYPE_CODE, 
  'CHARGEBACK REVERSAL',  --  TRANS_ITEM_TYPE, 
  'Y',  --  REFUND_IND, 
  'N',  --  REFUNDABLE_IND, 
  'N',  --  CHARGEBACK_ENABLED_IND, 
  'A',  --  STATUS_CD, 
  'N',  --  CREDIT_IND, 
   67, --  OPERATOR_TRANS_TYPE_ID, 
  'N', --  CASHLESS_DEVICE_TRAN_IND) 
  'N', --  REPLENISH_IND,
  'N',  --  PREPAID_IND,
   67,  --  PROCESS_FEE_TRANS_TYPE_ID,
  'N',  --  PASS_IND,
  'N',  --  ACCESS_IND,
  'N',  --  DEBIT_IND,
  null  --  FREE_IND) 
FROM DUAL
WHERE NOT EXISTS (SELECT 1 FROM REPORT.TRANS_TYPE WHERE TRANS_TYPE_ID = 67);
commit;

update report.trans_type set status_cd='D' where trans_type_name='Prepaid Promo (Contactless)';
commit;

GRANT SELECT ON REPORT.CUSTOMER_BANK_TERMINAL TO APP_LAYER WITH GRANT OPTION;
GRANT SELECT ON REPORT.EPORT TO APP_LAYER WITH GRANT OPTION;
GRANT SELECT ON REPORT.TERMINAL_EPORT TO APP_LAYER WITH GRANT OPTION;
GRANT SELECT ON REPORT.TRANS_TYPE TO APP_LAYER WITH GRANT OPTION;

GRANT SELECT ON REPORT.CUSTOMER_BANK_TERMINAL TO USALIVE_APP_ROLE;
GRANT SELECT ON REPORT.EPORT TO USALIVE_APP_ROLE;
GRANT SELECT ON REPORT.TERMINAL_EPORT TO USALIVE_APP_ROLE;
GRANT SELECT ON REPORT.TRANS_TYPE TO USALIVE_APP_ROLE;

GRANT SELECT ON DEVICE.DEVICE_SETTING TO USALIVE_APP_ROLE;

UPDATE DEVICE.CONFIG_TEMPLATE_SETTING SET DESCRIPTION = REPLACE(DESCRIPTION, 'Valid interval minutes: 60 -', 'Valid interval minutes: 240 -')
WHERE DEVICE_TYPE_ID = 13 AND DESCRIPTION LIKE '%Valid interval minutes: 60 -%';
COMMIT;

INSERT INTO report.sales_rep(first_name, last_name, status_cd) VALUES ('Scott', 'Larkin', 'A');
INSERT INTO report.sales_rep(first_name, last_name, status_cd) VALUES ('Cecil', 'Ledesma', 'A');
INSERT INTO report.sales_rep(first_name, last_name, status_cd) VALUES ('Pete', 'Carmain', 'A');
INSERT INTO report.sales_rep(first_name, last_name, status_cd) VALUES ('Sean', 'Watson', 'A');
INSERT INTO report.sales_rep(first_name, last_name, status_cd) VALUES ('Chuck', 'Treister', 'A');
INSERT INTO report.sales_rep(first_name, last_name, status_cd) VALUES ('Matt', 'Buhler', 'A');
INSERT INTO report.sales_rep(first_name, last_name, status_cd) values ('Brian', 'Dunn', 'A');
INSERT INTO report.sales_rep(first_name, last_name, status_cd) VALUES ('Bunny', 'Proof', 'A');
INSERT INTO report.sales_rep(first_name, last_name, status_cd) VALUES ('Mike', 'Vitelli', 'A');
INSERT INTO report.sales_rep(first_name, last_name, status_cd) VALUES ('Diane', 'Tampanello', 'A');
INSERT INTO report.sales_rep(first_name, last_name, status_cd) VALUES ('Kate', 'Hudson', 'A');
INSERT INTO report.sales_rep(first_name, last_name, status_cd) VALUES ('Rich', 'Ross', 'A');
INSERT INTO report.sales_rep(first_name, last_name, status_cd) VALUES ('Brady', 'Foore', 'A');
COMMIT;

ALTER TABLE REPORT.CAMPAIGN
MODIFY ( PROMO_CODE    VARCHAR2(20));

INSERT INTO ENGINE.APP_SETTING(APP_SETTING_CD,APP_SETTING_VALUE, APP_SETTING_DESC)
SELECT 'CAMPAIGN_CUSTOM_TEXT_REQUIRE_APPROVAL','N','Y or N value to determine whether campaign blast custom text will require marketing approval or not'
FROM DUAL WHERE NOT EXISTS(SELECT 1 FROM ENGINE.APP_SETTING WHERE APP_SETTING_CD='CAMPAIGN_CUSTOM_TEXT_REQUIRE_APPROVAL');
COMMIT;

CREATE TABLE CORP.PAYOR_CARD_HIST (
    PAYOR_ID NUMBER(20,0) NOT NULL, 
    GLOBAL_ACCOUNT_ID NUMBER(19,0) NOT NULL, 
    CREATED_BY VARCHAR2(30) NOT NULL,
    CREATED_TS DATE NOT NULL,
    LAST_UPDATED_BY VARCHAR2(30) NOT NULL,
    LAST_UPDATED_TS DATE NOT NULL,
    CONSTRAINT FK_PAYOR_ID FOREIGN KEY(PAYOR_ID) REFERENCES CORP.PAYOR(PAYOR_ID))
TABLESPACE CORP_DATA;

CREATE OR REPLACE TRIGGER REPORT.TRBI_PAYOR_CARD_HIST BEFORE INSERT ON CORP.PAYOR_CARD_HIST
  FOR EACH ROW
BEGIN
  SELECT 
		SYSDATE,
		USER,
		SYSDATE,
		USER
	INTO 
		:NEW.CREATED_TS,
		:NEW.CREATED_BY,
		:NEW.LAST_UPDATED_TS,
		:NEW.LAST_UPDATED_BY
	FROM DUAL;
END;
/

CREATE OR REPLACE TRIGGER REPORT.TRBU_PAYOR_CARD_HIST BEFORE UPDATE ON CORP.PAYOR_CARD_HIST
  FOR EACH ROW 
BEGIN
	SELECT
		:OLD.CREATED_BY,
		:OLD.CREATED_TS,
		SYSDATE,
		USER
	INTO
		:NEW.CREATED_BY,
		:NEW.CREATED_TS,
		:NEW.LAST_UPDATED_TS,
		:NEW.LAST_UPDATED_BY
	FROM DUAL;
END;
/

CREATE INDEX CORP.IDX_PAYOR_CARD_HIST_PAYOR_ID ON CORP.PAYOR_CARD_HIST(PAYOR_ID) TABLESPACE CORP_INDX ONLINE;
GRANT SELECT, INSERT, UPDATE ON CORP.PAYOR_CARD_HIST TO USALIVE_APP_ROLE;

ALTER TABLE report.campaign_blast ADD send_time_new timestamp with time zone;
UPDATE report.campaign_blast SET send_time_new = CAST(send_time AS TIMESTAMP WITH TIME ZONE) at time zone 'US/Eastern';
commit;
ALTER TABLE report.campaign_blast DROP COLUMN send_time;
ALTER TABLE report.campaign_blast RENAME COLUMN send_time_new TO send_time;

INSERT INTO ENGINE.APP_SETTING(APP_SETTING_CD, APP_SETTING_VALUE, APP_SETTING_DESC)
SELECT 'DEVICE_FIRMWARE_UPGRADE_MAX_ATTEMPTS', '150', 'Maximum number of attempts for device firmware upgrade'
FROM DUAL WHERE NOT EXISTS(SELECT 1 FROM ENGINE.APP_SETTING WHERE APP_SETTING_CD = 'DEVICE_FIRMWARE_UPGRADE_MAX_ATTEMPTS');

INSERT INTO ENGINE.APP_SETTING(APP_SETTING_CD, APP_SETTING_VALUE, APP_SETTING_DESC)
SELECT 'DEVICE_FIRMWARE_UPGRADE_HOURS_TO_WAIT_FOR_DEVICE', '4', 'Maximum number of attempts for device firmware upgrade'
FROM DUAL WHERE NOT EXISTS(SELECT 1 FROM ENGINE.APP_SETTING WHERE APP_SETTING_CD = 'DEVICE_FIRMWARE_UPGRADE_HOURS_TO_WAIT_FOR_DEVICE');

COMMIT;

CREATE TABLE CORP.FEE_SCHEDULE (
    FEE_SCHEDULE_ID NUMBER NOT NULL, 
    DESCRIPTION VARCHAR2(500) NOT NULL, 
    FEE_SCHEDULE_CD VARCHAR2(50) NOT NULL,
    CREATED_BY VARCHAR2(30) NOT NULL,
    CREATED_TS DATE NOT NULL,
    LAST_UPDATED_BY VARCHAR2(30) NOT NULL,
    LAST_UPDATED_TS DATE NOT NULL,
    CONSTRAINT PK_FEE_SCHEDULE PRIMARY KEY(FEE_SCHEDULE_ID))
TABLESPACE CORP_DATA;

CREATE OR REPLACE TRIGGER CORP.TRBI_FEE_SCHEDULE BEFORE INSERT ON CORP.FEE_SCHEDULE
  FOR EACH ROW
BEGIN
  SELECT 
		SYSDATE,
		USER,
		SYSDATE,
		USER
	INTO 
		:NEW.CREATED_TS,
		:NEW.CREATED_BY,
		:NEW.LAST_UPDATED_TS,
		:NEW.LAST_UPDATED_BY
	FROM DUAL;
END;
/

CREATE OR REPLACE TRIGGER CORP.TRBU_FEE_SCHEDULE BEFORE UPDATE ON CORP.FEE_SCHEDULE
  FOR EACH ROW 
BEGIN
	SELECT
		:OLD.CREATED_BY,
		:OLD.CREATED_TS,
		SYSDATE,
		USER
	INTO
		:NEW.CREATED_BY,
		:NEW.CREATED_TS,
		:NEW.LAST_UPDATED_TS,
		:NEW.LAST_UPDATED_BY
	FROM DUAL;
END;
/

insert into CORP.FEE_SCHEDULE(FEE_SCHEDULE_ID, DESCRIPTION, FEE_SCHEDULE_CD)
values(1,'Last day of the month','EOM');

insert into CORP.FEE_SCHEDULE(FEE_SCHEDULE_ID, DESCRIPTION, FEE_SCHEDULE_CD)
values(2,'20th of the month','20');

commit;

GRANT SELECT on CORP.FEE_SCHEDULE to USAT_DEV_READ_ONLY;
GRANT SELECT,UPDATE on CORP.FEE_SCHEDULE to USAT_DMS_ROLE;


ALTER TABLE CORP.CUSTOMER
ADD FEE_SCHEDULE_ID NUMBER DEFAULT 1 NOT NULL;

ALTER TABLE CORP.CUSTOMER
ADD CONSTRAINT FK_FEE_SCHEDULE_ID
  FOREIGN KEY (FEE_SCHEDULE_ID)
  REFERENCES CORP.FEE_SCHEDULE(FEE_SCHEDULE_ID);

INSERT INTO G4OP.DEX_CODE_ALERT(DEX_CODE, ALERT_ID, MESSAGE) SELECT 'MA5*FAIL', 7, 'Error Code: {2}' FROM DUAL
WHERE NOT EXISTS(SELECT 1 FROM G4OP.DEX_CODE_ALERT WHERE DEX_CODE = 'MA5*FAIL');

INSERT INTO G4OP.DEX_CODE_ALERT(DEX_CODE, ALERT_ID, MESSAGE) SELECT 'MA5*FAIL*1', 7, 'Sensor blocked or missing' FROM DUAL
WHERE NOT EXISTS(SELECT 1 FROM G4OP.DEX_CODE_ALERT WHERE DEX_CODE = 'MA5*FAIL*1');

INSERT INTO G4OP.DEX_CODE_ALERT(DEX_CODE, ALERT_ID, MESSAGE) SELECT 'MA5*FAIL*2', 8, 'All credit devices out-of-service' FROM DUAL
WHERE NOT EXISTS(SELECT 1 FROM G4OP.DEX_CODE_ALERT WHERE DEX_CODE = 'MA5*FAIL*2');

INSERT INTO G4OP.DEX_CODE_ALERT(DEX_CODE, ALERT_ID, MESSAGE) SELECT 'MA5*FAIL*4', 7, 'Health and safety error' FROM DUAL
WHERE NOT EXISTS(SELECT 1 FROM G4OP.DEX_CODE_ALERT WHERE DEX_CODE = 'MA5*FAIL*4');

INSERT INTO G4OP.DEX_CODE_ALERT(DEX_CODE, ALERT_ID, MESSAGE) SELECT 'MA5*FAIL*8', 7, 'Frozen Food Interface Board missing' FROM DUAL
WHERE NOT EXISTS(SELECT 1 FROM G4OP.DEX_CODE_ALERT WHERE DEX_CODE = 'MA5*FAIL*8');

INSERT INTO G4OP.DEX_CODE_ALERT(DEX_CODE, ALERT_ID, MESSAGE) SELECT 'MA5*FAIL*16', 7, 'Sliding Door jam' FROM DUAL
WHERE NOT EXISTS(SELECT 1 FROM G4OP.DEX_CODE_ALERT WHERE DEX_CODE = 'MA5*FAIL*16');

INSERT INTO G4OP.DEX_CODE_ALERT(DEX_CODE, ALERT_ID, MESSAGE) SELECT 'MA5*FAIL*32', 6, 'Temperature unstable' FROM DUAL
WHERE NOT EXISTS(SELECT 1 FROM G4OP.DEX_CODE_ALERT WHERE DEX_CODE = 'MA5*FAIL*32');

COMMIT;
