GRANT SELECT ON CORP.VW_COMPASS_DAILY_ITEM TO USALIVE_APP_ROLE;
GRANT SELECT ON CORP.VW_COMPASS_PAYMENT_ITEM TO USALIVE_APP_ROLE;

INSERT INTO FOLIO_CONF.FIELD_CATEGORY(FIELD_CATEGORY_ID, FIELD_CATEGORY_LABEL, PARENT_FIELD_CATEGORY_ID)
    VALUES(3, 'Compass Payment Item', 1);
INSERT INTO FOLIO_CONF.FIELD(FIELD_ID, FIELD_LABEL, DISPLAY_EXPRESSION, SORT_EXPRESSION, DISPLAY_SQL_TYPE, SORT_SQL_TYPE, FIELD_CATEGORY_ID)
    VALUES(2983, 'Compass Payment Doc Id', 'CORP.VW_COMPASS_PAYMENT_ITEM.DOC_ID', 'CORP.VW_COMPASS_PAYMENT_ITEM.DOC_ID', 'NUMERIC', 'NUMERIC', 3);
INSERT INTO FOLIO_CONF.FIELD(FIELD_ID, FIELD_LABEL, DISPLAY_EXPRESSION, SORT_EXPRESSION, DISPLAY_SQL_TYPE, SORT_SQL_TYPE, FIELD_CATEGORY_ID)
    VALUES(2984, 'Compass Payment Batch Id', 'CORP.VW_COMPASS_PAYMENT_ITEM.BATCH_ID', 'CORP.VW_COMPASS_PAYMENT_ITEM.BATCH_ID', 'NUMERIC', 'NUMERIC', 3);
INSERT INTO FOLIO_CONF.FIELD(FIELD_ID, FIELD_LABEL, DISPLAY_EXPRESSION, SORT_EXPRESSION, DISPLAY_SQL_TYPE, SORT_SQL_TYPE, FIELD_CATEGORY_ID)
    VALUES(2985, 'Compass Payment Ledger Id', 'CORP.VW_COMPASS_PAYMENT_ITEM.LEDGER_ID', 'CORP.VW_COMPASS_PAYMENT_ITEM.LEDGER_ID', 'NUMERIC', 'NUMERIC', 3);
INSERT INTO FOLIO_CONF.FIELD(FIELD_ID, FIELD_LABEL, DISPLAY_EXPRESSION, SORT_EXPRESSION, DISPLAY_SQL_TYPE, SORT_SQL_TYPE, FIELD_CATEGORY_ID)
    VALUES(2986, 'Compass Payment Item Ref Nbr', 'CORP.VW_COMPASS_PAYMENT_ITEM.ITEM_REF_NBR', 'UPPER(CORP.VW_COMPASS_PAYMENT_ITEM.ITEM_REF_NBR)', 'VARCHAR', 'VARCHAR', 3);
INSERT INTO FOLIO_CONF.FIELD(FIELD_ID, FIELD_LABEL, DISPLAY_EXPRESSION, SORT_EXPRESSION, DISPLAY_SQL_TYPE, SORT_SQL_TYPE, FIELD_CATEGORY_ID)
    VALUES(2987, 'Compass Payment Device Id', 'CORP.VW_COMPASS_PAYMENT_ITEM.DEVICE_ID', 'CORP.VW_COMPASS_PAYMENT_ITEM.DEVICE_ID', 'NUMERIC', 'NUMERIC', 3);
INSERT INTO FOLIO_CONF.FIELD(FIELD_ID, FIELD_LABEL, DISPLAY_EXPRESSION, SORT_EXPRESSION, DISPLAY_SQL_TYPE, SORT_SQL_TYPE, FIELD_CATEGORY_ID)
    VALUES(2988, 'Compass Payment Item Type', 'CORP.VW_COMPASS_PAYMENT_ITEM.ITEM_TYPE', 'UPPER(CORP.VW_COMPASS_PAYMENT_ITEM.ITEM_TYPE)', 'CHAR', 'CHAR', 3);
INSERT INTO FOLIO_CONF.FIELD(FIELD_ID, FIELD_LABEL, DISPLAY_EXPRESSION, SORT_EXPRESSION, DISPLAY_SQL_TYPE, SORT_SQL_TYPE, FIELD_CATEGORY_ID)
    VALUES(2989, 'Compass Payment Orig Ref Nbr', 'CORP.VW_COMPASS_PAYMENT_ITEM.ORIG_REF_NBR', 'CORP.VW_COMPASS_PAYMENT_ITEM.ORIG_REF_NBR', 'NUMERIC', 'NUMERIC', 3);
INSERT INTO FOLIO_CONF.FIELD(FIELD_ID, FIELD_LABEL, DISPLAY_EXPRESSION, SORT_EXPRESSION, DISPLAY_SQL_TYPE, SORT_SQL_TYPE, FIELD_CATEGORY_ID)
    VALUES(2990, 'Compass Payment Tran Id', 'CORP.VW_COMPASS_PAYMENT_ITEM.TRAN_ID', 'CORP.VW_COMPASS_PAYMENT_ITEM.TRAN_ID', 'NUMERIC', 'NUMERIC', 3);
INSERT INTO FOLIO_CONF.FIELD(FIELD_ID, FIELD_LABEL, DISPLAY_EXPRESSION, SORT_EXPRESSION, DISPLAY_SQL_TYPE, SORT_SQL_TYPE, FIELD_CATEGORY_ID)
    VALUES(2991, 'Compass Payment Item Date', 'CORP.VW_COMPASS_PAYMENT_ITEM.ITEM_DATE', 'CORP.VW_COMPASS_PAYMENT_ITEM.ITEM_DATE', 'TIMESTAMP(0)', 'TIMESTAMP(0)', 3);
INSERT INTO FOLIO_CONF.FIELD(FIELD_ID, FIELD_LABEL, DISPLAY_EXPRESSION, SORT_EXPRESSION, DISPLAY_SQL_TYPE, SORT_SQL_TYPE, FIELD_CATEGORY_ID)
    VALUES(2992, 'Compass Payment Terminal Id', 'CORP.VW_COMPASS_PAYMENT_ITEM.TERMINAL_ID', 'CORP.VW_COMPASS_PAYMENT_ITEM.TERMINAL_ID', 'NUMERIC', 'NUMERIC', 3);
INSERT INTO FOLIO_CONF.FIELD(FIELD_ID, FIELD_LABEL, DISPLAY_EXPRESSION, SORT_EXPRESSION, DISPLAY_SQL_TYPE, SORT_SQL_TYPE, FIELD_CATEGORY_ID)
    VALUES(2993, 'Compass Payment Amount', 'CORP.VW_COMPASS_PAYMENT_ITEM.AMOUNT', 'CORP.VW_COMPASS_PAYMENT_ITEM.AMOUNT', 'NUMERIC', 'NUMERIC', 3);
INSERT INTO FOLIO_CONF.FIELD(FIELD_ID, FIELD_LABEL, DISPLAY_EXPRESSION, SORT_EXPRESSION, DISPLAY_SQL_TYPE, SORT_SQL_TYPE, FIELD_CATEGORY_ID)
    VALUES(2994, 'Compass Payment Item Quantity', 'CORP.VW_COMPASS_PAYMENT_ITEM.ITEM_QUANTITY', 'CORP.VW_COMPASS_PAYMENT_ITEM.ITEM_QUANTITY', 'NUMERIC', 'NUMERIC', 3);
INSERT INTO FOLIO_CONF.FIELD(FIELD_ID, FIELD_LABEL, DISPLAY_EXPRESSION, SORT_EXPRESSION, DISPLAY_SQL_TYPE, SORT_SQL_TYPE, FIELD_CATEGORY_ID)
    VALUES(2995, 'Compass Payment Fee Percent', 'CORP.VW_COMPASS_PAYMENT_ITEM.FEE_PERCENT', 'CORP.VW_COMPASS_PAYMENT_ITEM.FEE_PERCENT', 'NUMERIC', 'NUMERIC', 3);
INSERT INTO FOLIO_CONF.FIELD(FIELD_ID, FIELD_LABEL, DISPLAY_EXPRESSION, SORT_EXPRESSION, DISPLAY_SQL_TYPE, SORT_SQL_TYPE, FIELD_CATEGORY_ID)
    VALUES(2996, 'Compass Payment Fee Fixed', 'CORP.VW_COMPASS_PAYMENT_ITEM.FEE_FIXED', 'CORP.VW_COMPASS_PAYMENT_ITEM.FEE_FIXED', 'NUMERIC', 'NUMERIC', 3);
INSERT INTO FOLIO_CONF.FIELD(FIELD_ID, FIELD_LABEL, DISPLAY_EXPRESSION, SORT_EXPRESSION, DISPLAY_SQL_TYPE, SORT_SQL_TYPE, FIELD_CATEGORY_ID)
    VALUES(2997, 'Compass Payment Card Number', 'CORP.VW_COMPASS_PAYMENT_ITEM.CARD_NUMBER', 'UPPER(CORP.VW_COMPASS_PAYMENT_ITEM.CARD_NUMBER)', 'VARCHAR', 'VARCHAR', 3);
INSERT INTO FOLIO_CONF.FIELD(FIELD_ID, FIELD_LABEL, DISPLAY_EXPRESSION, SORT_EXPRESSION, DISPLAY_SQL_TYPE, SORT_SQL_TYPE, FIELD_CATEGORY_ID)
    VALUES(2998, 'Compass Payment Items Purchased', 'CORP.VW_COMPASS_PAYMENT_ITEM.ITEMS_PURCHASED', 'UPPER(CORP.VW_COMPASS_PAYMENT_ITEM.ITEMS_PURCHASED)', 'VARCHAR', 'VARCHAR', 3);
INSERT INTO FOLIO_CONF.FIELD(FIELD_ID, FIELD_LABEL, DISPLAY_EXPRESSION, SORT_EXPRESSION, DISPLAY_SQL_TYPE, SORT_SQL_TYPE, FIELD_CATEGORY_ID)
    VALUES(2999, 'Compass Payment Entry Payable', 'CORP.VW_COMPASS_PAYMENT_ITEM.ENTRY_PAYABLE', 'UPPER(CORP.VW_COMPASS_PAYMENT_ITEM.ENTRY_PAYABLE)', 'VARCHAR', 'VARCHAR', 3);
INSERT INTO FOLIO_CONF.FIELD(FIELD_ID, FIELD_LABEL, DISPLAY_EXPRESSION, SORT_EXPRESSION, DISPLAY_SQL_TYPE, SORT_SQL_TYPE, FIELD_CATEGORY_ID)
    VALUES(3000, 'Compass Payment Approval Code', 'CORP.VW_COMPASS_PAYMENT_ITEM.APPROVAL_CODE', 'UPPER(CORP.VW_COMPASS_PAYMENT_ITEM.APPROVAL_CODE)', 'VARCHAR', 'VARCHAR', 3);
INSERT INTO FOLIO_CONF.FIELD(FIELD_ID, FIELD_LABEL, DISPLAY_EXPRESSION, SORT_EXPRESSION, DISPLAY_SQL_TYPE, SORT_SQL_TYPE, FIELD_CATEGORY_ID)
    VALUES(3001, 'Compass Payment Description', 'CORP.VW_COMPASS_PAYMENT_ITEM.DESCRIPTION', 'UPPER(CORP.VW_COMPASS_PAYMENT_ITEM.DESCRIPTION)', 'VARCHAR', 'VARCHAR', 3);
INSERT INTO FOLIO_CONF.FIELD(FIELD_ID, FIELD_LABEL, DISPLAY_EXPRESSION, SORT_EXPRESSION, DISPLAY_SQL_TYPE, SORT_SQL_TYPE, FIELD_CATEGORY_ID)
    VALUES(3002, 'Compass Payment Consumer Acct Id', 'CORP.VW_COMPASS_PAYMENT_ITEM.CONSUMER_ACCT_ID', 'CORP.VW_COMPASS_PAYMENT_ITEM.CONSUMER_ACCT_ID', 'NUMERIC', 'NUMERIC', 3);

INSERT INTO FOLIO_CONF.FIELD_CATEGORY(FIELD_CATEGORY_ID, FIELD_CATEGORY_LABEL, PARENT_FIELD_CATEGORY_ID)
    VALUES(4, 'Compass Daily Item', 1);

INSERT INTO FOLIO_CONF.FIELD(FIELD_ID, FIELD_LABEL, DISPLAY_EXPRESSION, SORT_EXPRESSION, DISPLAY_SQL_TYPE, SORT_SQL_TYPE, FIELD_CATEGORY_ID)
    VALUES(3012, 'Compass Amount', 'CORP.VW_COMPASS_DAILY_ITEM.AMOUNT', 'CORP.VW_COMPASS_DAILY_ITEM.AMOUNT', 'NUMERIC', 'NUMERIC', 4);
INSERT INTO FOLIO_CONF.FIELD(FIELD_ID, FIELD_LABEL, DISPLAY_EXPRESSION, SORT_EXPRESSION, DISPLAY_SQL_TYPE, SORT_SQL_TYPE, FIELD_CATEGORY_ID)
    VALUES(3019, 'Compass Approval Code', 'CORP.VW_COMPASS_DAILY_ITEM.APPROVAL_CODE', 'UPPER(CORP.VW_COMPASS_DAILY_ITEM.APPROVAL_CODE)', 'VARCHAR', 'VARCHAR', 4);
INSERT INTO FOLIO_CONF.FIELD(FIELD_ID, FIELD_LABEL, DISPLAY_EXPRESSION, SORT_EXPRESSION, DISPLAY_SQL_TYPE, SORT_SQL_TYPE, FIELD_CATEGORY_ID)
    VALUES(3016, 'Compass Card Number', 'CORP.VW_COMPASS_DAILY_ITEM.CARD_NUMBER', 'UPPER(CORP.VW_COMPASS_DAILY_ITEM.CARD_NUMBER)', 'VARCHAR', 'VARCHAR', 4);
INSERT INTO FOLIO_CONF.FIELD(FIELD_ID, FIELD_LABEL, DISPLAY_EXPRESSION, SORT_EXPRESSION, DISPLAY_SQL_TYPE, SORT_SQL_TYPE, FIELD_CATEGORY_ID)
    VALUES(3021, 'Compass Consumer Acct Id', 'CORP.VW_COMPASS_DAILY_ITEM.CONSUMER_ACCT_ID', 'CORP.VW_COMPASS_DAILY_ITEM.CONSUMER_ACCT_ID', 'NUMERIC', 'NUMERIC', 4);
INSERT INTO FOLIO_CONF.FIELD(FIELD_ID, FIELD_LABEL, DISPLAY_EXPRESSION, SORT_EXPRESSION, DISPLAY_SQL_TYPE, SORT_SQL_TYPE, FIELD_CATEGORY_ID)
    VALUES(3020, 'Compass Description', 'CORP.VW_COMPASS_DAILY_ITEM.DESCRIPTION', 'UPPER(CORP.VW_COMPASS_DAILY_ITEM.DESCRIPTION)', 'VARCHAR', 'VARCHAR', 4);
INSERT INTO FOLIO_CONF.FIELD(FIELD_ID, FIELD_LABEL, DISPLAY_EXPRESSION, SORT_EXPRESSION, DISPLAY_SQL_TYPE, SORT_SQL_TYPE, FIELD_CATEGORY_ID)
    VALUES(3006, 'Compass Device Id', 'CORP.VW_COMPASS_DAILY_ITEM.DEVICE_ID', 'CORP.VW_COMPASS_DAILY_ITEM.DEVICE_ID', 'NUMERIC', 'NUMERIC', 4);
INSERT INTO FOLIO_CONF.FIELD(FIELD_ID, FIELD_LABEL, DISPLAY_EXPRESSION, SORT_EXPRESSION, DISPLAY_SQL_TYPE, SORT_SQL_TYPE, FIELD_CATEGORY_ID)
    VALUES(3022, 'Compass Export Batch Id', 'CORP.VW_COMPASS_DAILY_ITEM.EXPORT_BATCH_ID', 'CORP.VW_COMPASS_DAILY_ITEM.EXPORT_BATCH_ID', 'NUMERIC', 'NUMERIC', 4);
INSERT INTO FOLIO_CONF.FIELD(FIELD_ID, FIELD_LABEL, DISPLAY_EXPRESSION, SORT_EXPRESSION, DISPLAY_SQL_TYPE, SORT_SQL_TYPE, FIELD_CATEGORY_ID)
    VALUES(3015, 'Compass Fee Fixed', 'CORP.VW_COMPASS_DAILY_ITEM.FEE_FIXED', 'CORP.VW_COMPASS_DAILY_ITEM.FEE_FIXED', 'NUMERIC', 'NUMERIC', 4);
INSERT INTO FOLIO_CONF.FIELD(FIELD_ID, FIELD_LABEL, DISPLAY_EXPRESSION, SORT_EXPRESSION, DISPLAY_SQL_TYPE, SORT_SQL_TYPE, FIELD_CATEGORY_ID)
    VALUES(3014, 'Compass Fee Percent', 'CORP.VW_COMPASS_DAILY_ITEM.FEE_PERCENT', 'UPPER(CORP.VW_COMPASS_DAILY_ITEM.FEE_PERCENT)', 'VARCHAR', 'VARCHAR', 4);
INSERT INTO FOLIO_CONF.FIELD(FIELD_ID, FIELD_LABEL, DISPLAY_EXPRESSION, SORT_EXPRESSION, DISPLAY_SQL_TYPE, SORT_SQL_TYPE, FIELD_CATEGORY_ID)
    VALUES(3017, 'Compass Items Purchased', 'CORP.VW_COMPASS_DAILY_ITEM.ITEMS_PURCHASED', 'UPPER(CORP.VW_COMPASS_DAILY_ITEM.ITEMS_PURCHASED)', 'VARCHAR', 'VARCHAR', 4);
INSERT INTO FOLIO_CONF.FIELD(FIELD_ID, FIELD_LABEL, DISPLAY_EXPRESSION, SORT_EXPRESSION, DISPLAY_SQL_TYPE, SORT_SQL_TYPE, FIELD_CATEGORY_ID)
    VALUES(3010, 'Compass Item Date', 'CORP.VW_COMPASS_DAILY_ITEM.ITEM_DATE', 'CORP.VW_COMPASS_DAILY_ITEM.ITEM_DATE', 'TIMESTAMP(0)', 'TIMESTAMP(0)', 4);
INSERT INTO FOLIO_CONF.FIELD(FIELD_ID, FIELD_LABEL, DISPLAY_EXPRESSION, SORT_EXPRESSION, DISPLAY_SQL_TYPE, SORT_SQL_TYPE, FIELD_CATEGORY_ID)
    VALUES(3013, 'Compass Item Quantity', 'CORP.VW_COMPASS_DAILY_ITEM.ITEM_QUANTITY', 'CORP.VW_COMPASS_DAILY_ITEM.ITEM_QUANTITY', 'NUMERIC', 'NUMERIC', 4);
INSERT INTO FOLIO_CONF.FIELD(FIELD_ID, FIELD_LABEL, DISPLAY_EXPRESSION, SORT_EXPRESSION, DISPLAY_SQL_TYPE, SORT_SQL_TYPE, FIELD_CATEGORY_ID)
    VALUES(3005, 'Compass Item Ref Nbr', 'CORP.VW_COMPASS_DAILY_ITEM.ITEM_REF_NBR', 'UPPER(CORP.VW_COMPASS_DAILY_ITEM.ITEM_REF_NBR)', 'VARCHAR', 'VARCHAR', 4);
INSERT INTO FOLIO_CONF.FIELD(FIELD_ID, FIELD_LABEL, DISPLAY_EXPRESSION, SORT_EXPRESSION, DISPLAY_SQL_TYPE, SORT_SQL_TYPE, FIELD_CATEGORY_ID)
    VALUES(3007, 'Compass Item Type', 'CORP.VW_COMPASS_DAILY_ITEM.ITEM_TYPE', 'UPPER(CORP.VW_COMPASS_DAILY_ITEM.ITEM_TYPE)', 'VARCHAR', 'VARCHAR', 4);
INSERT INTO FOLIO_CONF.FIELD(FIELD_ID, FIELD_LABEL, DISPLAY_EXPRESSION, SORT_EXPRESSION, DISPLAY_SQL_TYPE, SORT_SQL_TYPE, FIELD_CATEGORY_ID)
    VALUES(3008, 'Compass Orig Ref Nbr', 'CORP.VW_COMPASS_DAILY_ITEM.ORIG_REF_NBR', 'CORP.VW_COMPASS_DAILY_ITEM.ORIG_REF_NBR', 'NUMERIC', 'NUMERIC', 4);
INSERT INTO FOLIO_CONF.FIELD(FIELD_ID, FIELD_LABEL, DISPLAY_EXPRESSION, SORT_EXPRESSION, DISPLAY_SQL_TYPE, SORT_SQL_TYPE, FIELD_CATEGORY_ID)
    VALUES(3018, 'Compass Settle State', 'CORP.VW_COMPASS_DAILY_ITEM.SETTLE_STATE', 'UPPER(CORP.VW_COMPASS_DAILY_ITEM.SETTLE_STATE)', 'VARCHAR', 'VARCHAR', 4);
INSERT INTO FOLIO_CONF.FIELD(FIELD_ID, FIELD_LABEL, DISPLAY_EXPRESSION, SORT_EXPRESSION, DISPLAY_SQL_TYPE, SORT_SQL_TYPE, FIELD_CATEGORY_ID)
    VALUES(3011, 'Compass Terminal Id', 'CORP.VW_COMPASS_DAILY_ITEM.TERMINAL_ID', 'CORP.VW_COMPASS_DAILY_ITEM.TERMINAL_ID', 'NUMERIC', 'NUMERIC', 4);
INSERT INTO FOLIO_CONF.FIELD(FIELD_ID, FIELD_LABEL, DISPLAY_EXPRESSION, SORT_EXPRESSION, DISPLAY_SQL_TYPE, SORT_SQL_TYPE, FIELD_CATEGORY_ID)
    VALUES(3009, 'Compass Tran Id', 'CORP.VW_COMPASS_DAILY_ITEM.TRAN_ID', 'CORP.VW_COMPASS_DAILY_ITEM.TRAN_ID', 'NUMERIC', 'NUMERIC', 4);
INSERT INTO FOLIO_CONF.FIELD(FIELD_ID, FIELD_LABEL, DISPLAY_EXPRESSION, SORT_EXPRESSION, DISPLAY_SQL_TYPE, SORT_SQL_TYPE, FIELD_CATEGORY_ID)
    VALUES(3023, 'Compass Customer Bank Id', 'CORP.VW_COMPASS_DAILY_ITEM.CUSTOMER_BANK_ID', 'CORP.VW_COMPASS_DAILY_ITEM.CUSTOMER_BANK_ID', 'NUMERIC', 'NUMERIC', 4);    
COMMIT;

INSERT INTO FOLIO_CONF.JOIN_FILTER(JOIN_FILTER_ID, FROM_TABLE, TO_TABLE, JOIN_EXPRESSION, JOIN_TYPE, JOIN_CARDINALITY)
SELECT ROWNUM + 2239, REPLACE(FROM_TABLE, 'CORP.VW_PAYMENT_ITEM', 'CORP.VW_COMPASS_PAYMENT_ITEM'), 
       REPLACE(TO_TABLE, 'CORP.VW_PAYMENT_ITEM', 'CORP.VW_COMPASS_PAYMENT_ITEM'), 
       REPLACE(JOIN_EXPRESSION, 'CORP.VW_PAYMENT_ITEM', 'CORP.VW_COMPASS_PAYMENT_ITEM'),
       CASE WHEN TO_TABLE IN('REPORT.VW_USER_TERMINAL', 'REPORT.TERMINAL') THEN 'LEFT' ELSE JOIN_TYPE END, JOIN_CARDINALITY
  FROM FOLIO_CONF.JOIN_FILTER WHERE 'CORP.VW_PAYMENT_ITEM' in(TO_TABLE, FROM_TABLE)
  ORDER BY JOIN_FILTER_ID;

INSERT INTO FOLIO_CONF.JOIN_FILTER(JOIN_FILTER_ID, FROM_TABLE, TO_TABLE, JOIN_EXPRESSION, JOIN_TYPE, JOIN_CARDINALITY)
    VALUES(2248, 'CORP.VW_COMPASS_PAYMENT_ITEM' , 'PSS.CONSUMER_ACCT_BASE', 'CORP.VW_COMPASS_PAYMENT_ITEM.CONSUMER_ACCT_ID = PSS.CONSUMER_ACCT_BASE.CONSUMER_ACCT_ID', 'LEFT', '>');
    
INSERT INTO FOLIO_CONF.FIELD_PRIV(FIELD_ID, USER_GROUP_ID, FILTER_GROUP_ID)
    SELECT F.FIELD_ID, P.USER_GROUP_ID, P.FILTER_GROUP_ID
      FROM FOLIO_CONF.FIELD F
      CROSS JOIN (SELECT 0 USER_GROUP_ID, 0 FILTER_GROUP_ID FROM DUAL WHERE 1=0
      UNION ALL SELECT 1, NULL FROM DUAL
      UNION ALL SELECT 2, NULL FROM DUAL
      UNION ALL SELECT 3, NULL FROM DUAL
      UNION ALL SELECT 4, 100 FROM DUAL
      UNION ALL SELECT 5, 100 FROM DUAL
      UNION ALL SELECT 8, 100 FROM DUAL) P    
     WHERE F.FIELD_ID BETWEEN 2983 AND 3023
       AND NOT EXISTS(SELECT 1 FROM FOLIO_CONF.FIELD_PRIV FP WHERE F.FIELD_ID = FP.FIELD_ID AND P.USER_GROUP_ID = FP.USER_GROUP_ID);

INSERT INTO FOLIO_CONF.JOIN_FILTER(JOIN_FILTER_ID, FROM_TABLE, TO_TABLE, JOIN_EXPRESSION, JOIN_TYPE, JOIN_CARDINALITY)
    VALUES(2249, 'CORP.VW_COMPASS_DAILY_ITEM' , 'REPORT.ACTIVITY_REF', 'CORP.VW_COMPASS_DAILY_ITEM.TRAN_ID = REPORT.ACTIVITY_REF.TRAN_ID', 'INNER', '=');
INSERT INTO FOLIO_CONF.JOIN_FILTER(JOIN_FILTER_ID, FROM_TABLE, TO_TABLE, JOIN_EXPRESSION, JOIN_TYPE, JOIN_CARDINALITY)
    VALUES(2250, 'CORP.VW_COMPASS_DAILY_ITEM' , 'REPORT.TRANS', 'CORP.VW_COMPASS_DAILY_ITEM.TRAN_ID = REPORT.TRANS.TRAN_ID', 'RIGHT', '=');
INSERT INTO FOLIO_CONF.JOIN_FILTER(JOIN_FILTER_ID, FROM_TABLE, TO_TABLE, JOIN_EXPRESSION, JOIN_TYPE, JOIN_CARDINALITY)
    VALUES(2251, 'CORP.VW_COMPASS_DAILY_ITEM' , 'REPORT.TERMINAL', 'CORP.VW_COMPASS_DAILY_ITEM.TERMINAL_ID = REPORT.TERMINAL.TERMINAL_ID', 'INNER', '>');
INSERT INTO FOLIO_CONF.JOIN_FILTER(JOIN_FILTER_ID, FROM_TABLE, TO_TABLE, JOIN_EXPRESSION, JOIN_TYPE, JOIN_CARDINALITY)
    VALUES(2252, 'CORP.VW_COMPASS_DAILY_ITEM' , 'REPORT.EPORT', 'CORP.VW_COMPASS_DAILY_ITEM.DEVICE_ID = REPORT.EPORT.EPORT_ID ', 'INNER', '>');
INSERT INTO FOLIO_CONF.JOIN_FILTER(JOIN_FILTER_ID, FROM_TABLE, TO_TABLE, JOIN_EXPRESSION, JOIN_TYPE, JOIN_CARDINALITY)
    VALUES(2253, 'CORP.VW_COMPASS_DAILY_ITEM' , 'REPORT.VW_USER_TERMINAL', 'CORP.VW_COMPASS_DAILY_ITEM.TERMINAL_ID = REPORT.VW_USER_TERMINAL.TERMINAL_ID', 'INNER', '>');
INSERT INTO FOLIO_CONF.JOIN_FILTER(JOIN_FILTER_ID, FROM_TABLE, TO_TABLE, JOIN_EXPRESSION, JOIN_TYPE, JOIN_CARDINALITY)
    VALUES(2254, 'CORP.VW_COMPASS_DAILY_ITEM' , 'PSS.CONSUMER_ACCT_BASE', 'CORP.VW_COMPASS_DAILY_ITEM.CONSUMER_ACCT_ID = PSS.CONSUMER_ACCT_BASE.CONSUMER_ACCT_ID', 'LEFT', '>');
      
COMMIT;

/*   
SELECT *
  FROM FOLIO_CONF.FIELD_PRIV FP
  JOIN FOLIO_CONF.FIELD F ON FP.FIELD_ID = F.FIELD_ID
WHERE F.DISPLAY_EXPRESSION LIKE '%CORP.VW_PAYMENT_ITEM%';

SELECT *
  FROM FOLIO_CONF.FILTER FI
  LEFT OUTER JOIN FOLIO_CONF.FILTER_PARAM FP ON FI.FILTER_ID = FP.FILTER_ID
  JOIN FOLIO_CONF.VW_FILTER_GROUP_HIERARCHY H ON FI.FILTER_GROUP_ID = H.DESCENDENT_FILTER_GROUP_ID
 --WHERE H.ANCESTOR_FILTER_GROUP_ID NOT IN(SELECT FILTER_GROUP_ID FROM FOLIO_CONF.FOLIO)
 ORDER BY H.ANCESTOR_FILTER_GROUP_ID;
    SELECT *
  FROM FOLIO_CONF.FIELD
  order by field_id;
  
      SELECT *
  FROM FOLIO_CONF.FIELD_CATEGORY
  order by field_CATEGORY_id;
  
  SELECT *
  FROM FOLIO_CONF.FIELD
  where display_expression like 'REPORT.%USER_TERMINAL%';
  
    SELECT *
  FROM FOLIO_CONF.FIELD
  where display_expression like '%CUSTOMER_BANK%';
  
  select *
  from FOLIO_CONF.JOIN_FILTER
   ORDER BY JOIN_FILTER_ID;
   
    select *
  from FOLIO_CONF.FILTER
  ORDER BY filter_id;

SELECT 'INSERT INTO FOLIO_CONF.FIELD(FIELD_ID, FIELD_LABEL, DISPLAY_EXPRESSION, SORT_EXPRESSION, DISPLAY_SQL_TYPE, SORT_SQL_TYPE, FIELD_CATEGORY_ID)' || CHR(13) 
|| '    VALUES('|| (3004 + ROWNUM) || ', ''Compass ' || INITCAP(REPLACE(COLUMN_NAME, '_', ' ')) || ''', ''' || OWNER || '.' || TABLE_NAME || '.' || COLUMN_NAME || ''', '''
|| CASE WHEN DATA_TYPE IN('VARCHAR2', 'VARCHAR', 'CHAR') THEN 'UPPER(' || OWNER || '.' || TABLE_NAME || '.' || COLUMN_NAME || ')' ELSE OWNER || '.' || TABLE_NAME || '.' || COLUMN_NAME END
|| ''', ''' || DECODE(DATA_TYPE, 'VARCHAR2', 'VARCHAR', 'NUMBER', 'NUMERIC', 'DATE', 'TIMESTAMP(0)', DATA_TYPE) ||''', '''
|| DECODE(DATA_TYPE, 'VARCHAR2', 'VARCHAR', 'NUMBER', 'NUMERIC', 'DATE', 'TIMESTAMP(0)', DATA_TYPE) ||''', 4);',
TC.*
  FROM DBA_TAB_COLS TC
 WHERE TABLE_NAME = 'VW_COMPASS_DAILY_ITEM'
   AND OWNER = 'CORP'
   ORDER BY COLUMN_NAME;
 

UPDATE FOLIO_CONF.FOLIO_PILLAR_FIELD FPF
   SET FIELD_ID = DECODE(FPF.FIELD_ID, 142, 2997, 54, 2998, 55, 2994, 25, 3000, 631, 2999, 625, 2995, 712, 2993, 720, 3001, 881, 2996, 1961, 2986, 1963, 2988, 1965, 2989, 1967, 2991, FPF.FIELD_ID)
 WHERE FPF.FOLIO_PILLAR_ID IN(SELECT FP.FOLIO_PILLAR_ID FROM FOLIO_CONF.FOLIO_PILLAR FP WHERE FP.FOLIO_ID = 1552);

UPDATE FOLIO_CONF.FILTER
   SET FIELD_ID = DECODE(FIELD_ID, 142, 2997, 54, 2998, 55, 2994, 25, 3000, 631, 2999, 625, 2995, 712, 2993, 720, 3001, 881, 2996, 1961, 2986, 1963, 2988, 1965, 2989, 1967, 2991, FIELD_ID)
 WHERE FILTER_GROUP_ID IN(SELECT H.DESCENDENT_FILTER_GROUP_ID FROM FOLIO_CONF.VW_FILTER_GROUP_HIERARCHY H JOIN FOLIO_CONF.FOLIO F ON H.ANCESTOR_FILTER_GROUP_ID = F.FILTER_GROUP_ID WHERE F.FOLIO_ID = 1552);

DELETE FROM FOLIO_CONF.FOLIO_PILLAR_FIELD FPF
 WHERE FPF.FIELD_ID IN(58)
   AND FPF.FOLIO_PILLAR_ID IN(SELECT FP.FOLIO_PILLAR_ID FROM FOLIO_CONF.FOLIO_PILLAR FP WHERE FP.FOLIO_ID = 1552);

------------------
SELECT *
  FROM FOLIO_CONF.FOLIO_PILLAR_FIELD FPF
  JOIN FOLIO_CONF.FIELD F ON FPF.FIELD_ID = F.FIELD_ID
 WHERE FPF.FOLIO_PILLAR_ID IN(SELECT FP.FOLIO_PILLAR_ID FROM FOLIO_CONF.FOLIO_PILLAR FP WHERE FP.FOLIO_ID = 1554);

SELECT *
  FROM FOLIO_CONF.FILTER FI
  JOIN FOLIO_CONF.FIELD F ON FI.FIELD_ID = F.FIELD_ID
 WHERE FILTER_GROUP_ID IN(SELECT H.DESCENDENT_FILTER_GROUP_ID FROM FOLIO_CONF.VW_FILTER_GROUP_HIERARCHY H JOIN FOLIO_CONF.FOLIO F ON H.ANCESTOR_FILTER_GROUP_ID = F.FILTER_GROUP_ID WHERE F.FOLIO_ID = 1554);
    
UPDATE FOLIO_CONF.FOLIO_PILLAR_FIELD FPF
   SET FIELD_ID = DECODE(FPF.FIELD_ID, 56, 3005, 561, 3023, 9223, 3007, 1981, 3008, 440, 3010, 142, 3016, 54, 3017, 51, 3012, 55, 3013, 103, 3018, 25, 3019, 58, 3020, 53, 3022, FPF.FIELD_ID)
 WHERE FPF.FOLIO_PILLAR_ID IN(SELECT FP.FOLIO_PILLAR_ID FROM FOLIO_CONF.FOLIO_PILLAR FP WHERE FP.FOLIO_ID = 1554);

UPDATE FOLIO_CONF.FILTER
   SET FIELD_ID = DECODE(FIELD_ID, 56, 3005, 561, 3023, 9223, 3007, 1981, 3008, 440, 3010, 142, 3016, 54, 3017, 51, 3012, 55, 3013, 103, 3018, 25, 3019, 58, 3020, 53, 3022, FIELD_ID)
 WHERE FILTER_GROUP_ID IN(SELECT H.DESCENDENT_FILTER_GROUP_ID FROM FOLIO_CONF.VW_FILTER_GROUP_HIERARCHY H JOIN FOLIO_CONF.FOLIO F ON H.ANCESTOR_FILTER_GROUP_ID = F.FILTER_GROUP_ID WHERE F.FOLIO_ID = 1554);
    
  
--*/  

    