WHENEVER SQLERROR EXIT FAILURE COMMIT;

-- Resource: http://cvs.usatech.com/viewcvs/viewcvs.cgi/NetworkServices/DatabaseScripts/REPTP/CORP/VW_COMPASS_PAYMENT_ITEM.vws?rev=HEAD
CREATE OR REPLACE VIEW CORP.VW_COMPASS_PAYMENT_ITEM
(
    DOC_ID
  , BATCH_ID
  , LEDGER_ID
  , ITEM_REF_NBR
  , DEVICE_ID
  , ITEM_TYPE
  , ORIG_REF_NBR
  , TRAN_ID
  , ITEM_DATE
  , TERMINAL_ID
  , AMOUNT
  , ITEM_QUANTITY
  , FEE_PERCENT
  , FEE_FIXED
  , CARD_NUMBER
  , ITEMS_PURCHASED
  , ENTRY_PAYABLE
  , APPROVAL_CODE
  , DESCRIPTION
  , CONSUMER_ACCT_ID
)
AS
SELECT /*+USE_NL(P)*/ B.DOC_ID, B.BATCH_ID, l.LEDGER_ID, 
       CASE 
           WHEN L.ENTRY_TYPE IN('PF', 'SB') THEN 'PF' || TO_CHAR(B.BATCH_ID) 
           WHEN L.ENTRY_TYPE IN('SF','AD') THEN L.ENTRY_TYPE||TO_CHAR(L.LEDGER_ID)
           WHEN L.ENTRY_TYPE IN('NR') THEN L.ENTRY_TYPE||TO_CHAR(B.DOC_ID)
           ELSE P.PREFIX || TO_CHAR(A.REF_NBR) 
       END,
       CASE 
           WHEN L.ENTRY_TYPE IN('NR') THEN NULL
           ELSE NVL(A.EPORT_ID, REPORT.GET_DEVICE_ID_FOR_TERMINAL(B.TERMINAL_ID, l.ENTRY_DATE)) 
       END,
       CASE 
           WHEN L.ENTRY_TYPE IN('PF') THEN 'PROCESS_FEE'
           WHEN L.ENTRY_TYPE IN('SB') THEN 'PROCESS_FEE'
           WHEN L.ENTRY_TYPE IN('SF') THEN 'SERVICE_FEE'
           WHEN L.ENTRY_TYPE IN('AD') THEN 'ADJUSTMENT'
           WHEN L.ENTRY_TYPE IN('CB') THEN 'CHARGEBACK'
           WHEN L.ENTRY_TYPE IN('RF') THEN 'REFUND'
           WHEN L.ENTRY_TYPE IN('NR') THEN 'REVENUE_SHARE'
           WHEN L.ENTRY_TYPE NOT IN('CC') THEN 'OTHER'
           WHEN P.PREFIX IN('FR') THEN 'FEE_REVENUE'
           ELSE UPPER(TT.TRANS_TYPE_NAME)
       END,
       CASE 
           WHEN L.ENTRY_TYPE IN('CB', 'RF') THEN O.REF_NBR 
           WHEN L.ENTRY_TYPE IN('AD') THEN A.REF_NBR
       END,
       CASE 
           WHEN L.ENTRY_TYPE IN('CC', 'CB', 'RF') THEN L.TRANS_ID
       END,
       CASE 
           WHEN L.ENTRY_TYPE IN('PF', 'SF', 'SB', 'NR') THEN L.PAID_DATE 
           ELSE L.ENTRY_DATE
       END,
	   B.TERMINAL_ID,
       NVL(P.AMOUNT, L.AMOUNT),
       P.QUANTITY,
       CASE 
           WHEN L.ENTRY_TYPE = 'PF' THEN PF.FEE_PERCENT
           WHEN L.ENTRY_TYPE = 'SF' THEN SF.FEE_PERCENT 
       END,
       CASE 
           WHEN L.ENTRY_TYPE = 'PF' THEN PF.FEE_AMOUNT
           WHEN L.ENTRY_TYPE = 'SF' THEN SF.FEE_AMOUNT 
           WHEN L.ENTRY_TYPE = 'CC' AND P.PREFIX IS NOT NULL THEN P.PRICE
       END,
       CASE WHEN L.ENTRY_TYPE IN('CC', 'CB', 'RF') THEN NVL(A.CARD_NUMBER, O.CARD_NUMBER) END,
       CASE WHEN L.ENTRY_TYPE IN('CC', 'CB', 'RF') THEN A.VEND_COLUMN END,
       CORP.PAYMENTS_PKG.ENTRY_PAYABLE(L.SETTLE_STATE_ID, L.ENTRY_TYPE),
       CASE WHEN L.ENTRY_TYPE IN('CC', 'CB', 'RF') THEN A.CC_APPR_CODE END,
       NVL(L.DESCRIPTION, CASE WHEN A.DESCRIPTION NOT LIKE CHR(28) || '%' AND L.ENTRY_TYPE IN('CC', 'CB', 'RF') THEN A.DESCRIPTION END),
       CASE WHEN L.ENTRY_TYPE IN('CC', 'CB', 'RF') THEN NVL(A.CONSUMER_ACCT_ID, O.CONSUMER_ACCT_ID) END
  FROM CORP.LEDGER L
  JOIN CORP.BATCH B ON L.BATCH_ID = B.BATCH_ID
  LEFT OUTER JOIN CORP.SERVICE_FEES SF ON L.SERVICE_FEE_ID = SF.SERVICE_FEE_ID
  LEFT OUTER JOIN CORP.PROCESS_FEES PF ON L.PROCESS_FEE_ID = PF.PROCESS_FEE_ID
  LEFT OUTER JOIN REPORT.ACTIVITY_REF A ON L.TRANS_ID = A.TRAN_ID 
  LEFT OUTER JOIN REPORT.ACTIVITY_REF O ON A.ORIG_TRAN_ID = O.TRAN_ID
  LEFT OUTER JOIN (
    SELECT TRAN_ID,
           CASE WHEN TRAN_LINE_ITEM_TYPE_ID = 203 OR (TRAN_LINE_ITEM_TYPE_ID IS NULL AND VEND_COLUMN IN ('Two-Tier Pricing', 'Convenience Fee')) THEN 'FR' ELSE '' END PREFIX,
           SUM(AMOUNT * NVL(PRICE, 0)) AMOUNT,
           SUM(AMOUNT) QUANTITY,
           MAX(PRICE) PRICE
      FROM REPORT.PURCHASE 
     GROUP BY TRAN_ID, CASE WHEN TRAN_LINE_ITEM_TYPE_ID = 203 OR (TRAN_LINE_ITEM_TYPE_ID IS NULL AND VEND_COLUMN IN ('Two-Tier Pricing', 'Convenience Fee')) THEN 'FR' ELSE '' END) P 
     ON L.TRANS_ID = P.TRAN_ID AND L.ENTRY_TYPE = 'CC'
  LEFT OUTER JOIN REPORT.TRANS_TYPE TT ON A.TRANS_TYPE_ID = TT.TRANS_TYPE_ID
 WHERE L.DELETED = 'N';
/
-- Resource: http://cvs.usatech.com/viewcvs/viewcvs.cgi/NetworkServices/DatabaseScripts/REPTP/CORP/VW_COMPASS_DAILY_ITEM.vws?rev=HEAD
CREATE OR REPLACE VIEW CORP.VW_COMPASS_DAILY_ITEM
(
    ITEM_REF_NBR
  , DEVICE_ID
  , ITEM_TYPE
  , ORIG_REF_NBR
  , TRAN_ID
  , ITEM_DATE
  , TERMINAL_ID
  , AMOUNT
  , ITEM_QUANTITY
  , FEE_PERCENT
  , FEE_FIXED
  , CARD_NUMBER
  , ITEMS_PURCHASED
  , SETTLE_STATE
  , APPROVAL_CODE
  , DESCRIPTION
  , CONSUMER_ACCT_ID
  , EXPORT_BATCH_ID
  , CUSTOMER_BANK_ID
)
AS
SELECT /*+USE_NL(P)*/ P.PREFIX || TO_CHAR(A.REF_NBR),
       A.EPORT_ID,
       CASE 
           WHEN P.PREFIX IN('FR') THEN 'FEE_REVENUE'
           ELSE UPPER(TT.TRANS_TYPE_NAME)
       END,
       O.REF_NBR,
       A.TRAN_ID,
       A.TRAN_DATE,
	   A.TERMINAL_ID,
       NVL(P.AMOUNT, A.TOTAL_AMOUNT),
       NVL(P.QUANTITY, A.QUANTITY),
       NULL,
       CASE 
           WHEN P.PREFIX IS NOT NULL THEN P.PRICE
       END,
       NVL(A.CARD_NUMBER, O.CARD_NUMBER) END,
       A.VEND_COLUMN,
       A.SETTLE_STATE,
       A.CC_APPR_CODE,
       CASE WHEN A.DESCRIPTION NOT LIKE CHR(28) || '%' THEN A.DESCRIPTION END,
       NVL(A.CONSUMER_ACCT_ID, O.CONSUMER_ACCT_ID),
       A.BATCH_ID,
       T.CUSTOMER_BANK_ID
  FROM REPORT.ACTIVITY_REF A 
  JOIN REPORT.TRANS T ON A.TRAN_ID = T.TRAN_ID
  JOIN REPORT.TRANS_TYPE TT ON A.TRANS_TYPE_ID = TT.TRANS_TYPE_ID
  LEFT OUTER JOIN REPORT.ACTIVITY_REF O ON A.ORIG_TRAN_ID = O.TRAN_ID
  LEFT OUTER JOIN (
    SELECT TRAN_ID,
           CASE WHEN TRAN_LINE_ITEM_TYPE_ID = 203 OR (TRAN_LINE_ITEM_TYPE_ID IS NULL AND VEND_COLUMN IN ('Two-Tier Pricing', 'Convenience Fee')) THEN 'FR' ELSE '' END PREFIX,
           SUM(AMOUNT * NVL(PRICE, 0)) AMOUNT,
           SUM(AMOUNT) QUANTITY,
           MAX(PRICE) PRICE
      FROM REPORT.PURCHASE 
     GROUP BY TRAN_ID, CASE WHEN TRAN_LINE_ITEM_TYPE_ID = 203 OR (TRAN_LINE_ITEM_TYPE_ID IS NULL AND VEND_COLUMN IN ('Two-Tier Pricing', 'Convenience Fee')) THEN 'FR' ELSE '' END) P 
     ON A.TRAN_ID = P.TRAN_ID
;
/
-- Resource: http://cvs.usatech.com/viewcvs/viewcvs.cgi/NetworkServices/DatabaseScripts/releases/REL_Compass_Reports_Two_Tier_Update/CompassReportsUpdate.1.sql?rev=HEAD
GRANT SELECT ON CORP.VW_COMPASS_DAILY_ITEM TO USALIVE_APP_ROLE;
GRANT SELECT ON CORP.VW_COMPASS_PAYMENT_ITEM TO USALIVE_APP_ROLE;

INSERT INTO FOLIO_CONF.FIELD_CATEGORY(FIELD_CATEGORY_ID, FIELD_CATEGORY_LABEL, PARENT_FIELD_CATEGORY_ID)
    VALUES(3, 'Compass Payment Item', 1);
INSERT INTO FOLIO_CONF.FIELD(FIELD_ID, FIELD_LABEL, DISPLAY_EXPRESSION, SORT_EXPRESSION, DISPLAY_SQL_TYPE, SORT_SQL_TYPE, FIELD_CATEGORY_ID)
    VALUES(2983, 'Compass Payment Doc Id', 'CORP.VW_COMPASS_PAYMENT_ITEM.DOC_ID', 'CORP.VW_COMPASS_PAYMENT_ITEM.DOC_ID', 'NUMERIC', 'NUMERIC', 3);
INSERT INTO FOLIO_CONF.FIELD(FIELD_ID, FIELD_LABEL, DISPLAY_EXPRESSION, SORT_EXPRESSION, DISPLAY_SQL_TYPE, SORT_SQL_TYPE, FIELD_CATEGORY_ID)
    VALUES(2984, 'Compass Payment Batch Id', 'CORP.VW_COMPASS_PAYMENT_ITEM.BATCH_ID', 'CORP.VW_COMPASS_PAYMENT_ITEM.BATCH_ID', 'NUMERIC', 'NUMERIC', 3);
INSERT INTO FOLIO_CONF.FIELD(FIELD_ID, FIELD_LABEL, DISPLAY_EXPRESSION, SORT_EXPRESSION, DISPLAY_SQL_TYPE, SORT_SQL_TYPE, FIELD_CATEGORY_ID)
    VALUES(2985, 'Compass Payment Ledger Id', 'CORP.VW_COMPASS_PAYMENT_ITEM.LEDGER_ID', 'CORP.VW_COMPASS_PAYMENT_ITEM.LEDGER_ID', 'NUMERIC', 'NUMERIC', 3);
INSERT INTO FOLIO_CONF.FIELD(FIELD_ID, FIELD_LABEL, DISPLAY_EXPRESSION, SORT_EXPRESSION, DISPLAY_SQL_TYPE, SORT_SQL_TYPE, FIELD_CATEGORY_ID)
    VALUES(2986, 'Compass Payment Item Ref Nbr', 'CORP.VW_COMPASS_PAYMENT_ITEM.ITEM_REF_NBR', 'UPPER(CORP.VW_COMPASS_PAYMENT_ITEM.ITEM_REF_NBR)', 'VARCHAR', 'VARCHAR', 3);
INSERT INTO FOLIO_CONF.FIELD(FIELD_ID, FIELD_LABEL, DISPLAY_EXPRESSION, SORT_EXPRESSION, DISPLAY_SQL_TYPE, SORT_SQL_TYPE, FIELD_CATEGORY_ID)
    VALUES(2987, 'Compass Payment Device Id', 'CORP.VW_COMPASS_PAYMENT_ITEM.DEVICE_ID', 'CORP.VW_COMPASS_PAYMENT_ITEM.DEVICE_ID', 'NUMERIC', 'NUMERIC', 3);
INSERT INTO FOLIO_CONF.FIELD(FIELD_ID, FIELD_LABEL, DISPLAY_EXPRESSION, SORT_EXPRESSION, DISPLAY_SQL_TYPE, SORT_SQL_TYPE, FIELD_CATEGORY_ID)
    VALUES(2988, 'Compass Payment Item Type', 'CORP.VW_COMPASS_PAYMENT_ITEM.ITEM_TYPE', 'UPPER(CORP.VW_COMPASS_PAYMENT_ITEM.ITEM_TYPE)', 'CHAR', 'CHAR', 3);
INSERT INTO FOLIO_CONF.FIELD(FIELD_ID, FIELD_LABEL, DISPLAY_EXPRESSION, SORT_EXPRESSION, DISPLAY_SQL_TYPE, SORT_SQL_TYPE, FIELD_CATEGORY_ID)
    VALUES(2989, 'Compass Payment Orig Ref Nbr', 'CORP.VW_COMPASS_PAYMENT_ITEM.ORIG_REF_NBR', 'CORP.VW_COMPASS_PAYMENT_ITEM.ORIG_REF_NBR', 'NUMERIC', 'NUMERIC', 3);
INSERT INTO FOLIO_CONF.FIELD(FIELD_ID, FIELD_LABEL, DISPLAY_EXPRESSION, SORT_EXPRESSION, DISPLAY_SQL_TYPE, SORT_SQL_TYPE, FIELD_CATEGORY_ID)
    VALUES(2990, 'Compass Payment Tran Id', 'CORP.VW_COMPASS_PAYMENT_ITEM.TRAN_ID', 'CORP.VW_COMPASS_PAYMENT_ITEM.TRAN_ID', 'NUMERIC', 'NUMERIC', 3);
INSERT INTO FOLIO_CONF.FIELD(FIELD_ID, FIELD_LABEL, DISPLAY_EXPRESSION, SORT_EXPRESSION, DISPLAY_SQL_TYPE, SORT_SQL_TYPE, FIELD_CATEGORY_ID)
    VALUES(2991, 'Compass Payment Item Date', 'CORP.VW_COMPASS_PAYMENT_ITEM.ITEM_DATE', 'CORP.VW_COMPASS_PAYMENT_ITEM.ITEM_DATE', 'TIMESTAMP(0)', 'TIMESTAMP(0)', 3);
INSERT INTO FOLIO_CONF.FIELD(FIELD_ID, FIELD_LABEL, DISPLAY_EXPRESSION, SORT_EXPRESSION, DISPLAY_SQL_TYPE, SORT_SQL_TYPE, FIELD_CATEGORY_ID)
    VALUES(2992, 'Compass Payment Terminal Id', 'CORP.VW_COMPASS_PAYMENT_ITEM.TERMINAL_ID', 'CORP.VW_COMPASS_PAYMENT_ITEM.TERMINAL_ID', 'NUMERIC', 'NUMERIC', 3);
INSERT INTO FOLIO_CONF.FIELD(FIELD_ID, FIELD_LABEL, DISPLAY_EXPRESSION, SORT_EXPRESSION, DISPLAY_SQL_TYPE, SORT_SQL_TYPE, FIELD_CATEGORY_ID)
    VALUES(2993, 'Compass Payment Amount', 'CORP.VW_COMPASS_PAYMENT_ITEM.AMOUNT', 'CORP.VW_COMPASS_PAYMENT_ITEM.AMOUNT', 'NUMERIC', 'NUMERIC', 3);
INSERT INTO FOLIO_CONF.FIELD(FIELD_ID, FIELD_LABEL, DISPLAY_EXPRESSION, SORT_EXPRESSION, DISPLAY_SQL_TYPE, SORT_SQL_TYPE, FIELD_CATEGORY_ID)
    VALUES(2994, 'Compass Payment Item Quantity', 'CORP.VW_COMPASS_PAYMENT_ITEM.ITEM_QUANTITY', 'CORP.VW_COMPASS_PAYMENT_ITEM.ITEM_QUANTITY', 'NUMERIC', 'NUMERIC', 3);
INSERT INTO FOLIO_CONF.FIELD(FIELD_ID, FIELD_LABEL, DISPLAY_EXPRESSION, SORT_EXPRESSION, DISPLAY_SQL_TYPE, SORT_SQL_TYPE, FIELD_CATEGORY_ID)
    VALUES(2995, 'Compass Payment Fee Percent', 'CORP.VW_COMPASS_PAYMENT_ITEM.FEE_PERCENT', 'CORP.VW_COMPASS_PAYMENT_ITEM.FEE_PERCENT', 'NUMERIC', 'NUMERIC', 3);
INSERT INTO FOLIO_CONF.FIELD(FIELD_ID, FIELD_LABEL, DISPLAY_EXPRESSION, SORT_EXPRESSION, DISPLAY_SQL_TYPE, SORT_SQL_TYPE, FIELD_CATEGORY_ID)
    VALUES(2996, 'Compass Payment Fee Fixed', 'CORP.VW_COMPASS_PAYMENT_ITEM.FEE_FIXED', 'CORP.VW_COMPASS_PAYMENT_ITEM.FEE_FIXED', 'NUMERIC', 'NUMERIC', 3);
INSERT INTO FOLIO_CONF.FIELD(FIELD_ID, FIELD_LABEL, DISPLAY_EXPRESSION, SORT_EXPRESSION, DISPLAY_SQL_TYPE, SORT_SQL_TYPE, FIELD_CATEGORY_ID)
    VALUES(2997, 'Compass Payment Card Number', 'CORP.VW_COMPASS_PAYMENT_ITEM.CARD_NUMBER', 'UPPER(CORP.VW_COMPASS_PAYMENT_ITEM.CARD_NUMBER)', 'VARCHAR', 'VARCHAR', 3);
INSERT INTO FOLIO_CONF.FIELD(FIELD_ID, FIELD_LABEL, DISPLAY_EXPRESSION, SORT_EXPRESSION, DISPLAY_SQL_TYPE, SORT_SQL_TYPE, FIELD_CATEGORY_ID)
    VALUES(2998, 'Compass Payment Items Purchased', 'CORP.VW_COMPASS_PAYMENT_ITEM.ITEMS_PURCHASED', 'UPPER(CORP.VW_COMPASS_PAYMENT_ITEM.ITEMS_PURCHASED)', 'VARCHAR', 'VARCHAR', 3);
INSERT INTO FOLIO_CONF.FIELD(FIELD_ID, FIELD_LABEL, DISPLAY_EXPRESSION, SORT_EXPRESSION, DISPLAY_SQL_TYPE, SORT_SQL_TYPE, FIELD_CATEGORY_ID)
    VALUES(2999, 'Compass Payment Entry Payable', 'CORP.VW_COMPASS_PAYMENT_ITEM.ENTRY_PAYABLE', 'UPPER(CORP.VW_COMPASS_PAYMENT_ITEM.ENTRY_PAYABLE)', 'VARCHAR', 'VARCHAR', 3);
INSERT INTO FOLIO_CONF.FIELD(FIELD_ID, FIELD_LABEL, DISPLAY_EXPRESSION, SORT_EXPRESSION, DISPLAY_SQL_TYPE, SORT_SQL_TYPE, FIELD_CATEGORY_ID)
    VALUES(3000, 'Compass Payment Approval Code', 'CORP.VW_COMPASS_PAYMENT_ITEM.APPROVAL_CODE', 'UPPER(CORP.VW_COMPASS_PAYMENT_ITEM.APPROVAL_CODE)', 'VARCHAR', 'VARCHAR', 3);
INSERT INTO FOLIO_CONF.FIELD(FIELD_ID, FIELD_LABEL, DISPLAY_EXPRESSION, SORT_EXPRESSION, DISPLAY_SQL_TYPE, SORT_SQL_TYPE, FIELD_CATEGORY_ID)
    VALUES(3001, 'Compass Payment Description', 'CORP.VW_COMPASS_PAYMENT_ITEM.DESCRIPTION', 'UPPER(CORP.VW_COMPASS_PAYMENT_ITEM.DESCRIPTION)', 'VARCHAR', 'VARCHAR', 3);
INSERT INTO FOLIO_CONF.FIELD(FIELD_ID, FIELD_LABEL, DISPLAY_EXPRESSION, SORT_EXPRESSION, DISPLAY_SQL_TYPE, SORT_SQL_TYPE, FIELD_CATEGORY_ID)
    VALUES(3002, 'Compass Payment Consumer Acct Id', 'CORP.VW_COMPASS_PAYMENT_ITEM.CONSUMER_ACCT_ID', 'CORP.VW_COMPASS_PAYMENT_ITEM.CONSUMER_ACCT_ID', 'NUMERIC', 'NUMERIC', 3);

INSERT INTO FOLIO_CONF.FIELD_CATEGORY(FIELD_CATEGORY_ID, FIELD_CATEGORY_LABEL, PARENT_FIELD_CATEGORY_ID)
    VALUES(4, 'Compass Daily Item', 1);

INSERT INTO FOLIO_CONF.FIELD(FIELD_ID, FIELD_LABEL, DISPLAY_EXPRESSION, SORT_EXPRESSION, DISPLAY_SQL_TYPE, SORT_SQL_TYPE, FIELD_CATEGORY_ID)
    VALUES(3012, 'Compass Amount', 'CORP.VW_COMPASS_DAILY_ITEM.AMOUNT', 'CORP.VW_COMPASS_DAILY_ITEM.AMOUNT', 'NUMERIC', 'NUMERIC', 4);
INSERT INTO FOLIO_CONF.FIELD(FIELD_ID, FIELD_LABEL, DISPLAY_EXPRESSION, SORT_EXPRESSION, DISPLAY_SQL_TYPE, SORT_SQL_TYPE, FIELD_CATEGORY_ID)
    VALUES(3019, 'Compass Approval Code', 'CORP.VW_COMPASS_DAILY_ITEM.APPROVAL_CODE', 'UPPER(CORP.VW_COMPASS_DAILY_ITEM.APPROVAL_CODE)', 'VARCHAR', 'VARCHAR', 4);
INSERT INTO FOLIO_CONF.FIELD(FIELD_ID, FIELD_LABEL, DISPLAY_EXPRESSION, SORT_EXPRESSION, DISPLAY_SQL_TYPE, SORT_SQL_TYPE, FIELD_CATEGORY_ID)
    VALUES(3016, 'Compass Card Number', 'CORP.VW_COMPASS_DAILY_ITEM.CARD_NUMBER', 'UPPER(CORP.VW_COMPASS_DAILY_ITEM.CARD_NUMBER)', 'VARCHAR', 'VARCHAR', 4);
INSERT INTO FOLIO_CONF.FIELD(FIELD_ID, FIELD_LABEL, DISPLAY_EXPRESSION, SORT_EXPRESSION, DISPLAY_SQL_TYPE, SORT_SQL_TYPE, FIELD_CATEGORY_ID)
    VALUES(3021, 'Compass Consumer Acct Id', 'CORP.VW_COMPASS_DAILY_ITEM.CONSUMER_ACCT_ID', 'CORP.VW_COMPASS_DAILY_ITEM.CONSUMER_ACCT_ID', 'NUMERIC', 'NUMERIC', 4);
INSERT INTO FOLIO_CONF.FIELD(FIELD_ID, FIELD_LABEL, DISPLAY_EXPRESSION, SORT_EXPRESSION, DISPLAY_SQL_TYPE, SORT_SQL_TYPE, FIELD_CATEGORY_ID)
    VALUES(3020, 'Compass Description', 'CORP.VW_COMPASS_DAILY_ITEM.DESCRIPTION', 'UPPER(CORP.VW_COMPASS_DAILY_ITEM.DESCRIPTION)', 'VARCHAR', 'VARCHAR', 4);
INSERT INTO FOLIO_CONF.FIELD(FIELD_ID, FIELD_LABEL, DISPLAY_EXPRESSION, SORT_EXPRESSION, DISPLAY_SQL_TYPE, SORT_SQL_TYPE, FIELD_CATEGORY_ID)
    VALUES(3006, 'Compass Device Id', 'CORP.VW_COMPASS_DAILY_ITEM.DEVICE_ID', 'CORP.VW_COMPASS_DAILY_ITEM.DEVICE_ID', 'NUMERIC', 'NUMERIC', 4);
INSERT INTO FOLIO_CONF.FIELD(FIELD_ID, FIELD_LABEL, DISPLAY_EXPRESSION, SORT_EXPRESSION, DISPLAY_SQL_TYPE, SORT_SQL_TYPE, FIELD_CATEGORY_ID)
    VALUES(3022, 'Compass Export Batch Id', 'CORP.VW_COMPASS_DAILY_ITEM.EXPORT_BATCH_ID', 'CORP.VW_COMPASS_DAILY_ITEM.EXPORT_BATCH_ID', 'NUMERIC', 'NUMERIC', 4);
INSERT INTO FOLIO_CONF.FIELD(FIELD_ID, FIELD_LABEL, DISPLAY_EXPRESSION, SORT_EXPRESSION, DISPLAY_SQL_TYPE, SORT_SQL_TYPE, FIELD_CATEGORY_ID)
    VALUES(3015, 'Compass Fee Fixed', 'CORP.VW_COMPASS_DAILY_ITEM.FEE_FIXED', 'CORP.VW_COMPASS_DAILY_ITEM.FEE_FIXED', 'NUMERIC', 'NUMERIC', 4);
INSERT INTO FOLIO_CONF.FIELD(FIELD_ID, FIELD_LABEL, DISPLAY_EXPRESSION, SORT_EXPRESSION, DISPLAY_SQL_TYPE, SORT_SQL_TYPE, FIELD_CATEGORY_ID)
    VALUES(3014, 'Compass Fee Percent', 'CORP.VW_COMPASS_DAILY_ITEM.FEE_PERCENT', 'UPPER(CORP.VW_COMPASS_DAILY_ITEM.FEE_PERCENT)', 'VARCHAR', 'VARCHAR', 4);
INSERT INTO FOLIO_CONF.FIELD(FIELD_ID, FIELD_LABEL, DISPLAY_EXPRESSION, SORT_EXPRESSION, DISPLAY_SQL_TYPE, SORT_SQL_TYPE, FIELD_CATEGORY_ID)
    VALUES(3017, 'Compass Items Purchased', 'CORP.VW_COMPASS_DAILY_ITEM.ITEMS_PURCHASED', 'UPPER(CORP.VW_COMPASS_DAILY_ITEM.ITEMS_PURCHASED)', 'VARCHAR', 'VARCHAR', 4);
INSERT INTO FOLIO_CONF.FIELD(FIELD_ID, FIELD_LABEL, DISPLAY_EXPRESSION, SORT_EXPRESSION, DISPLAY_SQL_TYPE, SORT_SQL_TYPE, FIELD_CATEGORY_ID)
    VALUES(3010, 'Compass Item Date', 'CORP.VW_COMPASS_DAILY_ITEM.ITEM_DATE', 'CORP.VW_COMPASS_DAILY_ITEM.ITEM_DATE', 'TIMESTAMP(0)', 'TIMESTAMP(0)', 4);
INSERT INTO FOLIO_CONF.FIELD(FIELD_ID, FIELD_LABEL, DISPLAY_EXPRESSION, SORT_EXPRESSION, DISPLAY_SQL_TYPE, SORT_SQL_TYPE, FIELD_CATEGORY_ID)
    VALUES(3013, 'Compass Item Quantity', 'CORP.VW_COMPASS_DAILY_ITEM.ITEM_QUANTITY', 'CORP.VW_COMPASS_DAILY_ITEM.ITEM_QUANTITY', 'NUMERIC', 'NUMERIC', 4);
INSERT INTO FOLIO_CONF.FIELD(FIELD_ID, FIELD_LABEL, DISPLAY_EXPRESSION, SORT_EXPRESSION, DISPLAY_SQL_TYPE, SORT_SQL_TYPE, FIELD_CATEGORY_ID)
    VALUES(3005, 'Compass Item Ref Nbr', 'CORP.VW_COMPASS_DAILY_ITEM.ITEM_REF_NBR', 'UPPER(CORP.VW_COMPASS_DAILY_ITEM.ITEM_REF_NBR)', 'VARCHAR', 'VARCHAR', 4);
INSERT INTO FOLIO_CONF.FIELD(FIELD_ID, FIELD_LABEL, DISPLAY_EXPRESSION, SORT_EXPRESSION, DISPLAY_SQL_TYPE, SORT_SQL_TYPE, FIELD_CATEGORY_ID)
    VALUES(3007, 'Compass Item Type', 'CORP.VW_COMPASS_DAILY_ITEM.ITEM_TYPE', 'UPPER(CORP.VW_COMPASS_DAILY_ITEM.ITEM_TYPE)', 'VARCHAR', 'VARCHAR', 4);
INSERT INTO FOLIO_CONF.FIELD(FIELD_ID, FIELD_LABEL, DISPLAY_EXPRESSION, SORT_EXPRESSION, DISPLAY_SQL_TYPE, SORT_SQL_TYPE, FIELD_CATEGORY_ID)
    VALUES(3008, 'Compass Orig Ref Nbr', 'CORP.VW_COMPASS_DAILY_ITEM.ORIG_REF_NBR', 'CORP.VW_COMPASS_DAILY_ITEM.ORIG_REF_NBR', 'NUMERIC', 'NUMERIC', 4);
INSERT INTO FOLIO_CONF.FIELD(FIELD_ID, FIELD_LABEL, DISPLAY_EXPRESSION, SORT_EXPRESSION, DISPLAY_SQL_TYPE, SORT_SQL_TYPE, FIELD_CATEGORY_ID)
    VALUES(3018, 'Compass Settle State', 'CORP.VW_COMPASS_DAILY_ITEM.SETTLE_STATE', 'UPPER(CORP.VW_COMPASS_DAILY_ITEM.SETTLE_STATE)', 'VARCHAR', 'VARCHAR', 4);
INSERT INTO FOLIO_CONF.FIELD(FIELD_ID, FIELD_LABEL, DISPLAY_EXPRESSION, SORT_EXPRESSION, DISPLAY_SQL_TYPE, SORT_SQL_TYPE, FIELD_CATEGORY_ID)
    VALUES(3011, 'Compass Terminal Id', 'CORP.VW_COMPASS_DAILY_ITEM.TERMINAL_ID', 'CORP.VW_COMPASS_DAILY_ITEM.TERMINAL_ID', 'NUMERIC', 'NUMERIC', 4);
INSERT INTO FOLIO_CONF.FIELD(FIELD_ID, FIELD_LABEL, DISPLAY_EXPRESSION, SORT_EXPRESSION, DISPLAY_SQL_TYPE, SORT_SQL_TYPE, FIELD_CATEGORY_ID)
    VALUES(3009, 'Compass Tran Id', 'CORP.VW_COMPASS_DAILY_ITEM.TRAN_ID', 'CORP.VW_COMPASS_DAILY_ITEM.TRAN_ID', 'NUMERIC', 'NUMERIC', 4);
INSERT INTO FOLIO_CONF.FIELD(FIELD_ID, FIELD_LABEL, DISPLAY_EXPRESSION, SORT_EXPRESSION, DISPLAY_SQL_TYPE, SORT_SQL_TYPE, FIELD_CATEGORY_ID)
    VALUES(3023, 'Compass Customer Bank Id', 'CORP.VW_COMPASS_DAILY_ITEM.CUSTOMER_BANK_ID', 'CORP.VW_COMPASS_DAILY_ITEM.CUSTOMER_BANK_ID', 'NUMERIC', 'NUMERIC', 4);    
COMMIT;

INSERT INTO FOLIO_CONF.JOIN_FILTER(JOIN_FILTER_ID, FROM_TABLE, TO_TABLE, JOIN_EXPRESSION, JOIN_TYPE, JOIN_CARDINALITY)
SELECT ROWNUM + 2239, REPLACE(FROM_TABLE, 'CORP.VW_PAYMENT_ITEM', 'CORP.VW_COMPASS_PAYMENT_ITEM'), 
       REPLACE(TO_TABLE, 'CORP.VW_PAYMENT_ITEM', 'CORP.VW_COMPASS_PAYMENT_ITEM'), 
       REPLACE(JOIN_EXPRESSION, 'CORP.VW_PAYMENT_ITEM', 'CORP.VW_COMPASS_PAYMENT_ITEM'),
       CASE WHEN TO_TABLE IN('REPORT.VW_USER_TERMINAL', 'REPORT.TERMINAL') THEN 'LEFT' ELSE JOIN_TYPE END, JOIN_CARDINALITY
  FROM FOLIO_CONF.JOIN_FILTER WHERE 'CORP.VW_PAYMENT_ITEM' in(TO_TABLE, FROM_TABLE)
  ORDER BY JOIN_FILTER_ID;

INSERT INTO FOLIO_CONF.JOIN_FILTER(JOIN_FILTER_ID, FROM_TABLE, TO_TABLE, JOIN_EXPRESSION, JOIN_TYPE, JOIN_CARDINALITY)
    VALUES(2248, 'CORP.VW_COMPASS_PAYMENT_ITEM' , 'PSS.CONSUMER_ACCT_BASE', 'CORP.VW_COMPASS_PAYMENT_ITEM.CONSUMER_ACCT_ID = PSS.CONSUMER_ACCT_BASE.CONSUMER_ACCT_ID', 'LEFT', '>');
    
INSERT INTO FOLIO_CONF.FIELD_PRIV(FIELD_ID, USER_GROUP_ID, FILTER_GROUP_ID)
    SELECT F.FIELD_ID, P.USER_GROUP_ID, P.FILTER_GROUP_ID
      FROM FOLIO_CONF.FIELD F
      CROSS JOIN (SELECT 0 USER_GROUP_ID, 0 FILTER_GROUP_ID FROM DUAL WHERE 1=0
      UNION ALL SELECT 1, NULL FROM DUAL
      UNION ALL SELECT 2, NULL FROM DUAL
      UNION ALL SELECT 3, NULL FROM DUAL
      UNION ALL SELECT 4, 100 FROM DUAL
      UNION ALL SELECT 5, 100 FROM DUAL
      UNION ALL SELECT 8, 100 FROM DUAL) P    
     WHERE F.FIELD_ID BETWEEN 2983 AND 3023
       AND NOT EXISTS(SELECT 1 FROM FOLIO_CONF.FIELD_PRIV FP WHERE F.FIELD_ID = FP.FIELD_ID AND P.USER_GROUP_ID = FP.USER_GROUP_ID);

INSERT INTO FOLIO_CONF.JOIN_FILTER(JOIN_FILTER_ID, FROM_TABLE, TO_TABLE, JOIN_EXPRESSION, JOIN_TYPE, JOIN_CARDINALITY)
    VALUES(2249, 'CORP.VW_COMPASS_DAILY_ITEM' , 'REPORT.ACTIVITY_REF', 'CORP.VW_COMPASS_DAILY_ITEM.TRAN_ID = REPORT.ACTIVITY_REF.TRAN_ID', 'INNER', '=');
INSERT INTO FOLIO_CONF.JOIN_FILTER(JOIN_FILTER_ID, FROM_TABLE, TO_TABLE, JOIN_EXPRESSION, JOIN_TYPE, JOIN_CARDINALITY)
    VALUES(2250, 'CORP.VW_COMPASS_DAILY_ITEM' , 'REPORT.TRANS', 'CORP.VW_COMPASS_DAILY_ITEM.TRAN_ID = REPORT.TRANS.TRAN_ID', 'RIGHT', '=');
INSERT INTO FOLIO_CONF.JOIN_FILTER(JOIN_FILTER_ID, FROM_TABLE, TO_TABLE, JOIN_EXPRESSION, JOIN_TYPE, JOIN_CARDINALITY)
    VALUES(2251, 'CORP.VW_COMPASS_DAILY_ITEM' , 'REPORT.TERMINAL', 'CORP.VW_COMPASS_DAILY_ITEM.TERMINAL_ID = REPORT.TERMINAL.TERMINAL_ID', 'INNER', '>');
INSERT INTO FOLIO_CONF.JOIN_FILTER(JOIN_FILTER_ID, FROM_TABLE, TO_TABLE, JOIN_EXPRESSION, JOIN_TYPE, JOIN_CARDINALITY)
    VALUES(2252, 'CORP.VW_COMPASS_DAILY_ITEM' , 'REPORT.EPORT', 'CORP.VW_COMPASS_DAILY_ITEM.DEVICE_ID = REPORT.EPORT.EPORT_ID ', 'INNER', '>');
INSERT INTO FOLIO_CONF.JOIN_FILTER(JOIN_FILTER_ID, FROM_TABLE, TO_TABLE, JOIN_EXPRESSION, JOIN_TYPE, JOIN_CARDINALITY)
    VALUES(2253, 'CORP.VW_COMPASS_DAILY_ITEM' , 'REPORT.VW_USER_TERMINAL', 'CORP.VW_COMPASS_DAILY_ITEM.TERMINAL_ID = REPORT.VW_USER_TERMINAL.TERMINAL_ID', 'INNER', '>');
INSERT INTO FOLIO_CONF.JOIN_FILTER(JOIN_FILTER_ID, FROM_TABLE, TO_TABLE, JOIN_EXPRESSION, JOIN_TYPE, JOIN_CARDINALITY)
    VALUES(2254, 'CORP.VW_COMPASS_DAILY_ITEM' , 'PSS.CONSUMER_ACCT_BASE', 'CORP.VW_COMPASS_DAILY_ITEM.CONSUMER_ACCT_ID = PSS.CONSUMER_ACCT_BASE.CONSUMER_ACCT_ID', 'LEFT', '>');
      
COMMIT;

/*   
SELECT *
  FROM FOLIO_CONF.FIELD_PRIV FP
  JOIN FOLIO_CONF.FIELD F ON FP.FIELD_ID = F.FIELD_ID
WHERE F.DISPLAY_EXPRESSION LIKE '%CORP.VW_PAYMENT_ITEM%';

SELECT *
  FROM FOLIO_CONF.FILTER FI
  LEFT OUTER JOIN FOLIO_CONF.FILTER_PARAM FP ON FI.FILTER_ID = FP.FILTER_ID
  JOIN FOLIO_CONF.VW_FILTER_GROUP_HIERARCHY H ON FI.FILTER_GROUP_ID = H.DESCENDENT_FILTER_GROUP_ID
 --WHERE H.ANCESTOR_FILTER_GROUP_ID NOT IN(SELECT FILTER_GROUP_ID FROM FOLIO_CONF.FOLIO)
 ORDER BY H.ANCESTOR_FILTER_GROUP_ID;
    SELECT *
  FROM FOLIO_CONF.FIELD
  order by field_id;
  
      SELECT *
  FROM FOLIO_CONF.FIELD_CATEGORY
  order by field_CATEGORY_id;
  
  SELECT *
  FROM FOLIO_CONF.FIELD
  where display_expression like 'REPORT.%USER_TERMINAL%';
  
    SELECT *
  FROM FOLIO_CONF.FIELD
  where display_expression like '%CUSTOMER_BANK%';
  
  select *
  from FOLIO_CONF.JOIN_FILTER
   ORDER BY JOIN_FILTER_ID;
   
    select *
  from FOLIO_CONF.FILTER
  ORDER BY filter_id;

SELECT 'INSERT INTO FOLIO_CONF.FIELD(FIELD_ID, FIELD_LABEL, DISPLAY_EXPRESSION, SORT_EXPRESSION, DISPLAY_SQL_TYPE, SORT_SQL_TYPE, FIELD_CATEGORY_ID)' || CHR(13) 
|| '    VALUES('|| (3004 + ROWNUM) || ', ''Compass ' || INITCAP(REPLACE(COLUMN_NAME, '_', ' ')) || ''', ''' || OWNER || '.' || TABLE_NAME || '.' || COLUMN_NAME || ''', '''
|| CASE WHEN DATA_TYPE IN('VARCHAR2', 'VARCHAR', 'CHAR') THEN 'UPPER(' || OWNER || '.' || TABLE_NAME || '.' || COLUMN_NAME || ')' ELSE OWNER || '.' || TABLE_NAME || '.' || COLUMN_NAME END
|| ''', ''' || DECODE(DATA_TYPE, 'VARCHAR2', 'VARCHAR', 'NUMBER', 'NUMERIC', 'DATE', 'TIMESTAMP(0)', DATA_TYPE) ||''', '''
|| DECODE(DATA_TYPE, 'VARCHAR2', 'VARCHAR', 'NUMBER', 'NUMERIC', 'DATE', 'TIMESTAMP(0)', DATA_TYPE) ||''', 4);',
TC.*
  FROM DBA_TAB_COLS TC
 WHERE TABLE_NAME = 'VW_COMPASS_DAILY_ITEM'
   AND OWNER = 'CORP'
   ORDER BY COLUMN_NAME;
 

UPDATE FOLIO_CONF.FOLIO_PILLAR_FIELD FPF
   SET FIELD_ID = DECODE(FPF.FIELD_ID, 142, 2997, 54, 2998, 55, 2994, 25, 3000, 631, 2999, 625, 2995, 712, 2993, 720, 3001, 881, 2996, 1961, 2986, 1963, 2988, 1965, 2989, 1967, 2991, FPF.FIELD_ID)
 WHERE FPF.FOLIO_PILLAR_ID IN(SELECT FP.FOLIO_PILLAR_ID FROM FOLIO_CONF.FOLIO_PILLAR FP WHERE FP.FOLIO_ID = 1552);

UPDATE FOLIO_CONF.FILTER
   SET FIELD_ID = DECODE(FIELD_ID, 142, 2997, 54, 2998, 55, 2994, 25, 3000, 631, 2999, 625, 2995, 712, 2993, 720, 3001, 881, 2996, 1961, 2986, 1963, 2988, 1965, 2989, 1967, 2991, FIELD_ID)
 WHERE FILTER_GROUP_ID IN(SELECT H.DESCENDENT_FILTER_GROUP_ID FROM FOLIO_CONF.VW_FILTER_GROUP_HIERARCHY H JOIN FOLIO_CONF.FOLIO F ON H.ANCESTOR_FILTER_GROUP_ID = F.FILTER_GROUP_ID WHERE F.FOLIO_ID = 1552);

DELETE FROM FOLIO_CONF.FOLIO_PILLAR_FIELD FPF
 WHERE FPF.FIELD_ID IN(58)
   AND FPF.FOLIO_PILLAR_ID IN(SELECT FP.FOLIO_PILLAR_ID FROM FOLIO_CONF.FOLIO_PILLAR FP WHERE FP.FOLIO_ID = 1552);

------------------
SELECT *
  FROM FOLIO_CONF.FOLIO_PILLAR_FIELD FPF
  JOIN FOLIO_CONF.FIELD F ON FPF.FIELD_ID = F.FIELD_ID
 WHERE FPF.FOLIO_PILLAR_ID IN(SELECT FP.FOLIO_PILLAR_ID FROM FOLIO_CONF.FOLIO_PILLAR FP WHERE FP.FOLIO_ID = 1554);

SELECT *
  FROM FOLIO_CONF.FILTER FI
  JOIN FOLIO_CONF.FIELD F ON FI.FIELD_ID = F.FIELD_ID
 WHERE FILTER_GROUP_ID IN(SELECT H.DESCENDENT_FILTER_GROUP_ID FROM FOLIO_CONF.VW_FILTER_GROUP_HIERARCHY H JOIN FOLIO_CONF.FOLIO F ON H.ANCESTOR_FILTER_GROUP_ID = F.FILTER_GROUP_ID WHERE F.FOLIO_ID = 1554);
    
UPDATE FOLIO_CONF.FOLIO_PILLAR_FIELD FPF
   SET FIELD_ID = DECODE(FPF.FIELD_ID, 56, 3005, 561, 3023, 9223, 3007, 1981, 3008, 440, 3010, 142, 3016, 54, 3017, 51, 3012, 55, 3013, 103, 3018, 25, 3019, 58, 3020, 53, 3022, FPF.FIELD_ID)
 WHERE FPF.FOLIO_PILLAR_ID IN(SELECT FP.FOLIO_PILLAR_ID FROM FOLIO_CONF.FOLIO_PILLAR FP WHERE FP.FOLIO_ID = 1554);

UPDATE FOLIO_CONF.FILTER
   SET FIELD_ID = DECODE(FIELD_ID, 56, 3005, 561, 3023, 9223, 3007, 1981, 3008, 440, 3010, 142, 3016, 54, 3017, 51, 3012, 55, 3013, 103, 3018, 25, 3019, 58, 3020, 53, 3022, FIELD_ID)
 WHERE FILTER_GROUP_ID IN(SELECT H.DESCENDENT_FILTER_GROUP_ID FROM FOLIO_CONF.VW_FILTER_GROUP_HIERARCHY H JOIN FOLIO_CONF.FOLIO F ON H.ANCESTOR_FILTER_GROUP_ID = F.FILTER_GROUP_ID WHERE F.FOLIO_ID = 1554);
    
  
--*/  

    
-- Resource: http://cvs.usatech.com/viewcvs/viewcvs.cgi/NetworkServices/DatabaseScripts/REPTP/FOLIO_CONF/folio_exports/folio_compass_payment_item_export___new.sql?rev=1.1
SET DEFINE OFF;
ALTER SESSION SET CURRENT_SCHEMA = FOLIO_CONF;
DECLARE
  l_ids NUMBER_TABLE := NUMBER_TABLE(0, 0);
BEGIN
FOLIO_CONF.FOLIO_PKG.DELETE_FOLIO(1552);
SELECT 1552 INTO l_ids(1) FROM DUAL;INSERT INTO FOLIO(FOLIO_ID, FOLIO_NAME, FOLIO_TITLE, FOLIO_SUBTITLE, DEFAULT_OUTPUT_TYPE_ID, OWNER_USER_ID, DEFAULT_CHART_TYPE_ID, MAX_ROWS_PER_SECTION, MAX_ROWS) (SELECT l_ids(1), 'Compass Payment Item Export - NEW', 'LITERAL:Payment Item Detail', 'MESSAGE:for Payment #{params.DocId}', 22, 7, NULL, -1, -1 FROM DUAL);
SELECT SEQ_FOLIO_PILLAR_ID.NEXTVAL INTO l_ids(2) FROM DUAL;INSERT INTO FOLIO_PILLAR(FOLIO_PILLAR_ID, FOLIO_ID, PILLAR_INDEX, PILLAR_TYPE_ID, PILLAR_LABEL, PILLAR_DESC, PILLAR_WIDTH, DISPLAY_FORMAT, ACTION_FORMAT, HELP_FORMAT, SORT_FORMAT, CSS_STYLE, GROUPING_LEVEL, PERCENT_FORMAT, STYLE_FORMAT, SORT_TYPE) (SELECT l_ids(2), l_ids(1), 1, 1, 'LITERAL:Vendor Code', '', '', 'LITERAL:USAT', '', '', 'LITERAL:USAT', '', 2, '', '', 'STRING' FROM DUAL);
SELECT SEQ_FOLIO_PILLAR_ID.NEXTVAL INTO l_ids(2) FROM DUAL;INSERT INTO FOLIO_PILLAR(FOLIO_PILLAR_ID, FOLIO_ID, PILLAR_INDEX, PILLAR_TYPE_ID, PILLAR_LABEL, PILLAR_DESC, PILLAR_WIDTH, DISPLAY_FORMAT, ACTION_FORMAT, HELP_FORMAT, SORT_FORMAT, CSS_STYLE, GROUPING_LEVEL, PERCENT_FORMAT, STYLE_FORMAT, SORT_TYPE) (SELECT l_ids(2), l_ids(1), 2, 1, 'LITERAL:Item Ref #', '', '', '', '', '', '', '', 2, '', '', 'STRING' FROM DUAL);
INSERT INTO FOLIO_PILLAR_FIELD(FOLIO_PILLAR_ID, FIELD_INDEX, FIELD_ID, SORT_ORDER, AGGREGATE_TYPE_ID, SORT_INDEX) (SELECT l_ids(2), 1, 2986, 'ASC', 0, 0 FROM DUAL);
SELECT SEQ_FOLIO_PILLAR_ID.NEXTVAL INTO l_ids(2) FROM DUAL;INSERT INTO FOLIO_PILLAR(FOLIO_PILLAR_ID, FOLIO_ID, PILLAR_INDEX, PILLAR_TYPE_ID, PILLAR_LABEL, PILLAR_DESC, PILLAR_WIDTH, DISPLAY_FORMAT, ACTION_FORMAT, HELP_FORMAT, SORT_FORMAT, CSS_STYLE, GROUPING_LEVEL, PERCENT_FORMAT, STYLE_FORMAT, SORT_TYPE) (SELECT l_ids(2), l_ids(1), 3, 1, 'LITERAL:Bank Acct Id', '', '', 'NUMBER:#0', '', '', '', '', 2, '', '', 'NUMBER' FROM DUAL);
INSERT INTO FOLIO_PILLAR_FIELD(FOLIO_PILLAR_ID, FIELD_INDEX, FIELD_ID, SORT_ORDER, AGGREGATE_TYPE_ID, SORT_INDEX) (SELECT l_ids(2), 1, 561, 'ASC', 0, 0 FROM DUAL);
SELECT SEQ_FOLIO_PILLAR_ID.NEXTVAL INTO l_ids(2) FROM DUAL;INSERT INTO FOLIO_PILLAR(FOLIO_PILLAR_ID, FOLIO_ID, PILLAR_INDEX, PILLAR_TYPE_ID, PILLAR_LABEL, PILLAR_DESC, PILLAR_WIDTH, DISPLAY_FORMAT, ACTION_FORMAT, HELP_FORMAT, SORT_FORMAT, CSS_STYLE, GROUPING_LEVEL, PERCENT_FORMAT, STYLE_FORMAT, SORT_TYPE) (SELECT l_ids(2), l_ids(1), 4, 1, 'LITERAL:Device', '', '', 'simple.text.NVLFormat', '', '', 'simple.text.NVLFormat', '', 2, '', '', 'STRING' FROM DUAL);
INSERT INTO FOLIO_PILLAR_FIELD(FOLIO_PILLAR_ID, FIELD_INDEX, FIELD_ID, SORT_ORDER, AGGREGATE_TYPE_ID, SORT_INDEX) (SELECT l_ids(2), 1, 60, 'ASC', 8, 0 FROM DUAL);
SELECT SEQ_FOLIO_PILLAR_ID.NEXTVAL INTO l_ids(2) FROM DUAL;INSERT INTO FOLIO_PILLAR(FOLIO_PILLAR_ID, FOLIO_ID, PILLAR_INDEX, PILLAR_TYPE_ID, PILLAR_LABEL, PILLAR_DESC, PILLAR_WIDTH, DISPLAY_FORMAT, ACTION_FORMAT, HELP_FORMAT, SORT_FORMAT, CSS_STYLE, GROUPING_LEVEL, PERCENT_FORMAT, STYLE_FORMAT, SORT_TYPE) (SELECT l_ids(2), l_ids(1), 5, 1, 'LITERAL:Asset #', '', '', '', '', '', '', '', 2, '', '', 'STRING' FROM DUAL);
INSERT INTO FOLIO_PILLAR_FIELD(FOLIO_PILLAR_ID, FIELD_INDEX, FIELD_ID, SORT_ORDER, AGGREGATE_TYPE_ID, SORT_INDEX) (SELECT l_ids(2), 1, 761, 'ASC', 0, 0 FROM DUAL);
SELECT SEQ_FOLIO_PILLAR_ID.NEXTVAL INTO l_ids(2) FROM DUAL;INSERT INTO FOLIO_PILLAR(FOLIO_PILLAR_ID, FOLIO_ID, PILLAR_INDEX, PILLAR_TYPE_ID, PILLAR_LABEL, PILLAR_DESC, PILLAR_WIDTH, DISPLAY_FORMAT, ACTION_FORMAT, HELP_FORMAT, SORT_FORMAT, CSS_STYLE, GROUPING_LEVEL, PERCENT_FORMAT, STYLE_FORMAT, SORT_TYPE) (SELECT l_ids(2), l_ids(1), 6, 1, 'LITERAL:Item Type', '', '', '', '', '', '', '', 2, '', '', 'STRING' FROM DUAL);
INSERT INTO FOLIO_PILLAR_FIELD(FOLIO_PILLAR_ID, FIELD_INDEX, FIELD_ID, SORT_ORDER, AGGREGATE_TYPE_ID, SORT_INDEX) (SELECT l_ids(2), 1, 2988, 'ASC', 0, 0 FROM DUAL);
SELECT SEQ_FOLIO_PILLAR_ID.NEXTVAL INTO l_ids(2) FROM DUAL;INSERT INTO FOLIO_PILLAR(FOLIO_PILLAR_ID, FOLIO_ID, PILLAR_INDEX, PILLAR_TYPE_ID, PILLAR_LABEL, PILLAR_DESC, PILLAR_WIDTH, DISPLAY_FORMAT, ACTION_FORMAT, HELP_FORMAT, SORT_FORMAT, CSS_STYLE, GROUPING_LEVEL, PERCENT_FORMAT, STYLE_FORMAT, SORT_TYPE) (SELECT l_ids(2), l_ids(1), 7, 1, 'LITERAL:Orig Ref #', '', '', 'NUMBER:#0', '', '', '', '', 2, '', '', 'NUMBER' FROM DUAL);
INSERT INTO FOLIO_PILLAR_FIELD(FOLIO_PILLAR_ID, FIELD_INDEX, FIELD_ID, SORT_ORDER, AGGREGATE_TYPE_ID, SORT_INDEX) (SELECT l_ids(2), 1, 2989, 'ASC', 0, 0 FROM DUAL);
SELECT SEQ_FOLIO_PILLAR_ID.NEXTVAL INTO l_ids(2) FROM DUAL;INSERT INTO FOLIO_PILLAR(FOLIO_PILLAR_ID, FOLIO_ID, PILLAR_INDEX, PILLAR_TYPE_ID, PILLAR_LABEL, PILLAR_DESC, PILLAR_WIDTH, DISPLAY_FORMAT, ACTION_FORMAT, HELP_FORMAT, SORT_FORMAT, CSS_STYLE, GROUPING_LEVEL, PERCENT_FORMAT, STYLE_FORMAT, SORT_TYPE) (SELECT l_ids(2), l_ids(1), 8, 1, 'LITERAL:Item Date', '', '', 'DATE:MM/dd/yyyy hh:mm:ss a', '', '', '', '', 2, '', '', 'DATE' FROM DUAL);
INSERT INTO FOLIO_PILLAR_FIELD(FOLIO_PILLAR_ID, FIELD_INDEX, FIELD_ID, SORT_ORDER, AGGREGATE_TYPE_ID, SORT_INDEX) (SELECT l_ids(2), 1, 2991, 'ASC', 0, 0 FROM DUAL);
SELECT SEQ_FOLIO_PILLAR_ID.NEXTVAL INTO l_ids(2) FROM DUAL;INSERT INTO FOLIO_PILLAR(FOLIO_PILLAR_ID, FOLIO_ID, PILLAR_INDEX, PILLAR_TYPE_ID, PILLAR_LABEL, PILLAR_DESC, PILLAR_WIDTH, DISPLAY_FORMAT, ACTION_FORMAT, HELP_FORMAT, SORT_FORMAT, CSS_STYLE, GROUPING_LEVEL, PERCENT_FORMAT, STYLE_FORMAT, SORT_TYPE) (SELECT l_ids(2), l_ids(1), 9, 1, 'LITERAL:Card Number', '', '', '', '', '', '', '', 2, '', '', 'STRING' FROM DUAL);
INSERT INTO FOLIO_PILLAR_FIELD(FOLIO_PILLAR_ID, FIELD_INDEX, FIELD_ID, SORT_ORDER, AGGREGATE_TYPE_ID, SORT_INDEX) (SELECT l_ids(2), 1, 2997, 'ASC', 0, 0 FROM DUAL);
SELECT SEQ_FOLIO_PILLAR_ID.NEXTVAL INTO l_ids(2) FROM DUAL;INSERT INTO FOLIO_PILLAR(FOLIO_PILLAR_ID, FOLIO_ID, PILLAR_INDEX, PILLAR_TYPE_ID, PILLAR_LABEL, PILLAR_DESC, PILLAR_WIDTH, DISPLAY_FORMAT, ACTION_FORMAT, HELP_FORMAT, SORT_FORMAT, CSS_STYLE, GROUPING_LEVEL, PERCENT_FORMAT, STYLE_FORMAT, SORT_TYPE) (SELECT l_ids(2), l_ids(1), 10, 1, 'LITERAL:Column(s)', '', '', '', '', '', '', '', 2, '', '', 'STRING' FROM DUAL);
INSERT INTO FOLIO_PILLAR_FIELD(FOLIO_PILLAR_ID, FIELD_INDEX, FIELD_ID, SORT_ORDER, AGGREGATE_TYPE_ID, SORT_INDEX) (SELECT l_ids(2), 1, 2998, 'ASC', 0, 0 FROM DUAL);
SELECT SEQ_FOLIO_PILLAR_ID.NEXTVAL INTO l_ids(2) FROM DUAL;INSERT INTO FOLIO_PILLAR(FOLIO_PILLAR_ID, FOLIO_ID, PILLAR_INDEX, PILLAR_TYPE_ID, PILLAR_LABEL, PILLAR_DESC, PILLAR_WIDTH, DISPLAY_FORMAT, ACTION_FORMAT, HELP_FORMAT, SORT_FORMAT, CSS_STYLE, GROUPING_LEVEL, PERCENT_FORMAT, STYLE_FORMAT, SORT_TYPE) (SELECT l_ids(2), l_ids(1), 11, 1, 'LITERAL:Amount', '', '', 'CURRENCY', '', '', '', '', 0, '', '', 'NUMBER' FROM DUAL);
INSERT INTO FOLIO_PILLAR_FIELD(FOLIO_PILLAR_ID, FIELD_INDEX, FIELD_ID, SORT_ORDER, AGGREGATE_TYPE_ID, SORT_INDEX) (SELECT l_ids(2), 1, 2993, 'ASC', 1, 0 FROM DUAL);
SELECT SEQ_FOLIO_PILLAR_ID.NEXTVAL INTO l_ids(2) FROM DUAL;INSERT INTO FOLIO_PILLAR(FOLIO_PILLAR_ID, FOLIO_ID, PILLAR_INDEX, PILLAR_TYPE_ID, PILLAR_LABEL, PILLAR_DESC, PILLAR_WIDTH, DISPLAY_FORMAT, ACTION_FORMAT, HELP_FORMAT, SORT_FORMAT, CSS_STYLE, GROUPING_LEVEL, PERCENT_FORMAT, STYLE_FORMAT, SORT_TYPE) (SELECT l_ids(2), l_ids(1), 12, 1, 'LITERAL:Quantity', '', '', '', '', '', '', '', 0, '', '', 'NUMBER' FROM DUAL);
INSERT INTO FOLIO_PILLAR_FIELD(FOLIO_PILLAR_ID, FIELD_INDEX, FIELD_ID, SORT_ORDER, AGGREGATE_TYPE_ID, SORT_INDEX) (SELECT l_ids(2), 1, 2994, 'ASC', 1, 0 FROM DUAL);
SELECT SEQ_FOLIO_PILLAR_ID.NEXTVAL INTO l_ids(2) FROM DUAL;INSERT INTO FOLIO_PILLAR(FOLIO_PILLAR_ID, FOLIO_ID, PILLAR_INDEX, PILLAR_TYPE_ID, PILLAR_LABEL, PILLAR_DESC, PILLAR_WIDTH, DISPLAY_FORMAT, ACTION_FORMAT, HELP_FORMAT, SORT_FORMAT, CSS_STYLE, GROUPING_LEVEL, PERCENT_FORMAT, STYLE_FORMAT, SORT_TYPE) (SELECT l_ids(2), l_ids(1), 13, 1, 'LITERAL:Fee Rate', '', '', 'MESSAGE:{0,CHOICE,0#|0<''{0,NUMBER,#0.00##}{1,CHOICE,0#|0<% + $}''}{1,CHOICE,0#|0<''{1,NUMBER,#0.00}''}', '', '', 'MESSAGE:{0,CHOICE,0#|0<''{0,NUMBER,#0.00##}{1,CHOICE,0#|0<% + $}''}{1,CHOICE,0#|0<''{1,NUMBER,#0.00}''}', '', 2, '', '', 'NUMBER' FROM DUAL);
INSERT INTO FOLIO_PILLAR_FIELD(FOLIO_PILLAR_ID, FIELD_INDEX, FIELD_ID, SORT_ORDER, AGGREGATE_TYPE_ID, SORT_INDEX) (SELECT l_ids(2), 1, 2995, 'ASC', 3, 0 FROM DUAL);
INSERT INTO FOLIO_PILLAR_FIELD(FOLIO_PILLAR_ID, FIELD_INDEX, FIELD_ID, SORT_ORDER, AGGREGATE_TYPE_ID, SORT_INDEX) (SELECT l_ids(2), 2, 2996, 'ASC', 3, 0 FROM DUAL);
SELECT SEQ_FOLIO_PILLAR_ID.NEXTVAL INTO l_ids(2) FROM DUAL;INSERT INTO FOLIO_PILLAR(FOLIO_PILLAR_ID, FOLIO_ID, PILLAR_INDEX, PILLAR_TYPE_ID, PILLAR_LABEL, PILLAR_DESC, PILLAR_WIDTH, DISPLAY_FORMAT, ACTION_FORMAT, HELP_FORMAT, SORT_FORMAT, CSS_STYLE, GROUPING_LEVEL, PERCENT_FORMAT, STYLE_FORMAT, SORT_TYPE) (SELECT l_ids(2), l_ids(1), 14, 1, 'LITERAL:Settle Status', '', '', 'MATCH:N=FAILED;Y=SETTLED;\?=PENDING', '', '', 'MATCH:N=FAILED;Y=SETTLED;\?=PENDING', '', 2, '', '', 'STRING' FROM DUAL);
INSERT INTO FOLIO_PILLAR_FIELD(FOLIO_PILLAR_ID, FIELD_INDEX, FIELD_ID, SORT_ORDER, AGGREGATE_TYPE_ID, SORT_INDEX) (SELECT l_ids(2), 1, 2999, 'ASC', 0, 0 FROM DUAL);
SELECT SEQ_FOLIO_PILLAR_ID.NEXTVAL INTO l_ids(2) FROM DUAL;INSERT INTO FOLIO_PILLAR(FOLIO_PILLAR_ID, FOLIO_ID, PILLAR_INDEX, PILLAR_TYPE_ID, PILLAR_LABEL, PILLAR_DESC, PILLAR_WIDTH, DISPLAY_FORMAT, ACTION_FORMAT, HELP_FORMAT, SORT_FORMAT, CSS_STYLE, GROUPING_LEVEL, PERCENT_FORMAT, STYLE_FORMAT, SORT_TYPE) (SELECT l_ids(2), l_ids(1), 15, 1, 'LITERAL:Payment #', '', '', 'NUMBER:#0', '', '', '', '', 2, '', '', 'NUMBER' FROM DUAL);
INSERT INTO FOLIO_PILLAR_FIELD(FOLIO_PILLAR_ID, FIELD_INDEX, FIELD_ID, SORT_ORDER, AGGREGATE_TYPE_ID, SORT_INDEX) (SELECT l_ids(2), 1, 555, 'ASC', 0, 0 FROM DUAL);
SELECT SEQ_FOLIO_PILLAR_ID.NEXTVAL INTO l_ids(2) FROM DUAL;INSERT INTO FOLIO_PILLAR(FOLIO_PILLAR_ID, FOLIO_ID, PILLAR_INDEX, PILLAR_TYPE_ID, PILLAR_LABEL, PILLAR_DESC, PILLAR_WIDTH, DISPLAY_FORMAT, ACTION_FORMAT, HELP_FORMAT, SORT_FORMAT, CSS_STYLE, GROUPING_LEVEL, PERCENT_FORMAT, STYLE_FORMAT, SORT_TYPE) (SELECT l_ids(2), l_ids(1), 16, 1, 'LITERAL:Approval Code', '', '', '', '', '', '', '', 2, '', '', 'STRING' FROM DUAL);
INSERT INTO FOLIO_PILLAR_FIELD(FOLIO_PILLAR_ID, FIELD_INDEX, FIELD_ID, SORT_ORDER, AGGREGATE_TYPE_ID, SORT_INDEX) (SELECT l_ids(2), 1, 3000, 'ASC', 0, 0 FROM DUAL);
SELECT SEQ_FOLIO_PILLAR_ID.NEXTVAL INTO l_ids(2) FROM DUAL;INSERT INTO FOLIO_PILLAR(FOLIO_PILLAR_ID, FOLIO_ID, PILLAR_INDEX, PILLAR_TYPE_ID, PILLAR_LABEL, PILLAR_DESC, PILLAR_WIDTH, DISPLAY_FORMAT, ACTION_FORMAT, HELP_FORMAT, SORT_FORMAT, CSS_STYLE, GROUPING_LEVEL, PERCENT_FORMAT, STYLE_FORMAT, SORT_TYPE) (SELECT l_ids(2), l_ids(1), 17, 1, 'LITERAL:Description', '', '', 'simple.text.NVLFormat', '', '', 'simple.text.NVLFormat', '', 2, '', '', 'STRING' FROM DUAL);
INSERT INTO FOLIO_PILLAR_FIELD(FOLIO_PILLAR_ID, FIELD_INDEX, FIELD_ID, SORT_ORDER, AGGREGATE_TYPE_ID, SORT_INDEX) (SELECT l_ids(2), 1, 3001, 'ASC', 0, 0 FROM DUAL);
SELECT SEQ_FOLIO_PILLAR_ID.NEXTVAL INTO l_ids(2) FROM DUAL;INSERT INTO FOLIO_PILLAR(FOLIO_PILLAR_ID, FOLIO_ID, PILLAR_INDEX, PILLAR_TYPE_ID, PILLAR_LABEL, PILLAR_DESC, PILLAR_WIDTH, DISPLAY_FORMAT, ACTION_FORMAT, HELP_FORMAT, SORT_FORMAT, CSS_STYLE, GROUPING_LEVEL, PERCENT_FORMAT, STYLE_FORMAT, SORT_TYPE) (SELECT l_ids(2), l_ids(1), 18, 1, 'LITERAL:Card Id', '', '', '', '', '', '', '', 2, '', '', 'NUMBER' FROM DUAL);
INSERT INTO FOLIO_DIRECTIVE(FOLIO_DIRECTIVE_ID, FOLIO_ID, DIRECTIVE_ID, DIRECTIVE_VALUE) (SELECT SEQ_FOLIO_DIRECTIVE_ID.NEXTVAL, l_ids(1), 14, '2.0' FROM DUAL);
l_ids.EXTEND; SELECT SEQ_FILTER_GROUP_ID.NEXTVAL INTO l_ids(l_ids.LAST) FROM DUAL;INSERT INTO FILTER_GROUP(PARENT_GROUP_ID, FILTER_GROUP_ID, SEPARATOR) (SELECT NULL, l_ids(l_ids.LAST), 'AND' FROM DUAL);
l_ids.EXTEND; SELECT SEQ_FILTER_ID.NEXTVAL INTO l_ids(l_ids.LAST) FROM DUAL;INSERT INTO FILTER(FILTER_ID, FIELD_ID, FILTER_OPERATOR_ID, AGGREGATE_TYPE_ID, FILTER_GROUP_ID) (SELECT l_ids(l_ids.LAST), 555, 1, 0, l_ids(l_ids.LAST-1) FROM DUAL);
INSERT INTO FILTER_PARAM(FILTER_ID, PARAM_INDEX, PARAM_NAME, PARAM_PROMPT, PARAM_VALUE, PARAM_LABEL, PARAM_SQL_TYPE, PARAM_EDITOR) (SELECT l_ids(l_ids.LAST), 1, 'DocId', 'Enter the value for DocId', '', 'DocId', 'NUMERIC', 'NUMBER' FROM DUAL);
l_ids.TRIM;
l_ids.EXTEND; SELECT SEQ_FILTER_GROUP_ID.NEXTVAL INTO l_ids(l_ids.LAST) FROM DUAL;INSERT INTO FILTER_GROUP(PARENT_GROUP_ID, FILTER_GROUP_ID, SEPARATOR) (SELECT l_ids(l_ids.LAST-1), l_ids(l_ids.LAST), 'OR' FROM DUAL);
l_ids.EXTEND; SELECT SEQ_FILTER_ID.NEXTVAL INTO l_ids(l_ids.LAST) FROM DUAL;INSERT INTO FILTER(FILTER_ID, FIELD_ID, FILTER_OPERATOR_ID, AGGREGATE_TYPE_ID, FILTER_GROUP_ID) (SELECT l_ids(l_ids.LAST), 2988, 21, 0, l_ids(l_ids.LAST-1) FROM DUAL);
INSERT INTO FILTER_PARAM(FILTER_ID, PARAM_INDEX, PARAM_NAME, PARAM_PROMPT, PARAM_VALUE, PARAM_LABEL, PARAM_SQL_TYPE, PARAM_EDITOR) (SELECT l_ids(l_ids.LAST), 1, '', '', 'CC,RF', '', 'ARRAY:CHAR(2)', 'TEXT' FROM DUAL);
l_ids.TRIM;
l_ids.EXTEND; SELECT SEQ_FILTER_ID.NEXTVAL INTO l_ids(l_ids.LAST) FROM DUAL;INSERT INTO FILTER(FILTER_ID, FIELD_ID, FILTER_OPERATOR_ID, AGGREGATE_TYPE_ID, FILTER_GROUP_ID) (SELECT l_ids(l_ids.LAST), 2999, 1, 0, l_ids(l_ids.LAST-1) FROM DUAL);
INSERT INTO FILTER_PARAM(FILTER_ID, PARAM_INDEX, PARAM_NAME, PARAM_PROMPT, PARAM_VALUE, PARAM_LABEL, PARAM_SQL_TYPE, PARAM_EDITOR) (SELECT l_ids(l_ids.LAST), 1, '', '', 'Y', '', 'VARCHAR', 'TEXT' FROM DUAL);
l_ids.TRIM;
l_ids.TRIM;
UPDATE FOLIO SET FILTER_GROUP_ID = l_ids(l_ids.LAST) WHERE FOLIO_ID = l_ids(1);
l_ids.TRIM;
END;
/
COMMIT;

-- Resource: http://cvs.usatech.com/viewcvs/viewcvs.cgi/NetworkServices/DatabaseScripts/REPTP/FOLIO_CONF/folio_exports/folio_compass_daily_item_export___new.sql?rev=1.1
SET DEFINE OFF;
ALTER SESSION SET CURRENT_SCHEMA = FOLIO_CONF;
DECLARE
  l_ids NUMBER_TABLE := NUMBER_TABLE(0, 0);
BEGIN
FOLIO_CONF.FOLIO_PKG.DELETE_FOLIO(1554);
SELECT 1554 INTO l_ids(1) FROM DUAL;INSERT INTO FOLIO(FOLIO_ID, FOLIO_NAME, FOLIO_TITLE, FOLIO_SUBTITLE, DEFAULT_OUTPUT_TYPE_ID, OWNER_USER_ID, DEFAULT_CHART_TYPE_ID, MAX_ROWS_PER_SECTION, MAX_ROWS) (SELECT l_ids(1), 'Compass Daily Item Export - NEW', 'LITERAL:Daily Item Detail', 'MESSAGE:for Export Group #{params.ExportGroupId}', 22, 7, NULL, -1, -1 FROM DUAL);
SELECT SEQ_FOLIO_PILLAR_ID.NEXTVAL INTO l_ids(2) FROM DUAL;INSERT INTO FOLIO_PILLAR(FOLIO_PILLAR_ID, FOLIO_ID, PILLAR_INDEX, PILLAR_TYPE_ID, PILLAR_LABEL, PILLAR_DESC, PILLAR_WIDTH, DISPLAY_FORMAT, ACTION_FORMAT, HELP_FORMAT, SORT_FORMAT, CSS_STYLE, GROUPING_LEVEL, PERCENT_FORMAT, STYLE_FORMAT, SORT_TYPE) (SELECT l_ids(2), l_ids(1), 1, 1, 'LITERAL:Vendor Code', '', '', 'LITERAL:USAT', '', '', 'LITERAL:USAT', '', 2, '', '', 'STRING' FROM DUAL);
SELECT SEQ_FOLIO_PILLAR_ID.NEXTVAL INTO l_ids(2) FROM DUAL;INSERT INTO FOLIO_PILLAR(FOLIO_PILLAR_ID, FOLIO_ID, PILLAR_INDEX, PILLAR_TYPE_ID, PILLAR_LABEL, PILLAR_DESC, PILLAR_WIDTH, DISPLAY_FORMAT, ACTION_FORMAT, HELP_FORMAT, SORT_FORMAT, CSS_STYLE, GROUPING_LEVEL, PERCENT_FORMAT, STYLE_FORMAT, SORT_TYPE) (SELECT l_ids(2), l_ids(1), 2, 1, 'LITERAL:Item Ref #', '', '', '', '', '', '', '', 2, '', '', 'STRING' FROM DUAL);
INSERT INTO FOLIO_PILLAR_FIELD(FOLIO_PILLAR_ID, FIELD_INDEX, FIELD_ID, SORT_ORDER, AGGREGATE_TYPE_ID, SORT_INDEX) (SELECT l_ids(2), 1, 3005, 'ASC', 0, 0 FROM DUAL);
SELECT SEQ_FOLIO_PILLAR_ID.NEXTVAL INTO l_ids(2) FROM DUAL;INSERT INTO FOLIO_PILLAR(FOLIO_PILLAR_ID, FOLIO_ID, PILLAR_INDEX, PILLAR_TYPE_ID, PILLAR_LABEL, PILLAR_DESC, PILLAR_WIDTH, DISPLAY_FORMAT, ACTION_FORMAT, HELP_FORMAT, SORT_FORMAT, CSS_STYLE, GROUPING_LEVEL, PERCENT_FORMAT, STYLE_FORMAT, SORT_TYPE) (SELECT l_ids(2), l_ids(1), 3, 1, 'LITERAL:Bank Acct Id', '', '', 'NUMBER:#0', '', '', '', '', 2, '', '', 'NUMBER' FROM DUAL);
INSERT INTO FOLIO_PILLAR_FIELD(FOLIO_PILLAR_ID, FIELD_INDEX, FIELD_ID, SORT_ORDER, AGGREGATE_TYPE_ID, SORT_INDEX) (SELECT l_ids(2), 1, 3023, 'ASC', 0, 0 FROM DUAL);
SELECT SEQ_FOLIO_PILLAR_ID.NEXTVAL INTO l_ids(2) FROM DUAL;INSERT INTO FOLIO_PILLAR(FOLIO_PILLAR_ID, FOLIO_ID, PILLAR_INDEX, PILLAR_TYPE_ID, PILLAR_LABEL, PILLAR_DESC, PILLAR_WIDTH, DISPLAY_FORMAT, ACTION_FORMAT, HELP_FORMAT, SORT_FORMAT, CSS_STYLE, GROUPING_LEVEL, PERCENT_FORMAT, STYLE_FORMAT, SORT_TYPE) (SELECT l_ids(2), l_ids(1), 4, 1, 'LITERAL:Device', '', '', '', '', '', '', '', 2, '', '', 'STRING' FROM DUAL);
INSERT INTO FOLIO_PILLAR_FIELD(FOLIO_PILLAR_ID, FIELD_INDEX, FIELD_ID, SORT_ORDER, AGGREGATE_TYPE_ID, SORT_INDEX) (SELECT l_ids(2), 1, 60, 'ASC', 8, 0 FROM DUAL);
SELECT SEQ_FOLIO_PILLAR_ID.NEXTVAL INTO l_ids(2) FROM DUAL;INSERT INTO FOLIO_PILLAR(FOLIO_PILLAR_ID, FOLIO_ID, PILLAR_INDEX, PILLAR_TYPE_ID, PILLAR_LABEL, PILLAR_DESC, PILLAR_WIDTH, DISPLAY_FORMAT, ACTION_FORMAT, HELP_FORMAT, SORT_FORMAT, CSS_STYLE, GROUPING_LEVEL, PERCENT_FORMAT, STYLE_FORMAT, SORT_TYPE) (SELECT l_ids(2), l_ids(1), 5, 1, 'LITERAL:Asset #', '', '', '', '', '', '', '', 2, '', '', 'STRING' FROM DUAL);
INSERT INTO FOLIO_PILLAR_FIELD(FOLIO_PILLAR_ID, FIELD_INDEX, FIELD_ID, SORT_ORDER, AGGREGATE_TYPE_ID, SORT_INDEX) (SELECT l_ids(2), 1, 761, 'ASC', 0, 0 FROM DUAL);
SELECT SEQ_FOLIO_PILLAR_ID.NEXTVAL INTO l_ids(2) FROM DUAL;INSERT INTO FOLIO_PILLAR(FOLIO_PILLAR_ID, FOLIO_ID, PILLAR_INDEX, PILLAR_TYPE_ID, PILLAR_LABEL, PILLAR_DESC, PILLAR_WIDTH, DISPLAY_FORMAT, ACTION_FORMAT, HELP_FORMAT, SORT_FORMAT, CSS_STYLE, GROUPING_LEVEL, PERCENT_FORMAT, STYLE_FORMAT, SORT_TYPE) (SELECT l_ids(2), l_ids(1), 6, 1, 'LITERAL:Item Type', '', '', '', '', '', '', '', 2, '', '', 'STRING' FROM DUAL);
INSERT INTO FOLIO_PILLAR_FIELD(FOLIO_PILLAR_ID, FIELD_INDEX, FIELD_ID, SORT_ORDER, AGGREGATE_TYPE_ID, SORT_INDEX) (SELECT l_ids(2), 1, 3007, 'ASC', 0, 0 FROM DUAL);
SELECT SEQ_FOLIO_PILLAR_ID.NEXTVAL INTO l_ids(2) FROM DUAL;INSERT INTO FOLIO_PILLAR(FOLIO_PILLAR_ID, FOLIO_ID, PILLAR_INDEX, PILLAR_TYPE_ID, PILLAR_LABEL, PILLAR_DESC, PILLAR_WIDTH, DISPLAY_FORMAT, ACTION_FORMAT, HELP_FORMAT, SORT_FORMAT, CSS_STYLE, GROUPING_LEVEL, PERCENT_FORMAT, STYLE_FORMAT, SORT_TYPE) (SELECT l_ids(2), l_ids(1), 7, 1, 'LITERAL:Orig Ref #', '', '', '', '', '', '', '', 2, '', '', 'NUMBER' FROM DUAL);
INSERT INTO FOLIO_PILLAR_FIELD(FOLIO_PILLAR_ID, FIELD_INDEX, FIELD_ID, SORT_ORDER, AGGREGATE_TYPE_ID, SORT_INDEX) (SELECT l_ids(2), 1, 3008, 'ASC', 0, 0 FROM DUAL);
SELECT SEQ_FOLIO_PILLAR_ID.NEXTVAL INTO l_ids(2) FROM DUAL;INSERT INTO FOLIO_PILLAR(FOLIO_PILLAR_ID, FOLIO_ID, PILLAR_INDEX, PILLAR_TYPE_ID, PILLAR_LABEL, PILLAR_DESC, PILLAR_WIDTH, DISPLAY_FORMAT, ACTION_FORMAT, HELP_FORMAT, SORT_FORMAT, CSS_STYLE, GROUPING_LEVEL, PERCENT_FORMAT, STYLE_FORMAT, SORT_TYPE) (SELECT l_ids(2), l_ids(1), 8, 1, 'LITERAL:Item Date', '', '', 'DATE:MM/dd/yyyy hh:mm:ss a', '', '', '', '', 2, '', '', 'DATE' FROM DUAL);
INSERT INTO FOLIO_PILLAR_FIELD(FOLIO_PILLAR_ID, FIELD_INDEX, FIELD_ID, SORT_ORDER, AGGREGATE_TYPE_ID, SORT_INDEX) (SELECT l_ids(2), 1, 3010, 'ASC', 0, 0 FROM DUAL);
SELECT SEQ_FOLIO_PILLAR_ID.NEXTVAL INTO l_ids(2) FROM DUAL;INSERT INTO FOLIO_PILLAR(FOLIO_PILLAR_ID, FOLIO_ID, PILLAR_INDEX, PILLAR_TYPE_ID, PILLAR_LABEL, PILLAR_DESC, PILLAR_WIDTH, DISPLAY_FORMAT, ACTION_FORMAT, HELP_FORMAT, SORT_FORMAT, CSS_STYLE, GROUPING_LEVEL, PERCENT_FORMAT, STYLE_FORMAT, SORT_TYPE) (SELECT l_ids(2), l_ids(1), 9, 1, 'LITERAL:Card Number', '', '', '', '', '', '', '', 2, '', '', 'STRING' FROM DUAL);
INSERT INTO FOLIO_PILLAR_FIELD(FOLIO_PILLAR_ID, FIELD_INDEX, FIELD_ID, SORT_ORDER, AGGREGATE_TYPE_ID, SORT_INDEX) (SELECT l_ids(2), 1, 3016, 'ASC', 0, 0 FROM DUAL);
SELECT SEQ_FOLIO_PILLAR_ID.NEXTVAL INTO l_ids(2) FROM DUAL;INSERT INTO FOLIO_PILLAR(FOLIO_PILLAR_ID, FOLIO_ID, PILLAR_INDEX, PILLAR_TYPE_ID, PILLAR_LABEL, PILLAR_DESC, PILLAR_WIDTH, DISPLAY_FORMAT, ACTION_FORMAT, HELP_FORMAT, SORT_FORMAT, CSS_STYLE, GROUPING_LEVEL, PERCENT_FORMAT, STYLE_FORMAT, SORT_TYPE) (SELECT l_ids(2), l_ids(1), 10, 1, 'LITERAL:Column(s)', '', '', '', '', '', '', '', 2, '', '', 'STRING' FROM DUAL);
INSERT INTO FOLIO_PILLAR_FIELD(FOLIO_PILLAR_ID, FIELD_INDEX, FIELD_ID, SORT_ORDER, AGGREGATE_TYPE_ID, SORT_INDEX) (SELECT l_ids(2), 1, 3017, 'ASC', 0, 0 FROM DUAL);
SELECT SEQ_FOLIO_PILLAR_ID.NEXTVAL INTO l_ids(2) FROM DUAL;INSERT INTO FOLIO_PILLAR(FOLIO_PILLAR_ID, FOLIO_ID, PILLAR_INDEX, PILLAR_TYPE_ID, PILLAR_LABEL, PILLAR_DESC, PILLAR_WIDTH, DISPLAY_FORMAT, ACTION_FORMAT, HELP_FORMAT, SORT_FORMAT, CSS_STYLE, GROUPING_LEVEL, PERCENT_FORMAT, STYLE_FORMAT, SORT_TYPE) (SELECT l_ids(2), l_ids(1), 11, 1, 'LITERAL:Amount', '', '', 'CURRENCY', '', '', '', '', 0, '', '', 'NUMBER' FROM DUAL);
INSERT INTO FOLIO_PILLAR_FIELD(FOLIO_PILLAR_ID, FIELD_INDEX, FIELD_ID, SORT_ORDER, AGGREGATE_TYPE_ID, SORT_INDEX) (SELECT l_ids(2), 1, 3012, 'ASC', 1, 0 FROM DUAL);
SELECT SEQ_FOLIO_PILLAR_ID.NEXTVAL INTO l_ids(2) FROM DUAL;INSERT INTO FOLIO_PILLAR(FOLIO_PILLAR_ID, FOLIO_ID, PILLAR_INDEX, PILLAR_TYPE_ID, PILLAR_LABEL, PILLAR_DESC, PILLAR_WIDTH, DISPLAY_FORMAT, ACTION_FORMAT, HELP_FORMAT, SORT_FORMAT, CSS_STYLE, GROUPING_LEVEL, PERCENT_FORMAT, STYLE_FORMAT, SORT_TYPE) (SELECT l_ids(2), l_ids(1), 12, 1, 'LITERAL:Quantity', '', '', '', '', '', '', '', 0, '', '', 'NUMBER' FROM DUAL);
INSERT INTO FOLIO_PILLAR_FIELD(FOLIO_PILLAR_ID, FIELD_INDEX, FIELD_ID, SORT_ORDER, AGGREGATE_TYPE_ID, SORT_INDEX) (SELECT l_ids(2), 1, 3013, 'ASC', 1, 0 FROM DUAL);
SELECT SEQ_FOLIO_PILLAR_ID.NEXTVAL INTO l_ids(2) FROM DUAL;INSERT INTO FOLIO_PILLAR(FOLIO_PILLAR_ID, FOLIO_ID, PILLAR_INDEX, PILLAR_TYPE_ID, PILLAR_LABEL, PILLAR_DESC, PILLAR_WIDTH, DISPLAY_FORMAT, ACTION_FORMAT, HELP_FORMAT, SORT_FORMAT, CSS_STYLE, GROUPING_LEVEL, PERCENT_FORMAT, STYLE_FORMAT, SORT_TYPE) (SELECT l_ids(2), l_ids(1), 13, 1, 'LITERAL:Fee Rate', '', '', 'NUMBER:#0.00', '', '', 'NUMBER:#0.00', '', 2, '', '', 'NUMBER' FROM DUAL);
INSERT INTO FOLIO_PILLAR_FIELD(FOLIO_PILLAR_ID, FIELD_INDEX, FIELD_ID, SORT_ORDER, AGGREGATE_TYPE_ID, SORT_INDEX) (SELECT l_ids(2), 1, 3015, 'ASC', 0, 0 FROM DUAL);
SELECT SEQ_FOLIO_PILLAR_ID.NEXTVAL INTO l_ids(2) FROM DUAL;INSERT INTO FOLIO_PILLAR(FOLIO_PILLAR_ID, FOLIO_ID, PILLAR_INDEX, PILLAR_TYPE_ID, PILLAR_LABEL, PILLAR_DESC, PILLAR_WIDTH, DISPLAY_FORMAT, ACTION_FORMAT, HELP_FORMAT, SORT_FORMAT, CSS_STYLE, GROUPING_LEVEL, PERCENT_FORMAT, STYLE_FORMAT, SORT_TYPE) (SELECT l_ids(2), l_ids(1), 14, 1, 'LITERAL:Settle Status', '', '', 'MATCH:Settled=SETTLED;Pending=PENDING;Declined=FAILED;Failed=FAILED;Processed=SETTLED', '', '', 'MATCH:Settled=SETTLED;Pending=PENDING;Declined=FAILED;Failed=FAILED;Processed=SETTLED', '', 2, '', '', 'STRING' FROM DUAL);
INSERT INTO FOLIO_PILLAR_FIELD(FOLIO_PILLAR_ID, FIELD_INDEX, FIELD_ID, SORT_ORDER, AGGREGATE_TYPE_ID, SORT_INDEX) (SELECT l_ids(2), 1, 3018, 'ASC', 0, 0 FROM DUAL);
SELECT SEQ_FOLIO_PILLAR_ID.NEXTVAL INTO l_ids(2) FROM DUAL;INSERT INTO FOLIO_PILLAR(FOLIO_PILLAR_ID, FOLIO_ID, PILLAR_INDEX, PILLAR_TYPE_ID, PILLAR_LABEL, PILLAR_DESC, PILLAR_WIDTH, DISPLAY_FORMAT, ACTION_FORMAT, HELP_FORMAT, SORT_FORMAT, CSS_STYLE, GROUPING_LEVEL, PERCENT_FORMAT, STYLE_FORMAT, SORT_TYPE) (SELECT l_ids(2), l_ids(1), 15, 1, 'LITERAL:Payment #', '', '', '', '', '', '', '', 2, '', '', 'NUMBER' FROM DUAL);
SELECT SEQ_FOLIO_PILLAR_ID.NEXTVAL INTO l_ids(2) FROM DUAL;INSERT INTO FOLIO_PILLAR(FOLIO_PILLAR_ID, FOLIO_ID, PILLAR_INDEX, PILLAR_TYPE_ID, PILLAR_LABEL, PILLAR_DESC, PILLAR_WIDTH, DISPLAY_FORMAT, ACTION_FORMAT, HELP_FORMAT, SORT_FORMAT, CSS_STYLE, GROUPING_LEVEL, PERCENT_FORMAT, STYLE_FORMAT, SORT_TYPE) (SELECT l_ids(2), l_ids(1), 16, 1, 'LITERAL:Approval Code', '', '', '', '', '', '', '', 2, '', '', 'STRING' FROM DUAL);
INSERT INTO FOLIO_PILLAR_FIELD(FOLIO_PILLAR_ID, FIELD_INDEX, FIELD_ID, SORT_ORDER, AGGREGATE_TYPE_ID, SORT_INDEX) (SELECT l_ids(2), 1, 3019, 'ASC', 0, 0 FROM DUAL);
SELECT SEQ_FOLIO_PILLAR_ID.NEXTVAL INTO l_ids(2) FROM DUAL;INSERT INTO FOLIO_PILLAR(FOLIO_PILLAR_ID, FOLIO_ID, PILLAR_INDEX, PILLAR_TYPE_ID, PILLAR_LABEL, PILLAR_DESC, PILLAR_WIDTH, DISPLAY_FORMAT, ACTION_FORMAT, HELP_FORMAT, SORT_FORMAT, CSS_STYLE, GROUPING_LEVEL, PERCENT_FORMAT, STYLE_FORMAT, SORT_TYPE) (SELECT l_ids(2), l_ids(1), 17, 1, 'LITERAL:Description', '', '', '', '', '', '', '', 2, '', '', 'STRING' FROM DUAL);
INSERT INTO FOLIO_PILLAR_FIELD(FOLIO_PILLAR_ID, FIELD_INDEX, FIELD_ID, SORT_ORDER, AGGREGATE_TYPE_ID, SORT_INDEX) (SELECT l_ids(2), 1, 3020, 'ASC', 0, 0 FROM DUAL);
SELECT SEQ_FOLIO_PILLAR_ID.NEXTVAL INTO l_ids(2) FROM DUAL;INSERT INTO FOLIO_PILLAR(FOLIO_PILLAR_ID, FOLIO_ID, PILLAR_INDEX, PILLAR_TYPE_ID, PILLAR_LABEL, PILLAR_DESC, PILLAR_WIDTH, DISPLAY_FORMAT, ACTION_FORMAT, HELP_FORMAT, SORT_FORMAT, CSS_STYLE, GROUPING_LEVEL, PERCENT_FORMAT, STYLE_FORMAT, SORT_TYPE) (SELECT l_ids(2), l_ids(1), 18, 1, 'LITERAL:Card Id', '', '', '', '', '', '', '', 2, '', '', 'NUMBER' FROM DUAL);
INSERT INTO FOLIO_DIRECTIVE(FOLIO_DIRECTIVE_ID, FOLIO_ID, DIRECTIVE_ID, DIRECTIVE_VALUE) (SELECT SEQ_FOLIO_DIRECTIVE_ID.NEXTVAL, l_ids(1), 14, '2.0' FROM DUAL);
l_ids.EXTEND; SELECT SEQ_FILTER_GROUP_ID.NEXTVAL INTO l_ids(l_ids.LAST) FROM DUAL;INSERT INTO FILTER_GROUP(PARENT_GROUP_ID, FILTER_GROUP_ID, SEPARATOR) (SELECT NULL, l_ids(l_ids.LAST), 'AND' FROM DUAL);
l_ids.EXTEND; SELECT SEQ_FILTER_ID.NEXTVAL INTO l_ids(l_ids.LAST) FROM DUAL;INSERT INTO FILTER(FILTER_ID, FIELD_ID, FILTER_OPERATOR_ID, AGGREGATE_TYPE_ID, FILTER_GROUP_ID) (SELECT l_ids(l_ids.LAST), 3022, 1, 0, l_ids(l_ids.LAST-1) FROM DUAL);
INSERT INTO FILTER_PARAM(FILTER_ID, PARAM_INDEX, PARAM_NAME, PARAM_PROMPT, PARAM_VALUE, PARAM_LABEL, PARAM_SQL_TYPE, PARAM_EDITOR) (SELECT l_ids(l_ids.LAST), 1, 'ExportGroupId', 'Enter the value for ExportGroupId', '', 'ExportGroupId', 'NUMERIC', 'NUMBER' FROM DUAL);
l_ids.TRIM;
UPDATE FOLIO SET FILTER_GROUP_ID = l_ids(l_ids.LAST) WHERE FOLIO_ID = l_ids(1);
l_ids.TRIM;
END;
/
COMMIT;

