CREATE TABLE DEVICE.CONFIG_TEMPLATE_CATEGORY
(
  CONFIG_TEMPLATE_CATEGORY_ID 	NUMBER(20) NOT NULL,
  CONFIG_TEMPLATE_CATEGORY_NAME VARCHAR2(60) NOT NULL,
  CONFIG_TEMPLATE_CATEGORY_DESC VARCHAR2(60),
  CREATED_BY	VARCHAR2(30) NOT NULL,
  CREATED_TS	DATE NOT NULL,
  LAST_UPDATED_BY	VARCHAR2(30) NOT NULL,
  LAST_UPDATED_TS	DATE NOT NULL, 
  CONSTRAINT PK_CONFIG_TEMPLATE_CATEGORY PRIMARY KEY(CONFIG_TEMPLATE_CATEGORY_ID)
) TABLESPACE DEVICE_DATA;

create or replace TRIGGER "DEVICE"."TRBI_CONFIG_TEMPLATE_CATEGORY" BEFORE INSERT ON DEVICE.CONFIG_TEMPLATE_CATEGORY
  FOR EACH ROW
BEGIN
	SELECT 
		SYSDATE,
		USER,
		SYSDATE,
		USER
	INTO 
		:NEW.created_ts,
		:NEW.created_by,
		:NEW.last_updated_ts,
		:NEW.last_updated_by
	FROM DUAL;
END;
/

create or replace TRIGGER "DEVICE"."TRBU_CONFIG_TEMPLATE_CATEGORY" BEFORE UPDATE ON DEVICE.CONFIG_TEMPLATE_CATEGORY
  FOR EACH ROW 
BEGIN
	SELECT
		:OLD.created_by,
		:OLD.created_ts,
		SYSDATE,
		USER
	INTO
		:NEW.created_by,
		:NEW.created_ts,
		:NEW.last_updated_ts,
		:NEW.last_updated_by
	FROM DUAL;
END;
/

COMMENT ON COLUMN DEVICE.CONFIG_TEMPLATE_CATEGORY.CONFIG_TEMPLATE_CATEGORY_ID is 'PK.';
COMMENT ON COLUMN DEVICE.CONFIG_TEMPLATE_CATEGORY.CONFIG_TEMPLATE_CATEGORY_NAME is 'Name of the Category.';
COMMENT ON COLUMN DEVICE.CONFIG_TEMPLATE_CATEGORY.CONFIG_TEMPLATE_CATEGORY_DESC is 'Description of the Category.';

INSERT INTO DEVICE.CONFIG_TEMPLATE_CATEGORY (CONFIG_TEMPLATE_CATEGORY_ID, CONFIG_TEMPLATE_CATEGORY_NAME, CONFIG_TEMPLATE_CATEGORY_DESC)
VALUES(1, 'Activation Status Settings', 'Settings for device activation.');
INSERT INTO DEVICE.CONFIG_TEMPLATE_CATEGORY (CONFIG_TEMPLATE_CATEGORY_ID, CONFIG_TEMPLATE_CATEGORY_NAME, CONFIG_TEMPLATE_CATEGORY_DESC)
VALUES(2, 'Application Settings', 'Settings for device application.');
INSERT INTO DEVICE.CONFIG_TEMPLATE_CATEGORY (CONFIG_TEMPLATE_CATEGORY_ID, CONFIG_TEMPLATE_CATEGORY_NAME, CONFIG_TEMPLATE_CATEGORY_DESC)
VALUES(3, 'Communication Settings', 'Settings for device communication.');
INSERT INTO DEVICE.CONFIG_TEMPLATE_CATEGORY (CONFIG_TEMPLATE_CATEGORY_ID, CONFIG_TEMPLATE_CATEGORY_NAME, CONFIG_TEMPLATE_CATEGORY_DESC)
VALUES(4, 'Coin Pulse Configuration', 'Settings for coin pulse configuration.');
INSERT INTO DEVICE.CONFIG_TEMPLATE_CATEGORY (CONFIG_TEMPLATE_CATEGORY_ID, CONFIG_TEMPLATE_CATEGORY_NAME, CONFIG_TEMPLATE_CATEGORY_DESC)
VALUES(5, 'DEX Configuration', 'Settings for DEX configuration.');
INSERT INTO DEVICE.CONFIG_TEMPLATE_CATEGORY (CONFIG_TEMPLATE_CATEGORY_ID, CONFIG_TEMPLATE_CATEGORY_NAME, CONFIG_TEMPLATE_CATEGORY_DESC)
VALUES(6, 'MDB Configuration', 'Settings for MDB configuration.');
INSERT INTO DEVICE.CONFIG_TEMPLATE_CATEGORY (CONFIG_TEMPLATE_CATEGORY_ID, CONFIG_TEMPLATE_CATEGORY_NAME, CONFIG_TEMPLATE_CATEGORY_DESC)
VALUES(7, 'Session Settings', 'Settings related to the session.');
INSERT INTO DEVICE.CONFIG_TEMPLATE_CATEGORY (CONFIG_TEMPLATE_CATEGORY_ID, CONFIG_TEMPLATE_CATEGORY_NAME, CONFIG_TEMPLATE_CATEGORY_DESC)
VALUES(8, 'Terminal Identification', 'Settings related to the terminal.');
INSERT INTO DEVICE.CONFIG_TEMPLATE_CATEGORY (CONFIG_TEMPLATE_CATEGORY_ID, CONFIG_TEMPLATE_CATEGORY_NAME, CONFIG_TEMPLATE_CATEGORY_DESC)
VALUES(9, 'Server Communication Parameters', 'Settings related to the server communications.');
INSERT INTO DEVICE.CONFIG_TEMPLATE_CATEGORY (CONFIG_TEMPLATE_CATEGORY_ID, CONFIG_TEMPLATE_CATEGORY_NAME, CONFIG_TEMPLATE_CATEGORY_DESC)
VALUES(10, 'Transaction Processing Settings', 'Settings related to the transaction processing.');
INSERT INTO DEVICE.CONFIG_TEMPLATE_CATEGORY (CONFIG_TEMPLATE_CATEGORY_ID, CONFIG_TEMPLATE_CATEGORY_NAME, CONFIG_TEMPLATE_CATEGORY_DESC)
VALUES(11, 'Local Authorization Parameters', 'Settings related to local authorization.');
INSERT INTO DEVICE.CONFIG_TEMPLATE_CATEGORY (CONFIG_TEMPLATE_CATEGORY_ID, CONFIG_TEMPLATE_CATEGORY_NAME, CONFIG_TEMPLATE_CATEGORY_DESC)
VALUES(12, 'Card Prefixes', 'Settings related to card prefixes.');
INSERT INTO DEVICE.CONFIG_TEMPLATE_CATEGORY (CONFIG_TEMPLATE_CATEGORY_ID, CONFIG_TEMPLATE_CATEGORY_NAME, CONFIG_TEMPLATE_CATEGORY_DESC)
VALUES(13, 'Miscellaneous Settings', 'Settings related to miscellaneous or other device features.');
INSERT INTO DEVICE.CONFIG_TEMPLATE_CATEGORY (CONFIG_TEMPLATE_CATEGORY_ID, CONFIG_TEMPLATE_CATEGORY_NAME, CONFIG_TEMPLATE_CATEGORY_DESC)
VALUES(14, 'Logging Settings', 'Settings related to logging.');
INSERT INTO DEVICE.CONFIG_TEMPLATE_CATEGORY (CONFIG_TEMPLATE_CATEGORY_ID, CONFIG_TEMPLATE_CATEGORY_NAME, CONFIG_TEMPLATE_CATEGORY_DESC)
VALUES(15, 'Card Reader Settings', 'Settings related to card reader.');
INSERT INTO DEVICE.CONFIG_TEMPLATE_CATEGORY (CONFIG_TEMPLATE_CATEGORY_ID, CONFIG_TEMPLATE_CATEGORY_NAME, CONFIG_TEMPLATE_CATEGORY_DESC)
VALUES(16, 'Currently Unused Reserved Settings', 'Settings related to currently unused params.');
INSERT INTO DEVICE.CONFIG_TEMPLATE_CATEGORY (CONFIG_TEMPLATE_CATEGORY_ID, CONFIG_TEMPLATE_CATEGORY_NAME, CONFIG_TEMPLATE_CATEGORY_DESC)
VALUES(17, 'DLL Internal Parameters', 'Settings related to dll internal parameters.');
INSERT INTO DEVICE.CONFIG_TEMPLATE_CATEGORY (CONFIG_TEMPLATE_CATEGORY_ID, CONFIG_TEMPLATE_CATEGORY_NAME, CONFIG_TEMPLATE_CATEGORY_DESC)
VALUES(18, 'DLL Local Auth Validation', 'Settings related to dll local auth validation parameters.');
INSERT INTO DEVICE.CONFIG_TEMPLATE_CATEGORY (CONFIG_TEMPLATE_CATEGORY_ID, CONFIG_TEMPLATE_CATEGORY_NAME, CONFIG_TEMPLATE_CATEGORY_DESC)
VALUES(19, 'DLL Thread Safety', 'Settings related to dll thread safety parameters.');
INSERT INTO DEVICE.CONFIG_TEMPLATE_CATEGORY (CONFIG_TEMPLATE_CATEGORY_ID, CONFIG_TEMPLATE_CATEGORY_NAME, CONFIG_TEMPLATE_CATEGORY_DESC)
VALUES(20, 'Email Configuration', 'Settings related to email config.');
INSERT INTO DEVICE.CONFIG_TEMPLATE_CATEGORY (CONFIG_TEMPLATE_CATEGORY_ID, CONFIG_TEMPLATE_CATEGORY_NAME, CONFIG_TEMPLATE_CATEGORY_DESC)
VALUES(21, 'Ethernet Configuration', 'Settings related to ethernet config.');
INSERT INTO DEVICE.CONFIG_TEMPLATE_CATEGORY (CONFIG_TEMPLATE_CATEGORY_ID, CONFIG_TEMPLATE_CATEGORY_NAME, CONFIG_TEMPLATE_CATEGORY_DESC)
VALUES(22, 'Kiosk Mode Settings', 'Settings related to kiosk mode.');
INSERT INTO DEVICE.CONFIG_TEMPLATE_CATEGORY (CONFIG_TEMPLATE_CATEGORY_ID, CONFIG_TEMPLATE_CATEGORY_NAME, CONFIG_TEMPLATE_CATEGORY_DESC)
VALUES(23, 'Local Auth Config', 'Settings related to local auth config.');
INSERT INTO DEVICE.CONFIG_TEMPLATE_CATEGORY (CONFIG_TEMPLATE_CATEGORY_ID, CONFIG_TEMPLATE_CATEGORY_NAME, CONFIG_TEMPLATE_CATEGORY_DESC)
VALUES(24, 'Main Form Parameters', 'Settings related to the main form.');
INSERT INTO DEVICE.CONFIG_TEMPLATE_CATEGORY (CONFIG_TEMPLATE_CATEGORY_ID, CONFIG_TEMPLATE_CATEGORY_NAME, CONFIG_TEMPLATE_CATEGORY_DESC)
VALUES(25, 'MFP Configuration', 'Settings related to the MFP configuration.');
INSERT INTO DEVICE.CONFIG_TEMPLATE_CATEGORY (CONFIG_TEMPLATE_CATEGORY_ID, CONFIG_TEMPLATE_CATEGORY_NAME, CONFIG_TEMPLATE_CATEGORY_DESC)
VALUES(26, 'MFP Pricing', 'Settings related to the MFP pricing.');
INSERT INTO DEVICE.CONFIG_TEMPLATE_CATEGORY (CONFIG_TEMPLATE_CATEGORY_ID, CONFIG_TEMPLATE_CATEGORY_NAME, CONFIG_TEMPLATE_CATEGORY_DESC)
VALUES(27, 'Modem Communications with Server', 'Settings related to the modem communications.');
INSERT INTO DEVICE.CONFIG_TEMPLATE_CATEGORY (CONFIG_TEMPLATE_CATEGORY_ID, CONFIG_TEMPLATE_CATEGORY_NAME, CONFIG_TEMPLATE_CATEGORY_DESC)
VALUES(28, 'Out of Service Settings', 'Settings related to put of service.');
INSERT INTO DEVICE.CONFIG_TEMPLATE_CATEGORY (CONFIG_TEMPLATE_CATEGORY_ID, CONFIG_TEMPLATE_CATEGORY_NAME, CONFIG_TEMPLATE_CATEGORY_DESC)
VALUES(29, 'PublicPC Pricing', 'Settings related to pricing config.');
INSERT INTO DEVICE.CONFIG_TEMPLATE_CATEGORY (CONFIG_TEMPLATE_CATEGORY_ID, CONFIG_TEMPLATE_CATEGORY_NAME, CONFIG_TEMPLATE_CATEGORY_DESC)
VALUES(30, 'Print Job Scanning', 'Settings related to print job scanning.');
INSERT INTO DEVICE.CONFIG_TEMPLATE_CATEGORY (CONFIG_TEMPLATE_CATEGORY_ID, CONFIG_TEMPLATE_CATEGORY_NAME, CONFIG_TEMPLATE_CATEGORY_DESC)
VALUES(31, 'Receipt Parameters', 'Settings related to receipts.');
INSERT INTO DEVICE.CONFIG_TEMPLATE_CATEGORY (CONFIG_TEMPLATE_CATEGORY_ID, CONFIG_TEMPLATE_CATEGORY_NAME, CONFIG_TEMPLATE_CATEGORY_DESC)
VALUES(32, 'Session and Idle Form Configuration', 'Settings related to idle form session.');
INSERT INTO DEVICE.CONFIG_TEMPLATE_CATEGORY (CONFIG_TEMPLATE_CATEGORY_ID, CONFIG_TEMPLATE_CATEGORY_NAME, CONFIG_TEMPLATE_CATEGORY_DESC)
VALUES(33, 'SnapLab Configuration', 'Settings related to snaplab.');
INSERT INTO DEVICE.CONFIG_TEMPLATE_CATEGORY (CONFIG_TEMPLATE_CATEGORY_ID, CONFIG_TEMPLATE_CATEGORY_NAME, CONFIG_TEMPLATE_CATEGORY_DESC)
VALUES(34, 'Survey Configuration', 'Settings related to survey.');
INSERT INTO DEVICE.CONFIG_TEMPLATE_CATEGORY (CONFIG_TEMPLATE_CATEGORY_ID, CONFIG_TEMPLATE_CATEGORY_NAME, CONFIG_TEMPLATE_CATEGORY_DESC)
VALUES(35, 'Usage Instructions', 'Settings related to usage instructions.');
INSERT INTO DEVICE.CONFIG_TEMPLATE_CATEGORY (CONFIG_TEMPLATE_CATEGORY_ID, CONFIG_TEMPLATE_CATEGORY_NAME, CONFIG_TEMPLATE_CATEGORY_DESC)
VALUES(36, 'Batch Settings', 'Settings for batch.');
INSERT INTO DEVICE.CONFIG_TEMPLATE_CATEGORY (CONFIG_TEMPLATE_CATEGORY_ID, CONFIG_TEMPLATE_CATEGORY_NAME, CONFIG_TEMPLATE_CATEGORY_DESC)
VALUES(37, 'PCounter Settings', 'Settings for pcounters.');
INSERT INTO DEVICE.CONFIG_TEMPLATE_CATEGORY (CONFIG_TEMPLATE_CATEGORY_ID, CONFIG_TEMPLATE_CATEGORY_NAME, CONFIG_TEMPLATE_CATEGORY_DESC)
VALUES(38, 'eTransact Settings', 'Settings for eTransact.');

COMMIT;

GRANT SELECT ON DEVICE.CONFIG_TEMPLATE_CATEGORY TO USAT_DEV_READ_ONLY;
GRANT SELECT, INSERT, UPDATE, DELETE ON DEVICE.CONFIG_TEMPLATE_CATEGORY TO USATECH_UPD_TRANS;

ALTER TABLE
   DEVICE.CONFIG_TEMPLATE_SETTING
ADD
   (
    CATEGORY_ID			NUMBER(20),
	  DISPLAY			CHAR(1 BYTE)	default 'Y',
	  DESCRIPTION			VARCHAR2(4000),
	  EDITOR				VARCHAR2(4000),
	  CONVERTER				VARCHAR2(100),
	  CLIENT_SEND			CHAR(1 BYTE),
	  ALIGN					CHAR(1 BYTE),
	  FIELD_SIZE			NUMBER(20)		default 30,
	  FIELD_OFFSET			NUMBER(20),
	  PAD_CHAR   			CHAR(1 BYTE),
    PROPERTY_LIST_VERSION			NUMBER(20),
    DEVICE_TYPE_ID			      NUMBER(20),
	DISPLAY_ORDER			NUMBER(20),
	ALT_NAME			VARCHAR2(200),
	DATA_MODE	CHAR(1 BYTE),
	DATA_MODE_AUX	CHAR(1 BYTE),
	REGEX_ID	NUMBER(20),
	ACTIVE			CHAR(1 BYTE)	default 'Y'
   );
   
COMMENT ON COLUMN DEVICE.CONFIG_TEMPLATE_SETTING.CATEGORY_ID is 'Foreign Key to CONFIG_TEMPLATE_CATEGORY table.';
COMMENT ON COLUMN DEVICE.CONFIG_TEMPLATE_SETTING.PAD_CHAR is 'Represents a character used to pad the field on the left/right sides of the value for a fixed-width config file.';
COMMENT ON COLUMN DEVICE.CONFIG_TEMPLATE_SETTING.DISPLAY is 'Is this field displayable?';
COMMENT ON COLUMN DEVICE.CONFIG_TEMPLATE_SETTING.DESCRIPTION is 'Represents a full description of the field.';
COMMENT ON COLUMN DEVICE.CONFIG_TEMPLATE_SETTING.EDITOR is 'Represents the editor string that will contain regex validation, and max length, etc.';
COMMENT ON COLUMN DEVICE.CONFIG_TEMPLATE_SETTING.CONVERTER is 'Represents the converter class name string value that will be used to convert from ASCII if needed.';
COMMENT ON COLUMN DEVICE.CONFIG_TEMPLATE_SETTING.CLIENT_SEND is 'Can this field be sent to the client?';
COMMENT ON COLUMN DEVICE.CONFIG_TEMPLATE_SETTING.ALIGN is 'Represents the field alignment value - C = center, R = right, L = left.';
COMMENT ON COLUMN DEVICE.CONFIG_TEMPLATE_SETTING.FIELD_SIZE is 'Represents either the viewable size of the field, or the size of the field needed for the config file.';
COMMENT ON COLUMN DEVICE.CONFIG_TEMPLATE_SETTING.FIELD_OFFSET is 'Represents the offset number of the field (inside of a fixed-width configuration file).';
COMMENT ON COLUMN DEVICE.CONFIG_TEMPLATE_SETTING.PROPERTY_LIST_VERSION is 'Property List Version for this config param, as a particular device may have multiple property list versions.';
COMMENT ON COLUMN DEVICE.CONFIG_TEMPLATE_SETTING.DEVICE_TYPE_ID is 'Device Type Id the propery is associated with.';
COMMENT ON COLUMN DEVICE.CONFIG_TEMPLATE_SETTING.DISPLAY_ORDER is 'Represents the order in which to show this param field on the screen.';
COMMENT ON COLUMN DEVICE.CONFIG_TEMPLATE_SETTING.ALT_NAME is 'Allows for alternative name display on the page for emphasis, special notation, etc.';
COMMENT ON COLUMN DEVICE.CONFIG_TEMPLATE_SETTING.DATA_MODE is 'Client Data mode field from original mapping file - A=ASCII, H=HEX, C=CHOICE, P=POPUP.';
COMMENT ON COLUMN DEVICE.CONFIG_TEMPLATE_SETTING.DATA_MODE_AUX is 'When refined client data typing is needed. I.E. sometimes data mode may be "H", but data range can only be 0-9. A value of "N" means numeric.';
COMMENT ON COLUMN DEVICE.CONFIG_TEMPLATE_SETTING.REGEX_ID is 'Foreign key to the CONFIG_TEMPLATE_REGEX table to get the regex_value.';
COMMENT ON COLUMN DEVICE.CONFIG_TEMPLATE_SETTING.ACTIVE is 'Denotes if parameter is actively used for device_type';

ALTER TABLE DEVICE.CONFIG_TEMPLATE_SETTING
ADD CONSTRAINT FK_CFG_TMPL_SET_CAT_ID FOREIGN KEY(CATEGORY_ID)
REFERENCES DEVICE.CONFIG_TEMPLATE_CATEGORY(CONFIG_TEMPLATE_CATEGORY_ID);
 
ALTER TABLE DEVICE.CONFIG_TEMPLATE_SETTING
ADD CONSTRAINT FK_CFG_TMPL_DEV_TYPE_ID FOREIGN KEY(DEVICE_TYPE_ID)
REFERENCES DEVICE.DEVICE_TYPE(DEVICE_TYPE_ID);

CREATE INDEX DEVICE.IDX_CONF_TEMP_SET_DEV_TYPE_ID ON DEVICE.CONFIG_TEMPLATE_SETTING (DEVICE_TYPE_ID) TABLESPACE DEVICE_INDX ONLINE;

GRANT SELECT ON DEVICE.CONFIG_TEMPLATE_SETTING TO USAT_DEV_READ_ONLY;
GRANT SELECT, INSERT, UPDATE, DELETE ON DEVICE.CONFIG_TEMPLATE_SETTING TO USATECH_UPD_TRANS;

CREATE SEQUENCE DEVICE.SEQ_CONFIG_TEMPLATE_REGEX_ID INCREMENT BY 1 MINVALUE 1 MAXVALUE 999999999999999999999999999 START WITH 1 NOCACHE;

CREATE TABLE DEVICE.CONFIG_TEMPLATE_REGEX
(
  REGEX_ID 	NUMBER(20) NOT NULL,
  REGEX_NAME VARCHAR2(60) NOT NULL,
  REGEX_DESC VARCHAR2(60),
  REGEX_VALUE VARCHAR2(4000) NOT NULL,
  CREATED_BY	VARCHAR2(30) NOT NULL,
  CREATED_TS	DATE NOT NULL,
  LAST_UPDATED_BY	VARCHAR2(30) NOT NULL,
  LAST_UPDATED_TS	DATE NOT NULL, 
  CONSTRAINT PK_CONFIG_TEMPLATE_REGEX_ID PRIMARY KEY(REGEX_ID)
) TABLESPACE DEVICE_DATA;

create or replace TRIGGER "DEVICE"."TRBI_CONFIG_TEMPLATE_REGEX" 
  BEFORE INSERT
  on DEVICE.CONFIG_TEMPLATE_REGEX  
  for each row
Begin

    IF :new.regex_id IS NULL THEN

      SELECT SEQ_CONFIG_TEMPLATE_REGEX_ID.nextval
        into :new.regex_id
        FROM dual;

    END IF;

 SELECT    sysdate,
           user,
           sysdate,
           user
      into :new.created_ts,
           :new.created_by,
           :new.last_updated_ts,
           :new.last_updated_by
      FROM dual;
End;
/

create or replace TRIGGER "DEVICE"."TRBU_CONFIG_TEMPLATE_REGEX" BEFORE UPDATE ON DEVICE.CONFIG_TEMPLATE_REGEX
  FOR EACH ROW 
BEGIN
	SELECT
		:OLD.created_by,
		:OLD.created_ts,
		SYSDATE,
		USER
	INTO
		:NEW.created_by,
		:NEW.created_ts,
		:NEW.last_updated_ts,
		:NEW.last_updated_by
	FROM DUAL;
END;
/

COMMENT ON COLUMN DEVICE.CONFIG_TEMPLATE_REGEX.REGEX_ID is 'PK.';
COMMENT ON COLUMN DEVICE.CONFIG_TEMPLATE_REGEX.REGEX_NAME is 'Name of the Regular Expression.';
COMMENT ON COLUMN DEVICE.CONFIG_TEMPLATE_REGEX.REGEX_DESC is 'Description of the Regular Expression.';
COMMENT ON COLUMN DEVICE.CONFIG_TEMPLATE_REGEX.REGEX_VALUE is 'Actual Regular Expression.';

INSERT INTO DEVICE.CONFIG_TEMPLATE_REGEX (REGEX_NAME, REGEX_DESC, REGEX_VALUE)
VALUES('ALPHA', 'Regex to check for alphanumeric characters.', '^[0-9a-zA-Z]*$');
INSERT INTO DEVICE.CONFIG_TEMPLATE_REGEX (REGEX_NAME, REGEX_DESC, REGEX_VALUE)
VALUES('ALPHA_TELEPHONE', 'Regex to check for properly formatted phone number.', '1?\W*([2-9][0-8][0-9])\W*([2-9][0-9]{2})\W*([0-9]{4})(\se?x?t?(\d*))?');
INSERT INTO DEVICE.CONFIG_TEMPLATE_REGEX (REGEX_NAME, REGEX_DESC, REGEX_VALUE)
VALUES('NUMERIC', 'Regex to check for only numeric characters.', '^[0-9]*$');
INSERT INTO DEVICE.CONFIG_TEMPLATE_REGEX (REGEX_NAME, REGEX_DESC, REGEX_VALUE)
VALUES('IP_ADDRESS', 'Regex to check for properly formatted IP Address.', '\b(?:(?:25[0-5]|2[0-4][0-9]|[01]?[0-9][0-9]?)\.){3}(?:25[0-5]|2[0-4][0-9]|[01]?[0-9][0-9]?)\b');
INSERT INTO DEVICE.CONFIG_TEMPLATE_REGEX (REGEX_NAME, REGEX_DESC, REGEX_VALUE)
VALUES('HEX', 'Regex to check for hex value.', '^[0-9a-fA-F]*$');
INSERT INTO DEVICE.CONFIG_TEMPLATE_REGEX (REGEX_NAME, REGEX_DESC, REGEX_VALUE)
VALUES('DISABLE_CHAR_B_8', 'Regex to disable a param with sequence of 8 lc b characters.', '^b{8}');
INSERT INTO DEVICE.CONFIG_TEMPLATE_REGEX (REGEX_NAME, REGEX_DESC, REGEX_VALUE)
VALUES('NUMERIC_OR_DISABLE_CHAR_B_8', 'Validate numeric or disable with sequence of 8 lc b chars.', '^[0-9]*$|^b{8}');
INSERT INTO DEVICE.CONFIG_TEMPLATE_REGEX (REGEX_NAME, REGEX_DESC, REGEX_VALUE)
VALUES('HEX_OR_DISABLE_CHAR_B_8', 'Validate hex or disable with sequence of 8 lc b characters.', '^[0-9a-fA-F]*$|^b{8}');
INSERT INTO DEVICE.CONFIG_TEMPLATE_REGEX (REGEX_NAME, REGEX_DESC, REGEX_VALUE)
VALUES('OPTION_CHARS_YN', 'Validate options for Y and N.', '^[ynYN]$');
INSERT INTO DEVICE.CONFIG_TEMPLATE_REGEX (REGEX_NAME, REGEX_DESC, REGEX_VALUE)
VALUES('OPTION_CHARS_YNC', 'Validate options for Y, N and C.', '^[yncYNC]$');
INSERT INTO DEVICE.CONFIG_TEMPLATE_REGEX (REGEX_NAME, REGEX_DESC, REGEX_VALUE)
VALUES('OPTION_CHARS_SU', 'Validate options for S and U.', '^[suSU]$');
INSERT INTO DEVICE.CONFIG_TEMPLATE_REGEX (REGEX_NAME, REGEX_DESC, REGEX_VALUE)
VALUES('OPTION_CHARS_PU', 'Validate options for P and U.', '^[puPU]$');
INSERT INTO DEVICE.CONFIG_TEMPLATE_REGEX (REGEX_NAME, REGEX_DESC, REGEX_VALUE)
VALUES('OPTION_CHARS_YNS', 'Validate options for Y, N and S.', '^[ynsYNS]$');
INSERT INTO DEVICE.CONFIG_TEMPLATE_REGEX (REGEX_NAME, REGEX_DESC, REGEX_VALUE)
VALUES('OPTION_CHARS_CU', 'Validate options for C and U.', '^[cuCU]$');
INSERT INTO DEVICE.CONFIG_TEMPLATE_REGEX (REGEX_NAME, REGEX_DESC, REGEX_VALUE)
VALUES('OPTION_CHARS_TP', 'Validate options for T and P.', '^[tpTP]$');
INSERT INTO DEVICE.CONFIG_TEMPLATE_REGEX (REGEX_NAME, REGEX_DESC, REGEX_VALUE)
VALUES('OPTION_CHARS_IO', 'Validate options for I and O.', '^[ioIO]$');
INSERT INTO DEVICE.CONFIG_TEMPLATE_REGEX (REGEX_NAME, REGEX_DESC, REGEX_VALUE)
VALUES('ALPHA_OR_IP_ADDRESS', 'Validate alpha chars or the IP Address pattern.', '^[0-9a-zA-Z]*$|^(\\d{1,2}|1\\d\\d|2[0-4]\\d|25[0-5])\\.(\\d{1,2}|1\\d\\d|2[0-4]\\d|25[0-5])\\.(\\d{1,2}|1\\d\\d|2[0-4]\\d|25[0-5])\\.(\\d{1,2}|1\\d\\d|2[0-4]\\d|25[0-5])$');
INSERT INTO DEVICE.CONFIG_TEMPLATE_REGEX (REGEX_NAME, REGEX_DESC, REGEX_VALUE)
VALUES('PRINTABLE_CHARS', 'Validate extraneous printable chars.', '([\W])+');
INSERT INTO DEVICE.CONFIG_TEMPLATE_REGEX (REGEX_NAME, REGEX_DESC, REGEX_VALUE)
VALUES('ALPHA_AND_PRINTABLE_CHARS', 'Validate extraneous printable chars.', '([\w]|[\W])+');
INSERT INTO DEVICE.CONFIG_TEMPLATE_REGEX (REGEX_NAME, REGEX_DESC, REGEX_VALUE)
VALUES('NUMERIC_WITH_OPTIONAL_DECIMAL', 'Validate numeric - optional decimal - 1 or 2 numbers after.', '^[0-9]+(\.[0-9]{1,2})?$');

COMMIT;

GRANT SELECT ON DEVICE.CONFIG_TEMPLATE_REGEX TO USAT_DEV_READ_ONLY;
GRANT SELECT, INSERT, UPDATE, DELETE ON DEVICE.CONFIG_TEMPLATE_REGEX TO USATECH_UPD_TRANS;

CREATE SEQUENCE DEVICE.SEQ_CONFIG_TEMPLATE_CUSTOM_ID INCREMENT BY 1 MAXVALUE 1000000000000000000000000000 MINVALUE 1 NOCACHE;

CREATE TABLE DEVICE.CONFIG_TEMPLATE_CUSTOM
(
  ID 	NUMBER(20,0) NOT NULL,
  NAME	VARCHAR2(60) NOT NULL,
  DESCRIPTION	VARCHAR2(60),
  CONFIG_TEMP_SET_DEVICE_TYPE_ID			NUMBER(20),
  CONFIG_TEMP_SET_PROP_LIST_VER			NUMBER(20),
  CUSTOM_ACTIVE_YN_FLAG			CHAR(1 BYTE),
  CREATED_BY	VARCHAR2(30) NOT NULL,
  CREATED_TS	DATE NOT NULL,
  LAST_UPDATED_BY	VARCHAR2(30) NOT NULL,
  LAST_UPDATED_TS	DATE NOT NULL, 
  CONSTRAINT PK_CONF_TEMP_CUST_ID PRIMARY KEY(ID)
) TABLESPACE DEVICE_DATA;

COMMENT ON COLUMN DEVICE.CONFIG_TEMPLATE_CUSTOM.NAME is 'Name for this custom configuration.';
COMMENT ON COLUMN DEVICE.CONFIG_TEMPLATE_CUSTOM.DESCRIPTION is 'Description of this custom configuration.';
COMMENT ON COLUMN DEVICE.CONFIG_TEMPLATE_CUSTOM.CONFIG_TEMP_SET_DEVICE_TYPE_ID is '(Un-enforced!) Foreign Key to the default configuration in the CONFIG_TEMPLATE_SETTING table that this custom config is derived from.';
COMMENT ON COLUMN DEVICE.CONFIG_TEMPLATE_CUSTOM.CUSTOM_ACTIVE_YN_FLAG is 'Is this custom configuration active?';

create or replace TRIGGER "DEVICE"."TRBI_CONFIG_TEMPLATE_CUSTOM" 
  BEFORE INSERT
  on DEVICE.CONFIG_TEMPLATE_CUSTOM
  
  for each row
Begin

    IF :new.id IS NULL THEN

      SELECT SEQ_CONFIG_TEMPLATE_CUSTOM_ID.nextval
        into :new.id
        FROM dual;

    END IF;

 SELECT    sysdate,
           user,
           sysdate,
           user
      into :new.created_ts,
           :new.created_by,
           :new.last_updated_ts,
           :new.last_updated_by
      FROM dual;
End;
/

create or replace TRIGGER "DEVICE"."TRBU_CONFIG_TEMPLATE_CUSTOM" BEFORE UPDATE ON DEVICE.CONFIG_TEMPLATE_CUSTOM
  FOR EACH ROW 
BEGIN
	SELECT
		:OLD.created_by,
		:OLD.created_ts,
		SYSDATE,
		USER
	INTO
		:NEW.created_by,
		:NEW.created_ts,
		:NEW.last_updated_ts,
		:NEW.last_updated_by
	FROM DUAL;
END;
/

GRANT SELECT ON DEVICE.CONFIG_TEMPLATE_CUSTOM TO USAT_DEV_READ_ONLY;
GRANT SELECT, INSERT, UPDATE, DELETE ON DEVICE.CONFIG_TEMPLATE_CUSTOM TO USATECH_UPD_TRANS;

CREATE TABLE DEVICE.CONFIG_TEMPLATE_CUSTOM_SETTING
(
  ID NUMBER(20,0) NOT NULL,
  CONFIG_TEMP_CUSTOM_ID 	NUMBER(20,0) NOT NULL,
  DEVICE_SETTING_PARAMETER_CD	VARCHAR2(60) NOT NULL,
  CUSTOM_SETTING_VALUE	VARCHAR2(200),
  CREATED_BY	VARCHAR2(30) NOT NULL,
  CREATED_TS	DATE NOT NULL,
  LAST_UPDATED_BY	VARCHAR2(30) NOT NULL,
  LAST_UPDATED_TS	DATE NOT NULL, 
  CONSTRAINT PK_ID_DEV_SET_PRM_CD PRIMARY KEY(CONFIG_TEMP_CUSTOM_ID, DEVICE_SETTING_PARAMETER_CD)
) TABLESPACE DEVICE_DATA;

COMMENT ON COLUMN DEVICE.CONFIG_TEMPLATE_CUSTOM_SETTING.CONFIG_TEMP_CUSTOM_ID is 'Foreign Key to the CONFIG_TEMPLATE_CUSTOM table.';
COMMENT ON COLUMN DEVICE.CONFIG_TEMPLATE_CUSTOM_SETTING.DEVICE_SETTING_PARAMETER_CD is 'Foreign Key to the DEVICE_SETTING_PARAMETER table.';
COMMENT ON COLUMN DEVICE.CONFIG_TEMPLATE_CUSTOM_SETTING.CUSTOM_SETTING_VALUE is 'Value set for this custom config parameter.';

ALTER TABLE DEVICE.CONFIG_TEMPLATE_CUSTOM_SETTING
ADD CONSTRAINT FK_CONFIG_TEMP_CUSTOM_ID FOREIGN KEY
(
	CONFIG_TEMP_CUSTOM_ID
)
REFERENCES DEVICE.CONFIG_TEMPLATE_CUSTOM
(
	ID
);

ALTER TABLE DEVICE.CONFIG_TEMPLATE_CUSTOM_SETTING
ADD CONSTRAINT FK_CUST_TMP_CNF_DEV_SET_PRM_CD FOREIGN KEY
(
	DEVICE_SETTING_PARAMETER_CD
)
REFERENCES DEVICE.DEVICE_SETTING_PARAMETER
(
	DEVICE_SETTING_PARAMETER_CD
);

CREATE SEQUENCE DEVICE.SEQ_CONFIG_TEMPLATE_CUS_SET_ID INCREMENT BY 1 MAXVALUE 1000000000000000000000000000 MINVALUE 1 NOCACHE ;

create or replace TRIGGER "DEVICE"."TRBI_CONFIG_TEMPLATE_CUST_SETT" BEFORE INSERT ON DEVICE.CONFIG_TEMPLATE_CUSTOM_SETTING
  FOR EACH ROW
BEGIN
	IF :new.id IS NULL THEN

      SELECT SEQ_CONFIG_TEMPLATE_CUS_SET_ID.nextval
        into :new.id
        FROM dual;

    END IF;
	SELECT 
		SYSDATE,
		USER,
		SYSDATE,
		USER
	INTO 
		:NEW.created_ts,
		:NEW.created_by,
		:NEW.last_updated_ts,
		:NEW.last_updated_by
	FROM DUAL;
END;
/

create or replace TRIGGER "DEVICE"."TRBU_CONFIG_TEMPLATE_CUST_SETT" BEFORE UPDATE ON DEVICE.CONFIG_TEMPLATE_CUSTOM_SETTING
  FOR EACH ROW 
BEGIN
	SELECT
		:OLD.created_by,
		:OLD.created_ts,
		SYSDATE,
		USER
	INTO
		:NEW.created_by,
		:NEW.created_ts,
		:NEW.last_updated_ts,
		:NEW.last_updated_by
	FROM DUAL;
END;
/

GRANT SELECT ON DEVICE.CONFIG_TEMPLATE_CUSTOM_SETTING TO USAT_DEV_READ_ONLY;
GRANT SELECT, INSERT, UPDATE, DELETE ON DEVICE.CONFIG_TEMPLATE_CUSTOM_SETTING TO USATECH_UPD_TRANS;

CREATE TABLE DEVICE.CONFIG_TEMPLATE_CATEGORY_DISP
(
  CONFIG_TEMPLATE_CATEGORY_ID 	NUMBER(20) NOT NULL,
  DEVICE_TYPE_ID NUMBER(20) NOT NULL,
  DISPLAY			CHAR(1 BYTE)	default 'Y',
  CATEGORY_DISPLAY_ORDER			NUMBER(20),
  CREATED_BY	VARCHAR2(30) NOT NULL,
  CREATED_TS	DATE NOT NULL,
  LAST_UPDATED_BY	VARCHAR2(30) NOT NULL,
  LAST_UPDATED_TS	DATE NOT NULL, 
  CONSTRAINT PK_CONFIG_TEMP_CAT_ID_DV_TP_ID PRIMARY KEY
  (
    CONFIG_TEMPLATE_CATEGORY_ID,
	DEVICE_TYPE_ID
  )
)
  TABLESPACE DEVICE_DATA;

COMMENT ON COLUMN DEVICE.CONFIG_TEMPLATE_CATEGORY_DISP.CONFIG_TEMPLATE_CATEGORY_ID is 'Foreign key to DEVICE.CONFIG_TEMPLATE_CATEGORY.CONFIG_TEMPLATE_CATEGORY_ID, part of compound pk';
COMMENT ON COLUMN DEVICE.CONFIG_TEMPLATE_CATEGORY_DISP.DEVICE_TYPE_ID is 'Foreign key to DEVICE.DEVICE_TYPE.DEVICE_TYPE_ID, part of compound pk';
COMMENT ON COLUMN DEVICE.CONFIG_TEMPLATE_CATEGORY_DISP.DISPLAY is 'Indicator regarding if this is a basic or advanced category for display.  Y indicates basic, N indicates advanced.';
COMMENT ON COLUMN DEVICE.CONFIG_TEMPLATE_CATEGORY_DISP.CATEGORY_DISPLAY_ORDER is 'Field to help in sorting/displaying the categories correctly on the screen.';

create or replace TRIGGER "DEVICE"."TRBI_CONFIG_TEMPLATE_CAT_DISP" BEFORE INSERT ON DEVICE.CONFIG_TEMPLATE_CATEGORY_DISP
  FOR EACH ROW
BEGIN
	SELECT 
		SYSDATE,
		USER,
		SYSDATE,
		USER
	INTO 
		:NEW.created_ts,
		:NEW.created_by,
		:NEW.last_updated_ts,
		:NEW.last_updated_by
	FROM DUAL;
END;
/

create or replace TRIGGER "DEVICE"."TRBU_CONFIG_TEMPLATE_CAT_DISP" BEFORE UPDATE ON DEVICE.CONFIG_TEMPLATE_CATEGORY_DISP
  FOR EACH ROW 
BEGIN
	SELECT
		:OLD.created_by,
		:OLD.created_ts,
		SYSDATE,
		USER
	INTO
		:NEW.created_by,
		:NEW.created_ts,
		:NEW.last_updated_ts,
		:NEW.last_updated_by
	FROM DUAL;
END;
/

Insert into DEVICE.CONFIG_TEMPLATE_CATEGORY_DISP (CONFIG_TEMPLATE_CATEGORY_ID,DEVICE_TYPE_ID,DISPLAY,CATEGORY_DISPLAY_ORDER) values (8,11,'N',1);
Insert into DEVICE.CONFIG_TEMPLATE_CATEGORY_DISP (CONFIG_TEMPLATE_CATEGORY_ID,DEVICE_TYPE_ID,DISPLAY,CATEGORY_DISPLAY_ORDER) values (9,11,'N',2);
Insert into DEVICE.CONFIG_TEMPLATE_CATEGORY_DISP (CONFIG_TEMPLATE_CATEGORY_ID,DEVICE_TYPE_ID,DISPLAY,CATEGORY_DISPLAY_ORDER) values (14,11,'Y',3);
Insert into DEVICE.CONFIG_TEMPLATE_CATEGORY_DISP (CONFIG_TEMPLATE_CATEGORY_ID,DEVICE_TYPE_ID,DISPLAY,CATEGORY_DISPLAY_ORDER) values (21,11,'N',4);
Insert into DEVICE.CONFIG_TEMPLATE_CATEGORY_DISP (CONFIG_TEMPLATE_CATEGORY_ID,DEVICE_TYPE_ID,DISPLAY,CATEGORY_DISPLAY_ORDER) values (27,11,'N',5);
Insert into DEVICE.CONFIG_TEMPLATE_CATEGORY_DISP (CONFIG_TEMPLATE_CATEGORY_ID,DEVICE_TYPE_ID,DISPLAY,CATEGORY_DISPLAY_ORDER) values (19,11,'N',6);
Insert into DEVICE.CONFIG_TEMPLATE_CATEGORY_DISP (CONFIG_TEMPLATE_CATEGORY_ID,DEVICE_TYPE_ID,DISPLAY,CATEGORY_DISPLAY_ORDER) values (17,11,'N',7);
Insert into DEVICE.CONFIG_TEMPLATE_CATEGORY_DISP (CONFIG_TEMPLATE_CATEGORY_ID,DEVICE_TYPE_ID,DISPLAY,CATEGORY_DISPLAY_ORDER) values (29,11,'Y',8);
Insert into DEVICE.CONFIG_TEMPLATE_CATEGORY_DISP (CONFIG_TEMPLATE_CATEGORY_ID,DEVICE_TYPE_ID,DISPLAY,CATEGORY_DISPLAY_ORDER) values (24,11,'Y',9);
Insert into DEVICE.CONFIG_TEMPLATE_CATEGORY_DISP (CONFIG_TEMPLATE_CATEGORY_ID,DEVICE_TYPE_ID,DISPLAY,CATEGORY_DISPLAY_ORDER) values (12,11,'Y',10);
Insert into DEVICE.CONFIG_TEMPLATE_CATEGORY_DISP (CONFIG_TEMPLATE_CATEGORY_ID,DEVICE_TYPE_ID,DISPLAY,CATEGORY_DISPLAY_ORDER) values (20,11,'N',11);
Insert into DEVICE.CONFIG_TEMPLATE_CATEGORY_DISP (CONFIG_TEMPLATE_CATEGORY_ID,DEVICE_TYPE_ID,DISPLAY,CATEGORY_DISPLAY_ORDER) values (31,11,'Y',12);
Insert into DEVICE.CONFIG_TEMPLATE_CATEGORY_DISP (CONFIG_TEMPLATE_CATEGORY_ID,DEVICE_TYPE_ID,DISPLAY,CATEGORY_DISPLAY_ORDER) values (28,11,'Y',13);
Insert into DEVICE.CONFIG_TEMPLATE_CATEGORY_DISP (CONFIG_TEMPLATE_CATEGORY_ID,DEVICE_TYPE_ID,DISPLAY,CATEGORY_DISPLAY_ORDER) values (35,11,'Y',14);
Insert into DEVICE.CONFIG_TEMPLATE_CATEGORY_DISP (CONFIG_TEMPLATE_CATEGORY_ID,DEVICE_TYPE_ID,DISPLAY,CATEGORY_DISPLAY_ORDER) values (34,11,'Y',15);
Insert into DEVICE.CONFIG_TEMPLATE_CATEGORY_DISP (CONFIG_TEMPLATE_CATEGORY_ID,DEVICE_TYPE_ID,DISPLAY,CATEGORY_DISPLAY_ORDER) values (13,11,'Y',16);
Insert into DEVICE.CONFIG_TEMPLATE_CATEGORY_DISP (CONFIG_TEMPLATE_CATEGORY_ID,DEVICE_TYPE_ID,DISPLAY,CATEGORY_DISPLAY_ORDER) values (15,11,'N',17);
Insert into DEVICE.CONFIG_TEMPLATE_CATEGORY_DISP (CONFIG_TEMPLATE_CATEGORY_ID,DEVICE_TYPE_ID,DISPLAY,CATEGORY_DISPLAY_ORDER) values (32,11,'N',18);
Insert into DEVICE.CONFIG_TEMPLATE_CATEGORY_DISP (CONFIG_TEMPLATE_CATEGORY_ID,DEVICE_TYPE_ID,DISPLAY,CATEGORY_DISPLAY_ORDER) values (30,11,'N',19);
Insert into DEVICE.CONFIG_TEMPLATE_CATEGORY_DISP (CONFIG_TEMPLATE_CATEGORY_ID,DEVICE_TYPE_ID,DISPLAY,CATEGORY_DISPLAY_ORDER) values (25,11,'N',20);
Insert into DEVICE.CONFIG_TEMPLATE_CATEGORY_DISP (CONFIG_TEMPLATE_CATEGORY_ID,DEVICE_TYPE_ID,DISPLAY,CATEGORY_DISPLAY_ORDER) values (26,11,'Y',21);
Insert into DEVICE.CONFIG_TEMPLATE_CATEGORY_DISP (CONFIG_TEMPLATE_CATEGORY_ID,DEVICE_TYPE_ID,DISPLAY,CATEGORY_DISPLAY_ORDER) values (33,11,'N',22);
Insert into DEVICE.CONFIG_TEMPLATE_CATEGORY_DISP (CONFIG_TEMPLATE_CATEGORY_ID,DEVICE_TYPE_ID,DISPLAY,CATEGORY_DISPLAY_ORDER) values (22,11,'N',23);
Insert into DEVICE.CONFIG_TEMPLATE_CATEGORY_DISP (CONFIG_TEMPLATE_CATEGORY_ID,DEVICE_TYPE_ID,DISPLAY,CATEGORY_DISPLAY_ORDER) values (16,11,'N',24);
Insert into DEVICE.CONFIG_TEMPLATE_CATEGORY_DISP (CONFIG_TEMPLATE_CATEGORY_ID,DEVICE_TYPE_ID,DISPLAY,CATEGORY_DISPLAY_ORDER) values (23,11,'N',null);
Insert into DEVICE.CONFIG_TEMPLATE_CATEGORY_DISP (CONFIG_TEMPLATE_CATEGORY_ID,DEVICE_TYPE_ID,DISPLAY,CATEGORY_DISPLAY_ORDER) values (18,11,'N',null);
Insert into DEVICE.CONFIG_TEMPLATE_CATEGORY_DISP (CONFIG_TEMPLATE_CATEGORY_ID,DEVICE_TYPE_ID,DISPLAY,CATEGORY_DISPLAY_ORDER) values (8,12,'N',1);
Insert into DEVICE.CONFIG_TEMPLATE_CATEGORY_DISP (CONFIG_TEMPLATE_CATEGORY_ID,DEVICE_TYPE_ID,DISPLAY,CATEGORY_DISPLAY_ORDER) values (9,12,'N',2);
Insert into DEVICE.CONFIG_TEMPLATE_CATEGORY_DISP (CONFIG_TEMPLATE_CATEGORY_ID,DEVICE_TYPE_ID,DISPLAY,CATEGORY_DISPLAY_ORDER) values (10,12,'Y',3);
Insert into DEVICE.CONFIG_TEMPLATE_CATEGORY_DISP (CONFIG_TEMPLATE_CATEGORY_ID,DEVICE_TYPE_ID,DISPLAY,CATEGORY_DISPLAY_ORDER) values (11,12,'Y',4);
Insert into DEVICE.CONFIG_TEMPLATE_CATEGORY_DISP (CONFIG_TEMPLATE_CATEGORY_ID,DEVICE_TYPE_ID,DISPLAY,CATEGORY_DISPLAY_ORDER) values (12,12,'Y',5);
Insert into DEVICE.CONFIG_TEMPLATE_CATEGORY_DISP (CONFIG_TEMPLATE_CATEGORY_ID,DEVICE_TYPE_ID,DISPLAY,CATEGORY_DISPLAY_ORDER) values (13,12,'Y',6);
Insert into DEVICE.CONFIG_TEMPLATE_CATEGORY_DISP (CONFIG_TEMPLATE_CATEGORY_ID,DEVICE_TYPE_ID,DISPLAY,CATEGORY_DISPLAY_ORDER) values (1,13,'Y',1);
Insert into DEVICE.CONFIG_TEMPLATE_CATEGORY_DISP (CONFIG_TEMPLATE_CATEGORY_ID,DEVICE_TYPE_ID,DISPLAY,CATEGORY_DISPLAY_ORDER) values (3,13,'Y',2);
Insert into DEVICE.CONFIG_TEMPLATE_CATEGORY_DISP (CONFIG_TEMPLATE_CATEGORY_ID,DEVICE_TYPE_ID,DISPLAY,CATEGORY_DISPLAY_ORDER) values (7,13,'N',3);
Insert into DEVICE.CONFIG_TEMPLATE_CATEGORY_DISP (CONFIG_TEMPLATE_CATEGORY_ID,DEVICE_TYPE_ID,DISPLAY,CATEGORY_DISPLAY_ORDER) values (6,13,'Y',4);
Insert into DEVICE.CONFIG_TEMPLATE_CATEGORY_DISP (CONFIG_TEMPLATE_CATEGORY_ID,DEVICE_TYPE_ID,DISPLAY,CATEGORY_DISPLAY_ORDER) values (5,13,'Y',5);
Insert into DEVICE.CONFIG_TEMPLATE_CATEGORY_DISP (CONFIG_TEMPLATE_CATEGORY_ID,DEVICE_TYPE_ID,DISPLAY,CATEGORY_DISPLAY_ORDER) values (2,13,'Y',6);
Insert into DEVICE.CONFIG_TEMPLATE_CATEGORY_DISP (CONFIG_TEMPLATE_CATEGORY_ID,DEVICE_TYPE_ID,DISPLAY,CATEGORY_DISPLAY_ORDER) values (4,13,'Y',7);
Insert into DEVICE.CONFIG_TEMPLATE_CATEGORY_DISP (CONFIG_TEMPLATE_CATEGORY_ID,DEVICE_TYPE_ID,DISPLAY,CATEGORY_DISPLAY_ORDER) values (38,13,'Y',8);

COMMIT;

GRANT SELECT ON DEVICE.CONFIG_TEMPLATE_CATEGORY_DISP TO USAT_DEV_READ_ONLY;
GRANT SELECT, INSERT, UPDATE, DELETE ON DEVICE.CONFIG_TEMPLATE_CATEGORY_DISP TO USATECH_UPD_TRANS;

CREATE TABLE ENGINE.MESSAGE_TYPE
(
  MESSAGE_TYPE_CD VARCHAR2(10) NOT NULL,
  MESSAGE_TYPE_NAME VARCHAR2(200) NOT NULL,
  CREATED_BY	VARCHAR2(30) NOT NULL,
  CREATED_TS	DATE NOT NULL,
  LAST_UPDATED_BY	VARCHAR2(30) NOT NULL,
  LAST_UPDATED_TS	DATE NOT NULL, 
  CONSTRAINT PK_MESSAGE_TYPE PRIMARY KEY(MESSAGE_TYPE_CD)
) TABLESPACE ENGINE_DATA;

create or replace TRIGGER "ENGINE"."TRBI_MESSAGE_TYPE" BEFORE INSERT ON ENGINE.MESSAGE_TYPE
  FOR EACH ROW
BEGIN
	SELECT 
		SYSDATE,
		USER,
		SYSDATE,
		USER
	INTO 
		:NEW.created_ts,
		:NEW.created_by,
		:NEW.last_updated_ts,
		:NEW.last_updated_by
	FROM DUAL;
END;
/

create or replace TRIGGER "ENGINE"."TRBU_MESSAGE_TYPE" BEFORE UPDATE ON ENGINE.MESSAGE_TYPE
  FOR EACH ROW 
BEGIN
	SELECT
		:OLD.created_by,
		:OLD.created_ts,
		SYSDATE,
		USER
	INTO
		:NEW.created_by,
		:NEW.created_ts,
		:NEW.last_updated_ts,
		:NEW.last_updated_by
	FROM DUAL;
END;
/

INSERT INTO ENGINE.MESSAGE_TYPE(MESSAGE_TYPE_CD, MESSAGE_TYPE_NAME)
select '2A', '(2Ah) Net Authorization Batch V2' from dual union all
select '2B', '(2Bh) Local Authorization Batch V2' from dual union all
select '2E', '(2Eh) Generic Data Log' from dual union all
select '2F', '(2Fh) Generic ACK' from dual union all
select '5B', '(5Bh) Cash Sales Detail' from dual union all
select '5C', '(5Ch) Alive Alert' from dual union all
select '5E', '(5Eh) Authorization Request V2' from dual union all
select '5F', '(5Fh) Sony Info' from dual union all
select '60', '(60h) Sony Info Old' from dual union all
select '71', '(71h) Batch ACK V2' from dual union all
select '73',  '(73h) Force Device Shutdown' from dual union all
select '75', '(75h) Device Control ACK' from dual union all
select '76',  '(76h) Device Reactivate' from dual union all
select '7C', '(7Ch) File Transfer Start' from dual union all
select '7D', '(7Dh) File Transfer Start ACK' from dual union all
select '7E', '(7Eh) File Transfer' from dual union all
select '7F', '(7Fh) File Transfer ACK' from dual union all
select '80', '(80h) File Transfer Kill' from dual union all
select '81', '(81h) File Transfer Kill ACK' from dual union all
select '82', '(82h) Client to Server Info Request' from dual union all
select '83',  '(83h) Server to Client Info Request' from dual union all
select '84', '(84h) UNIX Time' from dual union all
select '85', '(85h) BCD Time' from dual union all
select '86', '(86h) Gx Counters' from dual union all
select '87', '(87h) Gx Peek' from dual union all
select '88', '(88h) Gx Poke' from dual union all
select '8E', '(8Eh) Initialization V3' from dual union all
select '8F', '(8Fh) Set ID Number and Key' from dual union all
select '90', '(90h) Terminal Update Status' from dual union all
select '91', '(91h) Generic NAK' from dual union all
select '92', '(92h) Update Status Request' from dual union all
select '93', '(93h) Local Authorization Batch V2 (BCD)' from dual union all
select '94', '(94h) Cash Sales Detail V2 (BCD)' from dual union all
select '95', '(95h) Cash Sale Detail ACK V2' from dual union all
select '96', '(96h) Cash Sales Detail V3' from dual union all
select '97', '(96h) Cash Sales Detail V3 (BCD)' from dual union all
select '98', '(98h) Generic NAK V2' from dual union all
select '99', '(99h) Client Version' from dual union all
select '9A45', '(9Ah)(45h) Room Model Info/Layout' from dual union all
select '9A46', '(9Ah)(46h) Room Model Info/Layout ACK' from dual union all
select '9A47', '(9Ah)(47h) Room Status' from dual union all
select '9A41', '(9Ah)(41h) Room Status w/ Starting Port' from dual union all
select '9A5E', '(9Ah)(5Eh) eSuds Network Authorization Batch (actual)' from dual union all
select '9A5F', '(9Ah)(5Fh) eSuds Local Authorization Batch' from dual union all
select '9A61','(9Ah)(61h) Get eSuds Machine Diagnostics' from dual union all
select '9A62', '(9Ah)(62h) Washer/Dryer Diagnostics' from dual union all
select '9A63', '(9Ah)(63h) Room Model Info/Layout V2' from dual union all
select '9A60', '(9Ah)(60h) eSuds Network Authorization Batch (intended)' from dual union all
select '9A6A', '(9Ah)(6Ah) Washer/Dryer Labels' from dual union all
select '9B','(9Bh) File Transfer Request' from dual union all
select 'A0', '(A0h) Authorization Request V3' from dual union all
select 'A1', '(A1h) Authorization Response V3' from dual union all
select 'A2', '(A2h) Net Authorization Batch V2.1' from dual union all
select 'A3', '(A3h) Local Authorization Batch V2.2' from dual union all
select 'A4', '(A4h) File Transfer Start V1.1' from dual union all
select 'A5', '(A5h) File Transfer Start ACK V1.1' from dual union all
select 'A6', '(A6h) File Transfer V1.1' from dual union all
select 'A7', '(A7h) File Transfer ACK V1.1' from dual union all
select 'A8', '(A8h) Counters V2.0' from dual union all 
select 'A9', '(A9h) External File Transfer Request' from dual union all
select 'AA', '(AAh) Permission Request' from dual union all
select 'AB', '(ABh) Permission Response' from dual union all
select 'AC', '(ACh) Authorization Request V3.1' from dual union all
select 'AD', '(ADh) Initialization V3.1' from dual union all
select 'B1', '(B1h) Initialization V2' from dual union all
select 'B9', '(B9h) Sony Info V2' from dual union all
select 'C0', '(C0h) Initialization V4.1' from dual union all
select 'C1', '(C1h) Component Identification V4.1' from dual union all
select 'C2', '(C2h) Authorization Request V4.1' from dual union all
select 'C3', '(C3h) Authorization Response V4.1' from dual union all
select 'C4', '(C4h) Sale V4.1' from dual union all
select 'C5', '(C5h) Settlement V4.1' from dual union all
select 'C6', '(C6h) Generic Event V4.1' from dual union all
select 'C7', '(C7h) Short File Transfer V4.1' from dual union all
select 'C8', '(C8h) File Transfer Start V4.1' from dual union all
select 'C9', '(C9h) File Transfer V4.1' from dual union all
select 'CA', '(CAh) Generic Request V4.1' from dual union all
select 'CB', '(CBh) Generic Response V4.1' from dual union all
select '??', '(??) Invalid message' from dual;

COMMIT;

GRANT SELECT ON ENGINE.MESSAGE_TYPE TO USAT_DMS_ROLE, USAT_DEV_READ_ONLY;
GRANT SELECT, INSERT, UPDATE, DELETE ON ENGINE.MESSAGE_TYPE TO USATECH_UPD_TRANS;

UPDATE DEVICE.ACTION_PARAM SET ACTION_PARAM_NAME = 'Call into Server Immediately' WHERE ACTION_PARAM_NAME = 'Call-in to server immediatly';
UPDATE DEVICE.ACTION_PARAM SET ACTION_PARAM_NAME = 'Call into Server' WHERE ACTION_PARAM_NAME = 'Call In to Server';
COMMIT;

CREATE SEQUENCE DEVICE.SEQ_DEVICE_TYPE_FIRMWARE_ID INCREMENT BY 1 MINVALUE 1 MAXVALUE 999999999999999999999999999 START WITH 1 NOCACHE;

CREATE TABLE DEVICE.DEVICE_TYPE_FIRMWARE
(
  DEVICE_TYPE_FIRMWARE_ID NUMBER(20,0) NOT NULL,
  DEVICE_TYPE_ID NUMBER(20,0) NOT NULL,
  FIRMWARE_VERSION VARCHAR2(200),
  CREATED_BY	VARCHAR2(30) NOT NULL,
  CREATED_TS	DATE NOT NULL,
  LAST_UPDATED_BY	VARCHAR2(30) NOT NULL,
  LAST_UPDATED_TS	DATE NOT NULL, 
  CONSTRAINT PK_DEVICE_TYPE_FIRMWARE PRIMARY KEY(DEVICE_TYPE_FIRMWARE_ID)
) TABLESPACE DEVICE_DATA;

ALTER TABLE DEVICE.DEVICE_TYPE_FIRMWARE
ADD CONSTRAINT FK_DEV_TYPE_FW_DEV_TYPE_ID FOREIGN KEY(DEVICE_TYPE_ID)
REFERENCES DEVICE.DEVICE_TYPE(DEVICE_TYPE_ID);

CREATE UNIQUE INDEX DEVICE.UDX_DEV_TYPE_FW_DT_ID_FW_VER ON DEVICE.DEVICE_TYPE_FIRMWARE (DEVICE_TYPE_ID, FIRMWARE_VERSION) TABLESPACE DEVICE_INDX ONLINE;
CREATE INDEX DEVICE.IDX_DEV_TYPE_FW_FW_VERSION ON DEVICE.DEVICE_TYPE_FIRMWARE (FIRMWARE_VERSION) TABLESPACE DEVICE_INDX ONLINE;

create or replace TRIGGER "DEVICE"."TRBI_DEVICE_TYPE_FIRMWARE" BEFORE INSERT ON DEVICE.DEVICE_TYPE_FIRMWARE
  FOR EACH ROW
BEGIN
	IF :NEW.DEVICE_TYPE_FIRMWARE_ID IS NULL THEN
		SELECT SEQ_DEVICE_TYPE_FIRMWARE_ID.NEXTVAL
        INTO :NEW.DEVICE_TYPE_FIRMWARE_ID
        FROM DUAL;
    END IF;

	SELECT 
		SYSDATE,
		USER,
		SYSDATE,
		USER
	INTO 
		:NEW.created_ts,
		:NEW.created_by,
		:NEW.last_updated_ts,
		:NEW.last_updated_by
	FROM DUAL;
END;
/

create or replace TRIGGER "DEVICE"."TRBU_DEVICE_TYPE_FIRMWARE" BEFORE UPDATE ON DEVICE.DEVICE_TYPE_FIRMWARE
  FOR EACH ROW 
BEGIN
	SELECT
		:OLD.created_by,
		:OLD.created_ts,
		SYSDATE,
		USER
	INTO
		:NEW.created_by,
		:NEW.created_ts,
		:NEW.last_updated_ts,
		:NEW.last_updated_by
	FROM DUAL;
END;
/

GRANT SELECT ON DEVICE.DEVICE_TYPE_FIRMWARE TO USAT_DMS_ROLE, USAT_DEV_READ_ONLY;
GRANT SELECT, INSERT, UPDATE, DELETE ON DEVICE.DEVICE_TYPE_FIRMWARE TO USATECH_UPD_TRANS;

INSERT INTO DEVICE.DEVICE_TYPE_FIRMWARE(device_type_id, firmware_version)
select /*+ INDEX(ds IDX_DEVICE_SETTING_PARAM_CD)*/ distinct d.device_type_id, trim(ds.device_setting_value)
from device.device_setting ds
join device.device d on ds.device_id = d.device_id
where ds.device_setting_parameter_cd IN ('Firmware Version', 'eSuds Application Version', 'Public_PC_Version', 'SoftwareVersion')
and d.device_active_yn_flag = 'Y';

COMMIT;
