insert into folio_conf.field_category (field_category_id, field_category_label) values(200, 'RDW');
insert into folio_conf.field_category (field_category_id, field_category_label, parent_field_category_id) values(201, 'Auth Detail Dim', 200);
insert into folio_conf.field_category (field_category_id, field_category_label, parent_field_category_id) values(209, 'Auth Type Dim', 200);
insert into folio_conf.field_category (field_category_id, field_category_label, parent_field_category_id) values(211, 'Consumer Dim', 200);
insert into folio_conf.field_category (field_category_id, field_category_label, parent_field_category_id) values(212, 'Currency Dim', 200);
insert into folio_conf.field_category (field_category_id, field_category_label, parent_field_category_id) values(214, 'Device Dim', 200);
insert into folio_conf.field_category (field_category_id, field_category_label, parent_field_category_id) values(218, 'Host Dim', 200);
insert into folio_conf.field_category (field_category_id, field_category_label, parent_field_category_id) values(219, 'Tran Line Item Dim', 200);
insert into folio_conf.field_category (field_category_id, field_category_label, parent_field_category_id) values(220, 'Tran Item Fact', 200);
insert into folio_conf.field_category (field_category_id, field_category_label, parent_field_category_id) values(227, 'Tran Date Dim', 220);
insert into folio_conf.field_category (field_category_id, field_category_label, parent_field_category_id) values(228, 'Tran Time Dim', 220);
insert into folio_conf.field_category (field_category_id, field_category_label, parent_field_category_id) values(231, 'Ledger Item Fact', 200);
insert into folio_conf.field_category (field_category_id, field_category_label, parent_field_category_id) values(242, 'Location Dim', 200);
insert into folio_conf.field_category (field_category_id, field_category_label, parent_field_category_id) values(243, 'Payment Batch Dim', 200);
insert into folio_conf.field_category (field_category_id, field_category_label, parent_field_category_id) values(244, 'Payment Dim', 200);
insert into folio_conf.field_category (field_category_id, field_category_label, parent_field_category_id) values(245, 'Pos Dim', 200);
insert into folio_conf.field_category (field_category_id, field_category_label, parent_field_category_id) values(247, 'Tran Item Detail Dim', 200);
insert into folio_conf.field_category (field_category_id, field_category_label, parent_field_category_id) values(248, 'Ledger Item Detail Dim', 200);
insert into folio_conf.field_category (field_category_id, field_category_label, parent_field_category_id) values(251, 'Item Type Dim', 200);
insert into folio_conf.field_category (field_category_id, field_category_label, parent_field_category_id) values(254, 'Fill Item Detail Dim', 200);
insert into folio_conf.field_category (field_category_id, field_category_label, parent_field_category_id) values(255, 'Fill Fact', 200);
insert into folio_conf.field_category (field_category_id, field_category_label, parent_field_category_id) values(272, 'Region Location Dim', 200);
insert into folio_conf.field_category (field_category_id, field_category_label, parent_field_category_id) values(1018, 'BEX', 231);
insert into folio_conf.field_category (field_category_id, field_category_label, parent_field_category_id) values(1020, 'BEX', 220);
insert into folio_conf.field_category (field_category_id, field_category_label, parent_field_category_id) values(1022, 'For Payments', 247);
insert into folio_conf.field_category (field_category_id, field_category_label, parent_field_category_id) values(1024, 'For Payments', 211);
insert into folio_conf.field_category (field_category_id, field_category_label, parent_field_category_id) values(1026, 'For Payments', 201);
insert into folio_conf.field_category (field_category_id, field_category_label, parent_field_category_id) values(267, 'Alert Dim', 200);                                                                                                                                                                      
insert into folio_conf.field_category (field_category_id, field_category_label, parent_field_category_id) values(268, 'Alert Fact', 200);                                                                                                                                                                     
insert into folio_conf.field_category (field_category_id, field_category_label, parent_field_category_id) values(271, 'Alert Type Dim', 200);
insert into folio_conf.field_category (field_category_id, field_category_label, parent_field_category_id) values(1040, 'Paid Item Agg', 200);

INSERT INTO FOLIO_CONF.FIELD(FIELD_ID, FIELD_LABEL, FIELD_DESC, DISPLAY_EXPRESSION, SORT_EXPRESSION, 
DISPLAY_FORMAT, DISPLAY_SQL_TYPE, SORT_SQL_TYPE, IMPORTANCE, FIELD_CATEGORY_ID, ACTIVE_FLAG)
 VALUES(8052, 'Authority Tran Cd','','MAIN.RDW.AUTH_DETAIL_DIM.AUTHORITY_TRAN_CD','UPPER(MAIN.RDW.AUTH_DETAIL_DIM.AUTHORITY_TRAN_CD)','','VARCHAR(60)','VARCHAR(60)',50,201,'Y');
INSERT INTO FOLIO_CONF.FIELD(FIELD_ID, FIELD_LABEL, FIELD_DESC, DISPLAY_EXPRESSION, SORT_EXPRESSION, 
DISPLAY_FORMAT, DISPLAY_SQL_TYPE, SORT_SQL_TYPE, IMPORTANCE, FIELD_CATEGORY_ID, ACTIVE_FLAG)
 VALUES(8145, 'Tran Type Id','','MAIN.RDW.AUTH_TYPE_DIM.TRAN_TYPE_ID','MAIN.RDW.AUTH_TYPE_DIM.TRAN_TYPE_ID','','SMALLINT','SMALLINT',50,209,'Y');
INSERT INTO FOLIO_CONF.FIELD(FIELD_ID, FIELD_LABEL, FIELD_DESC, DISPLAY_EXPRESSION, SORT_EXPRESSION, 
DISPLAY_FORMAT, DISPLAY_SQL_TYPE, SORT_SQL_TYPE, IMPORTANCE, FIELD_CATEGORY_ID, ACTIVE_FLAG)
 VALUES(8150, 'Tran Type','','MAIN.RDW.AUTH_TYPE_DIM.TRAN_TYPE','UPPER(MAIN.RDW.AUTH_TYPE_DIM.TRAN_TYPE)','','VARCHAR(50)','VARCHAR(50)',50,209,'Y');
INSERT INTO FOLIO_CONF.FIELD(FIELD_ID, FIELD_LABEL, FIELD_DESC, DISPLAY_EXPRESSION, SORT_EXPRESSION, 
DISPLAY_FORMAT, DISPLAY_SQL_TYPE, SORT_SQL_TYPE, IMPORTANCE, FIELD_CATEGORY_ID, ACTIVE_FLAG)
 VALUES(8170, 'Safe Card Number','','MAIN.RDW.CONSUMER_DIM.SAFE_CARD_NUMBER','UPPER(MAIN.RDW.CONSUMER_DIM.SAFE_CARD_NUMBER)','','VARCHAR(100)','VARCHAR(100)',50,211,'Y');
INSERT INTO FOLIO_CONF.FIELD(FIELD_ID, FIELD_LABEL, FIELD_DESC, DISPLAY_EXPRESSION, SORT_EXPRESSION, 
DISPLAY_FORMAT, DISPLAY_SQL_TYPE, SORT_SQL_TYPE, IMPORTANCE, FIELD_CATEGORY_ID, ACTIVE_FLAG)
 VALUES(8171, 'Card Id','','MAIN.RDW.CONSUMER_DIM.GLOBAL_ACCOUNT_ID','MAIN.RDW.CONSUMER_DIM.GLOBAL_ACCOUNT_ID','','BIGINT','BIGINT',50,211,'Y');
INSERT INTO FOLIO_CONF.FIELD(FIELD_ID, FIELD_LABEL, FIELD_DESC, DISPLAY_EXPRESSION, SORT_EXPRESSION, 
DISPLAY_FORMAT, DISPLAY_SQL_TYPE, SORT_SQL_TYPE, IMPORTANCE, FIELD_CATEGORY_ID, ACTIVE_FLAG)
 VALUES(8172, 'Card Type','','MAIN.RDW.CONSUMER_DIM.CARD_TYPE','UPPER(MAIN.RDW.CONSUMER_DIM.CARD_TYPE)','','VARCHAR(100)','VARCHAR(100)',50,211,'Y');
INSERT INTO FOLIO_CONF.FIELD(FIELD_ID, FIELD_LABEL, FIELD_DESC, DISPLAY_EXPRESSION, SORT_EXPRESSION, 
DISPLAY_FORMAT, DISPLAY_SQL_TYPE, SORT_SQL_TYPE, IMPORTANCE, FIELD_CATEGORY_ID, ACTIVE_FLAG)
 VALUES(8179, 'Currency Code','','MAIN.RDW.CURRENCY_DIM.CURRENCY_CODE','UPPER(MAIN.RDW.CURRENCY_DIM.CURRENCY_CODE)','','CHAR(3)','CHAR(3)',50,212,'Y');
INSERT INTO FOLIO_CONF.FIELD(FIELD_ID, FIELD_LABEL, FIELD_DESC, DISPLAY_EXPRESSION, SORT_EXPRESSION, 
DISPLAY_FORMAT, DISPLAY_SQL_TYPE, SORT_SQL_TYPE, IMPORTANCE, FIELD_CATEGORY_ID, ACTIVE_FLAG)
 VALUES(8180, 'Currency Symbol','','MAIN.RDW.CURRENCY_DIM.CURRENCY_SYMBOL','UPPER(MAIN.RDW.CURRENCY_DIM.CURRENCY_SYMBOL)','','CHAR(1)','CHAR(1)',50,212,'Y');
INSERT INTO FOLIO_CONF.FIELD(FIELD_ID, FIELD_LABEL, FIELD_DESC, DISPLAY_EXPRESSION, SORT_EXPRESSION, 
DISPLAY_FORMAT, DISPLAY_SQL_TYPE, SORT_SQL_TYPE, IMPORTANCE, FIELD_CATEGORY_ID, ACTIVE_FLAG)
 VALUES(8181, 'Currency Name','','MAIN.RDW.CURRENCY_DIM.CURRENCY_NAME','UPPER(MAIN.RDW.CURRENCY_DIM.CURRENCY_NAME)','','VARCHAR(100)','VARCHAR(100)',50,212,'Y');
INSERT INTO FOLIO_CONF.FIELD(FIELD_ID, FIELD_LABEL, FIELD_DESC, DISPLAY_EXPRESSION, SORT_EXPRESSION, 
DISPLAY_FORMAT, DISPLAY_SQL_TYPE, SORT_SQL_TYPE, IMPORTANCE, FIELD_CATEGORY_ID, ACTIVE_FLAG)
 VALUES(8196, 'Device Serial Cd','','MAIN.RDW.DEVICE_DIM.DEVICE_SERIAL_CD','UPPER(MAIN.RDW.DEVICE_DIM.DEVICE_SERIAL_CD)','','VARCHAR(50)','VARCHAR(50)',50,214,'Y');
INSERT INTO FOLIO_CONF.FIELD(FIELD_ID, FIELD_LABEL, FIELD_DESC, DISPLAY_EXPRESSION, SORT_EXPRESSION, 
DISPLAY_FORMAT, DISPLAY_SQL_TYPE, SORT_SQL_TYPE, IMPORTANCE, FIELD_CATEGORY_ID, ACTIVE_FLAG)
 VALUES(8197, 'Device Unique Name','','MAIN.RDW.DEVICE_DIM.DEVICE_UNIQUE_NAME','UPPER(MAIN.RDW.DEVICE_DIM.DEVICE_UNIQUE_NAME)','','VARCHAR(60)','VARCHAR(60)',50,214,'Y');
INSERT INTO FOLIO_CONF.FIELD(FIELD_ID, FIELD_LABEL, FIELD_DESC, DISPLAY_EXPRESSION, SORT_EXPRESSION, 
DISPLAY_FORMAT, DISPLAY_SQL_TYPE, SORT_SQL_TYPE, IMPORTANCE, FIELD_CATEGORY_ID, ACTIVE_FLAG)
 VALUES(8205, 'Last Call Utc Ts','','MAIN.RDW.POS_DIM.LAST_CALL_UTC_TS','MAIN.RDW.POS_DIM.LAST_CALL_UTC_TS','','TIMESTAMP','TIMESTAMP',50,245,'Y');
INSERT INTO FOLIO_CONF.FIELD(FIELD_ID, FIELD_LABEL, FIELD_DESC, DISPLAY_EXPRESSION, SORT_EXPRESSION, 
DISPLAY_FORMAT, DISPLAY_SQL_TYPE, SORT_SQL_TYPE, IMPORTANCE, FIELD_CATEGORY_ID, ACTIVE_FLAG)
 VALUES(8206, 'Last Cash Tran Ts','','MAIN.RDW.POS_DIM.LAST_CASH_TRAN_TS','MAIN.RDW.POS_DIM.LAST_CASH_TRAN_TS','','TIMESTAMP','TIMESTAMP',50,245,'Y');
INSERT INTO FOLIO_CONF.FIELD(FIELD_ID, FIELD_LABEL, FIELD_DESC, DISPLAY_EXPRESSION, SORT_EXPRESSION, 
DISPLAY_FORMAT, DISPLAY_SQL_TYPE, SORT_SQL_TYPE, IMPORTANCE, FIELD_CATEGORY_ID, ACTIVE_FLAG)
 VALUES(8207, 'Last Credit Tran Ts','','MAIN.RDW.POS_DIM.LAST_CREDIT_TRAN_TS','MAIN.RDW.POS_DIM.LAST_CREDIT_TRAN_TS','','TIMESTAMP','TIMESTAMP',50,245,'Y');
INSERT INTO FOLIO_CONF.FIELD(FIELD_ID, FIELD_LABEL, FIELD_DESC, DISPLAY_EXPRESSION, SORT_EXPRESSION, 
DISPLAY_FORMAT, DISPLAY_SQL_TYPE, SORT_SQL_TYPE, IMPORTANCE, FIELD_CATEGORY_ID, ACTIVE_FLAG)
 VALUES(8301, 'Tran Line Item Desc','','MAIN.RDW.TRAN_LINE_ITEM_DIM.TRAN_LINE_ITEM_DESC','UPPER(MAIN.RDW.TRAN_LINE_ITEM_DIM.TRAN_LINE_ITEM_DESC)','','VARCHAR(4000)','VARCHAR(4000)',50,219,'Y');
INSERT INTO FOLIO_CONF.FIELD(FIELD_ID, FIELD_LABEL, FIELD_DESC, DISPLAY_EXPRESSION, SORT_EXPRESSION, 
DISPLAY_FORMAT, DISPLAY_SQL_TYPE, SORT_SQL_TYPE, IMPORTANCE, FIELD_CATEGORY_ID, ACTIVE_FLAG)
 VALUES(8304, 'Tran Line Item Label','','MAIN.RDW.TRAN_LINE_ITEM_DIM.TRAN_LINE_ITEM_LABEL','UPPER(MAIN.RDW.TRAN_LINE_ITEM_DIM.TRAN_LINE_ITEM_LABEL)','','VARCHAR(60)','VARCHAR(60)',50,219,'Y');
INSERT INTO FOLIO_CONF.FIELD(FIELD_ID, FIELD_LABEL, FIELD_DESC, DISPLAY_EXPRESSION, SORT_EXPRESSION, 
DISPLAY_FORMAT, DISPLAY_SQL_TYPE, SORT_SQL_TYPE, IMPORTANCE, FIELD_CATEGORY_ID, ACTIVE_FLAG)
 VALUES(8313, 'Unit Price','','MAIN.RDW.TRAN_ITEM_FACT.UNIT_PRICE','MAIN.RDW.TRAN_ITEM_FACT.UNIT_PRICE','','DECIMAL(12,4)','DECIMAL(12,4)',50,220,'Y');
INSERT INTO FOLIO_CONF.FIELD(FIELD_ID, FIELD_LABEL, FIELD_DESC, DISPLAY_EXPRESSION, SORT_EXPRESSION, 
DISPLAY_FORMAT, DISPLAY_SQL_TYPE, SORT_SQL_TYPE, IMPORTANCE, FIELD_CATEGORY_ID, ACTIVE_FLAG)
 VALUES(8314, 'Product Service Quantity','','MAIN.RDW.TRAN_ITEM_FACT.PRODUCT_SERVICE_QUANTITY','MAIN.RDW.TRAN_ITEM_FACT.PRODUCT_SERVICE_QUANTITY','','INTEGER','INTEGER',50,220,'Y');
INSERT INTO FOLIO_CONF.FIELD(FIELD_ID, FIELD_LABEL, FIELD_DESC, DISPLAY_EXPRESSION, SORT_EXPRESSION, 
DISPLAY_FORMAT, DISPLAY_SQL_TYPE, SORT_SQL_TYPE, IMPORTANCE, FIELD_CATEGORY_ID, ACTIVE_FLAG)
 VALUES(8317, 'Tran Count Fraction','','MAIN.RDW.TRAN_ITEM_FACT.TRAN_COUNT_FRACTION','MAIN.RDW.TRAN_ITEM_FACT.TRAN_COUNT_FRACTION','','DECIMAL(22,21)','DECIMAL(22,21)',50,220,'Y');
INSERT INTO FOLIO_CONF.FIELD(FIELD_ID, FIELD_LABEL, FIELD_DESC, DISPLAY_EXPRESSION, SORT_EXPRESSION, 
DISPLAY_FORMAT, DISPLAY_SQL_TYPE, SORT_SQL_TYPE, IMPORTANCE, FIELD_CATEGORY_ID, ACTIVE_FLAG)
 VALUES(8318, 'Convenience Fee Amount','','MAIN.RDW.TRAN_ITEM_FACT.CONVENIENCE_FEE_AMOUNT','MAIN.RDW.TRAN_ITEM_FACT.CONVENIENCE_FEE_AMOUNT','','DECIMAL(12,4)','DECIMAL(12,4)',50,220,'Y');
INSERT INTO FOLIO_CONF.FIELD(FIELD_ID, FIELD_LABEL, FIELD_DESC, DISPLAY_EXPRESSION, SORT_EXPRESSION, 
DISPLAY_FORMAT, DISPLAY_SQL_TYPE, SORT_SQL_TYPE, IMPORTANCE, FIELD_CATEGORY_ID, ACTIVE_FLAG)
 VALUES(8319, 'Loyalty Discount Amount','','MAIN.RDW.TRAN_ITEM_FACT.LOYALTY_DISCOUNT_AMOUNT','MAIN.RDW.TRAN_ITEM_FACT.LOYALTY_DISCOUNT_AMOUNT','','DECIMAL(12,4)','DECIMAL(12,4)',50,220,'Y');
INSERT INTO FOLIO_CONF.FIELD(FIELD_ID, FIELD_LABEL, FIELD_DESC, DISPLAY_EXPRESSION, SORT_EXPRESSION, 
DISPLAY_FORMAT, DISPLAY_SQL_TYPE, SORT_SQL_TYPE, IMPORTANCE, FIELD_CATEGORY_ID, ACTIVE_FLAG)
 VALUES(8322, 'Quantity','','MAIN.RDW.TRAN_ITEM_FACT.QUANTITY','MAIN.RDW.TRAN_ITEM_FACT.QUANTITY','','INTEGER','INTEGER',50,220,'Y');
INSERT INTO FOLIO_CONF.FIELD(FIELD_ID, FIELD_LABEL, FIELD_DESC, DISPLAY_EXPRESSION, SORT_EXPRESSION, 
DISPLAY_FORMAT, DISPLAY_SQL_TYPE, SORT_SQL_TYPE, IMPORTANCE, FIELD_CATEGORY_ID, ACTIVE_FLAG)
 VALUES(8323, 'Amount','','MAIN.RDW.TRAN_ITEM_FACT.AMOUNT','MAIN.RDW.TRAN_ITEM_FACT.AMOUNT','','DECIMAL(12,4)','DECIMAL(12,4)',50,220,'Y');
INSERT INTO FOLIO_CONF.FIELD(FIELD_ID, FIELD_LABEL, FIELD_DESC, DISPLAY_EXPRESSION, SORT_EXPRESSION, 
DISPLAY_FORMAT, DISPLAY_SQL_TYPE, SORT_SQL_TYPE, IMPORTANCE, FIELD_CATEGORY_ID, ACTIVE_FLAG)
 VALUES(8325, 'Tran Actual Date','','MAIN.RDW.DATE_DIM[TRAN].ACTUAL_DATE','MAIN.RDW.DATE_DIM[TRAN].ACTUAL_DATE','','DATE','DATE',50,227,'Y');
INSERT INTO FOLIO_CONF.FIELD(FIELD_ID, FIELD_LABEL, FIELD_DESC, DISPLAY_EXPRESSION, SORT_EXPRESSION, 
DISPLAY_FORMAT, DISPLAY_SQL_TYPE, SORT_SQL_TYPE, IMPORTANCE, FIELD_CATEGORY_ID, ACTIVE_FLAG)
 VALUES(8344, 'Tran Clock Hour','','MAIN.RDW.TIME_DIM[TRAN].CLOCK_HOUR','MAIN.RDW.TIME_DIM[TRAN].CLOCK_HOUR','','SMALLINT','SMALLINT',50,228,'Y');
INSERT INTO FOLIO_CONF.FIELD(FIELD_ID, FIELD_LABEL, FIELD_DESC, DISPLAY_EXPRESSION, SORT_EXPRESSION, 
DISPLAY_FORMAT, DISPLAY_SQL_TYPE, SORT_SQL_TYPE, IMPORTANCE, FIELD_CATEGORY_ID, ACTIVE_FLAG)
 VALUES(8345, 'Tran Am Pm','','UPPER(MAIN.RDW.TIME_DIM[TRAN].AM_PM)','UPPER(MAIN.RDW.TIME_DIM[TRAN].AM_PM)','','VARCHAR','VARCHAR',50,228,'Y');
INSERT INTO FOLIO_CONF.FIELD(FIELD_ID, FIELD_LABEL, FIELD_DESC, DISPLAY_EXPRESSION, SORT_EXPRESSION, 
DISPLAY_FORMAT, DISPLAY_SQL_TYPE, SORT_SQL_TYPE, IMPORTANCE, FIELD_CATEGORY_ID, ACTIVE_FLAG)
 VALUES(8346, 'Tran Ts','','MAIN.RDW.TRAN_ITEM_FACT.ITEM_TS','MAIN.RDW.TRAN_ITEM_FACT.ITEM_TS','','OTHER','OTHER',50,220,'Y');
INSERT INTO FOLIO_CONF.FIELD(FIELD_ID, FIELD_LABEL, FIELD_DESC, DISPLAY_EXPRESSION, SORT_EXPRESSION, 
DISPLAY_FORMAT, DISPLAY_SQL_TYPE, SORT_SQL_TYPE, IMPORTANCE, FIELD_CATEGORY_ID, ACTIVE_FLAG)
 VALUES(8385, 'Amount','','MAIN.RDW.LEDGER_ITEM_FACT.AMOUNT','MAIN.RDW.LEDGER_ITEM_FACT.AMOUNT','','DECIMAL(12,4)','DECIMAL(12,4)',50,231,'Y');
INSERT INTO FOLIO_CONF.FIELD(FIELD_ID, FIELD_LABEL, FIELD_DESC, DISPLAY_EXPRESSION, SORT_EXPRESSION, 
DISPLAY_FORMAT, DISPLAY_SQL_TYPE, SORT_SQL_TYPE, IMPORTANCE, FIELD_CATEGORY_ID, ACTIVE_FLAG)
 VALUES(8386, 'Paid Ts','','MAIN.RDW.LEDGER_ITEM_FACT.PAID_TS','MAIN.RDW.LEDGER_ITEM_FACT.PAID_TS','','OTHER','OTHER',50,231,'Y');
INSERT INTO FOLIO_CONF.FIELD(FIELD_ID, FIELD_LABEL, FIELD_DESC, DISPLAY_EXPRESSION, SORT_EXPRESSION, 
DISPLAY_FORMAT, DISPLAY_SQL_TYPE, SORT_SQL_TYPE, IMPORTANCE, FIELD_CATEGORY_ID, ACTIVE_FLAG)
 VALUES(8429, 'Item Ts','','MAIN.RDW.LEDGER_ITEM_FACT.ITEM_TS','MAIN.RDW.LEDGER_ITEM_FACT.ITEM_TS','','OTHER','OTHER',50,231,'Y');
INSERT INTO FOLIO_CONF.FIELD(FIELD_ID, FIELD_LABEL, FIELD_DESC, DISPLAY_EXPRESSION, SORT_EXPRESSION, 
DISPLAY_FORMAT, DISPLAY_SQL_TYPE, SORT_SQL_TYPE, IMPORTANCE, FIELD_CATEGORY_ID, ACTIVE_FLAG)
 VALUES(8511, 'Source Customer Id','','MAIN.RDW.LOCATION_DIM.SOURCE_CUSTOMER_ID','MAIN.RDW.LOCATION_DIM.SOURCE_CUSTOMER_ID','','BIGINT','BIGINT',50,242,'Y');
INSERT INTO FOLIO_CONF.FIELD(FIELD_ID, FIELD_LABEL, FIELD_DESC, DISPLAY_EXPRESSION, SORT_EXPRESSION, 
DISPLAY_FORMAT, DISPLAY_SQL_TYPE, SORT_SQL_TYPE, IMPORTANCE, FIELD_CATEGORY_ID, ACTIVE_FLAG)
 VALUES(8512, 'Customer Name','','MAIN.RDW.LOCATION_DIM.CUSTOMER_NAME','UPPER(MAIN.RDW.LOCATION_DIM.CUSTOMER_NAME)','','VARCHAR(100)','VARCHAR(100)',50,242,'Y');
INSERT INTO FOLIO_CONF.FIELD(FIELD_ID, FIELD_LABEL, FIELD_DESC, DISPLAY_EXPRESSION, SORT_EXPRESSION, 
DISPLAY_FORMAT, DISPLAY_SQL_TYPE, SORT_SQL_TYPE, IMPORTANCE, FIELD_CATEGORY_ID, ACTIVE_FLAG)
 VALUES(8514, 'Location Name','','MAIN.RDW.LOCATION_DIM.LOCATION_NAME','UPPER(MAIN.RDW.LOCATION_DIM.LOCATION_NAME)','','VARCHAR','VARCHAR',50,242,'Y');
INSERT INTO FOLIO_CONF.FIELD(FIELD_ID, FIELD_LABEL, FIELD_DESC, DISPLAY_EXPRESSION, SORT_EXPRESSION, 
DISPLAY_FORMAT, DISPLAY_SQL_TYPE, SORT_SQL_TYPE, IMPORTANCE, FIELD_CATEGORY_ID, ACTIVE_FLAG)
 VALUES(8516, 'Asset Nbr','','MAIN.RDW.POS_DIM.ASSET_NBR','UPPER(MAIN.RDW.POS_DIM.ASSET_NBR)','','VARCHAR','VARCHAR',50,245,'Y');
INSERT INTO FOLIO_CONF.FIELD(FIELD_ID, FIELD_LABEL, FIELD_DESC, DISPLAY_EXPRESSION, SORT_EXPRESSION, 
DISPLAY_FORMAT, DISPLAY_SQL_TYPE, SORT_SQL_TYPE, IMPORTANCE, FIELD_CATEGORY_ID, ACTIVE_FLAG)
 VALUES(8520, 'Terminal Nbr','','MAIN.RDW.POS_DIM.TERMINAL_NBR','UPPER(MAIN.RDW.POS_DIM.TERMINAL_NBR)','','VARCHAR','VARCHAR',50,245,'Y');
INSERT INTO FOLIO_CONF.FIELD(FIELD_ID, FIELD_LABEL, FIELD_DESC, DISPLAY_EXPRESSION, SORT_EXPRESSION, 
DISPLAY_FORMAT, DISPLAY_SQL_TYPE, SORT_SQL_TYPE, IMPORTANCE, FIELD_CATEGORY_ID, ACTIVE_FLAG)
 VALUES(8522, 'Location Description','','MAIN.RDW.LOCATION_DIM.LOCATION_DESC','UPPER(MAIN.RDW.LOCATION_DIM.LOCATION_DESC)','','VARCHAR','VARCHAR',50,242,'Y');
INSERT INTO FOLIO_CONF.FIELD(FIELD_ID, FIELD_LABEL, FIELD_DESC, DISPLAY_EXPRESSION, SORT_EXPRESSION, 
DISPLAY_FORMAT, DISPLAY_SQL_TYPE, SORT_SQL_TYPE, IMPORTANCE, FIELD_CATEGORY_ID, ACTIVE_FLAG)
 VALUES(8533, 'Location Type','','MAIN.RDW.LOCATION_DIM.LOCATION_TYPE','UPPER(MAIN.RDW.LOCATION_DIM.LOCATION_TYPE)','','VARCHAR(100)','VARCHAR(100)',50,242,'Y');
INSERT INTO FOLIO_CONF.FIELD(FIELD_ID, FIELD_LABEL, FIELD_DESC, DISPLAY_EXPRESSION, SORT_EXPRESSION, 
DISPLAY_FORMAT, DISPLAY_SQL_TYPE, SORT_SQL_TYPE, IMPORTANCE, FIELD_CATEGORY_ID, ACTIVE_FLAG)
 VALUES(8538, 'Address1','','MAIN.RDW.LOCATION_DIM.ADDRESS1','UPPER(MAIN.RDW.LOCATION_DIM.ADDRESS1)','','VARCHAR(100)','VARCHAR(100)',50,242,'Y');
INSERT INTO FOLIO_CONF.FIELD(FIELD_ID, FIELD_LABEL, FIELD_DESC, DISPLAY_EXPRESSION, SORT_EXPRESSION, 
DISPLAY_FORMAT, DISPLAY_SQL_TYPE, SORT_SQL_TYPE, IMPORTANCE, FIELD_CATEGORY_ID, ACTIVE_FLAG)
 VALUES(8539, 'Address2','','MAIN.RDW.LOCATION_DIM.ADDRESS2','UPPER(MAIN.RDW.LOCATION_DIM.ADDRESS2)','','VARCHAR(100)','VARCHAR(100)',50,242,'Y');
INSERT INTO FOLIO_CONF.FIELD(FIELD_ID, FIELD_LABEL, FIELD_DESC, DISPLAY_EXPRESSION, SORT_EXPRESSION, 
DISPLAY_FORMAT, DISPLAY_SQL_TYPE, SORT_SQL_TYPE, IMPORTANCE, FIELD_CATEGORY_ID, ACTIVE_FLAG)
 VALUES(8540, 'City','','MAIN.RDW.LOCATION_DIM.CITY','UPPER(MAIN.RDW.LOCATION_DIM.CITY)','','VARCHAR(100)','VARCHAR(100)',50,242,'Y');
INSERT INTO FOLIO_CONF.FIELD(FIELD_ID, FIELD_LABEL, FIELD_DESC, DISPLAY_EXPRESSION, SORT_EXPRESSION, 
DISPLAY_FORMAT, DISPLAY_SQL_TYPE, SORT_SQL_TYPE, IMPORTANCE, FIELD_CATEGORY_ID, ACTIVE_FLAG)
 VALUES(8541, 'State Abbr','','MAIN.RDW.LOCATION_DIM.STATE_ABBR','UPPER(MAIN.RDW.LOCATION_DIM.STATE_ABBR)','','VARCHAR(10)','VARCHAR(10)',50,242,'Y');
INSERT INTO FOLIO_CONF.FIELD(FIELD_ID, FIELD_LABEL, FIELD_DESC, DISPLAY_EXPRESSION, SORT_EXPRESSION, 
DISPLAY_FORMAT, DISPLAY_SQL_TYPE, SORT_SQL_TYPE, IMPORTANCE, FIELD_CATEGORY_ID, ACTIVE_FLAG)
 VALUES(8543, 'Postal Cd','','MAIN.RDW.LOCATION_DIM.POSTAL_CD','UPPER(MAIN.RDW.LOCATION_DIM.POSTAL_CD)','','VARCHAR(20)','VARCHAR(20)',50,242,'Y');
INSERT INTO FOLIO_CONF.FIELD(FIELD_ID, FIELD_LABEL, FIELD_DESC, DISPLAY_EXPRESSION, SORT_EXPRESSION, 
DISPLAY_FORMAT, DISPLAY_SQL_TYPE, SORT_SQL_TYPE, IMPORTANCE, FIELD_CATEGORY_ID, ACTIVE_FLAG)
 VALUES(8548, 'Time Zone Abbrev','','MAIN.RDW.LOCATION_DIM.TIME_ZONE_ABBREV','UPPER(MAIN.RDW.LOCATION_DIM.TIME_ZONE_ABBREV)','','VARCHAR(10)','VARCHAR(10)',50,242,'Y');
INSERT INTO FOLIO_CONF.FIELD(FIELD_ID, FIELD_LABEL, FIELD_DESC, DISPLAY_EXPRESSION, SORT_EXPRESSION, 
DISPLAY_FORMAT, DISPLAY_SQL_TYPE, SORT_SQL_TYPE, IMPORTANCE, FIELD_CATEGORY_ID, ACTIVE_FLAG)
 VALUES(8550, 'Source Batch Id','','MAIN.RDW.PAYMENT_BATCH_DIM.SOURCE_BATCH_ID','MAIN.RDW.PAYMENT_BATCH_DIM.SOURCE_BATCH_ID','','BIGINT','BIGINT',50,243,'Y');
INSERT INTO FOLIO_CONF.FIELD(FIELD_ID, FIELD_LABEL, FIELD_DESC, DISPLAY_EXPRESSION, SORT_EXPRESSION, 
DISPLAY_FORMAT, DISPLAY_SQL_TYPE, SORT_SQL_TYPE, IMPORTANCE, FIELD_CATEGORY_ID, ACTIVE_FLAG)
 VALUES(8551, 'Batch Type','','MAIN.RDW.PAYMENT_BATCH_DIM.BATCH_TYPE','UPPER(MAIN.RDW.PAYMENT_BATCH_DIM.BATCH_TYPE)','','VARCHAR(30)','VARCHAR(30)',50,243,'Y');
INSERT INTO FOLIO_CONF.FIELD(FIELD_ID, FIELD_LABEL, FIELD_DESC, DISPLAY_EXPRESSION, SORT_EXPRESSION, 
DISPLAY_FORMAT, DISPLAY_SQL_TYPE, SORT_SQL_TYPE, IMPORTANCE, FIELD_CATEGORY_ID, ACTIVE_FLAG)
 VALUES(8552, 'Batch State','','MAIN.RDW.PAYMENT_BATCH_DIM.BATCH_STATE','UPPER(MAIN.RDW.PAYMENT_BATCH_DIM.BATCH_STATE)','','VARCHAR(30)','VARCHAR(30)',50,243,'Y');
INSERT INTO FOLIO_CONF.FIELD(FIELD_ID, FIELD_LABEL, FIELD_DESC, DISPLAY_EXPRESSION, SORT_EXPRESSION, 
DISPLAY_FORMAT, DISPLAY_SQL_TYPE, SORT_SQL_TYPE, IMPORTANCE, FIELD_CATEGORY_ID, ACTIVE_FLAG)
 VALUES(8553, 'Batch Start Ts','','MAIN.RDW.PAYMENT_BATCH_DIM.BATCH_START_TS','MAIN.RDW.PAYMENT_BATCH_DIM.BATCH_START_TS','','OTHER','OTHER',50,243,'Y');
INSERT INTO FOLIO_CONF.FIELD(FIELD_ID, FIELD_LABEL, FIELD_DESC, DISPLAY_EXPRESSION, SORT_EXPRESSION, 
DISPLAY_FORMAT, DISPLAY_SQL_TYPE, SORT_SQL_TYPE, IMPORTANCE, FIELD_CATEGORY_ID, ACTIVE_FLAG)
 VALUES(8554, 'Batch End Ts','','MAIN.RDW.PAYMENT_BATCH_DIM.BATCH_END_TS','MAIN.RDW.PAYMENT_BATCH_DIM.BATCH_END_TS','','OTHER','OTHER',50,243,'Y');
INSERT INTO FOLIO_CONF.FIELD(FIELD_ID, FIELD_LABEL, FIELD_DESC, DISPLAY_EXPRESSION, SORT_EXPRESSION, 
DISPLAY_FORMAT, DISPLAY_SQL_TYPE, SORT_SQL_TYPE, IMPORTANCE, FIELD_CATEGORY_ID, ACTIVE_FLAG)
 VALUES(8555, 'Batch Closable Flag','','MAIN.RDW.PAYMENT_BATCH_DIM.BATCH_CLOSABLE_FLAG','UPPER(MAIN.RDW.PAYMENT_BATCH_DIM.BATCH_CLOSABLE_FLAG)','','VARCHAR(10)','VARCHAR(10)',50,243,'Y');
INSERT INTO FOLIO_CONF.FIELD(FIELD_ID, FIELD_LABEL, FIELD_DESC, DISPLAY_EXPRESSION, SORT_EXPRESSION, 
DISPLAY_FORMAT, DISPLAY_SQL_TYPE, SORT_SQL_TYPE, IMPORTANCE, FIELD_CATEGORY_ID, ACTIVE_FLAG)
 VALUES(8557, 'Batch Ref Cd','','MAIN.RDW.PAYMENT_BATCH_DIM.BATCH_REF_CD','UPPER(MAIN.RDW.PAYMENT_BATCH_DIM.BATCH_REF_CD)','','VARCHAR(10)','VARCHAR(10)',50,243,'Y');
INSERT INTO FOLIO_CONF.FIELD(FIELD_ID, FIELD_LABEL, FIELD_DESC, DISPLAY_EXPRESSION, SORT_EXPRESSION, 
DISPLAY_FORMAT, DISPLAY_SQL_TYPE, SORT_SQL_TYPE, IMPORTANCE, FIELD_CATEGORY_ID, ACTIVE_FLAG)
 VALUES(8560, 'Source Doc Id','','MAIN.RDW.PAYMENT_DIM.SOURCE_DOC_ID','MAIN.RDW.PAYMENT_DIM.SOURCE_DOC_ID','','BIGINT','BIGINT',50,244,'Y');
INSERT INTO FOLIO_CONF.FIELD(FIELD_ID, FIELD_LABEL, FIELD_DESC, DISPLAY_EXPRESSION, SORT_EXPRESSION, 
DISPLAY_FORMAT, DISPLAY_SQL_TYPE, SORT_SQL_TYPE, IMPORTANCE, FIELD_CATEGORY_ID, ACTIVE_FLAG)
 VALUES(8561, 'Source Customer Bank Id','','MAIN.RDW.PAYMENT_DIM.SOURCE_CUSTOMER_BANK_ID','MAIN.RDW.PAYMENT_DIM.SOURCE_CUSTOMER_BANK_ID','','BIGINT','BIGINT',50,244,'Y');
INSERT INTO FOLIO_CONF.FIELD(FIELD_ID, FIELD_LABEL, FIELD_DESC, DISPLAY_EXPRESSION, SORT_EXPRESSION, 
DISPLAY_FORMAT, DISPLAY_SQL_TYPE, SORT_SQL_TYPE, IMPORTANCE, FIELD_CATEGORY_ID, ACTIVE_FLAG)
 VALUES(8562, 'Payment Ref Num','','MAIN.RDW.PAYMENT_DIM.PAYMENT_REF_NUM','UPPER(MAIN.RDW.PAYMENT_DIM.PAYMENT_REF_NUM)','','VARCHAR(50)','VARCHAR(50)',50,244,'Y');
INSERT INTO FOLIO_CONF.FIELD(FIELD_ID, FIELD_LABEL, FIELD_DESC, DISPLAY_EXPRESSION, SORT_EXPRESSION, 
DISPLAY_FORMAT, DISPLAY_SQL_TYPE, SORT_SQL_TYPE, IMPORTANCE, FIELD_CATEGORY_ID, ACTIVE_FLAG)
 VALUES(8563, 'Paid Flag','','MAIN.RDW.PAYMENT_DIM.PAID_FLAG','UPPER(MAIN.RDW.PAYMENT_DIM.PAID_FLAG)','','VARCHAR(10)','VARCHAR(10)',50,244,'Y');
INSERT INTO FOLIO_CONF.FIELD(FIELD_ID, FIELD_LABEL, FIELD_DESC, DISPLAY_EXPRESSION, SORT_EXPRESSION, 
DISPLAY_FORMAT, DISPLAY_SQL_TYPE, SORT_SQL_TYPE, IMPORTANCE, FIELD_CATEGORY_ID, ACTIVE_FLAG)
 VALUES(8564, 'Paid Ts','','MAIN.RDW.PAYMENT_DIM.PAID_TS','MAIN.RDW.PAYMENT_DIM.PAID_TS','','OTHER','OTHER',50,244,'Y');
INSERT INTO FOLIO_CONF.FIELD(FIELD_ID, FIELD_LABEL, FIELD_DESC, DISPLAY_EXPRESSION, SORT_EXPRESSION, 
DISPLAY_FORMAT, DISPLAY_SQL_TYPE, SORT_SQL_TYPE, IMPORTANCE, FIELD_CATEGORY_ID, ACTIVE_FLAG)
 VALUES(8568, 'Business Unit','','MAIN.RDW.PAYMENT_DIM.BUSINESS_UNIT','UPPER(MAIN.RDW.PAYMENT_DIM.BUSINESS_UNIT)','','VARCHAR(50)','VARCHAR(50)',50,244,'Y');
INSERT INTO FOLIO_CONF.FIELD(FIELD_ID, FIELD_LABEL, FIELD_DESC, DISPLAY_EXPRESSION, SORT_EXPRESSION, 
DISPLAY_FORMAT, DISPLAY_SQL_TYPE, SORT_SQL_TYPE, IMPORTANCE, FIELD_CATEGORY_ID, ACTIVE_FLAG)
 VALUES(8569, 'Bank Acct Num','','MAIN.RDW.PAYMENT_DIM.BANK_ACCT_NUM','UPPER(MAIN.RDW.PAYMENT_DIM.BANK_ACCT_NUM)','','VARCHAR(50)','VARCHAR(50)',50,244,'Y');
INSERT INTO FOLIO_CONF.FIELD(FIELD_ID, FIELD_LABEL, FIELD_DESC, DISPLAY_EXPRESSION, SORT_EXPRESSION, 
DISPLAY_FORMAT, DISPLAY_SQL_TYPE, SORT_SQL_TYPE, IMPORTANCE, FIELD_CATEGORY_ID, ACTIVE_FLAG)
 VALUES(8570, 'Bank Acct Name','','MAIN.RDW.PAYMENT_DIM.BANK_ACCT_NAME','UPPER(MAIN.RDW.PAYMENT_DIM.BANK_ACCT_NAME)','','VARCHAR(100)','VARCHAR(100)',50,244,'Y');
INSERT INTO FOLIO_CONF.FIELD(FIELD_ID, FIELD_LABEL, FIELD_DESC, DISPLAY_EXPRESSION, SORT_EXPRESSION, 
DISPLAY_FORMAT, DISPLAY_SQL_TYPE, SORT_SQL_TYPE, IMPORTANCE, FIELD_CATEGORY_ID, ACTIVE_FLAG)
 VALUES(8571, 'Bank Routing Num','','MAIN.RDW.PAYMENT_DIM.BANK_ROUTING_NUM','UPPER(MAIN.RDW.PAYMENT_DIM.BANK_ROUTING_NUM)','','VARCHAR(20)','VARCHAR(20)',50,244,'Y');
INSERT INTO FOLIO_CONF.FIELD(FIELD_ID, FIELD_LABEL, FIELD_DESC, DISPLAY_EXPRESSION, SORT_EXPRESSION, 
DISPLAY_FORMAT, DISPLAY_SQL_TYPE, SORT_SQL_TYPE, IMPORTANCE, FIELD_CATEGORY_ID, ACTIVE_FLAG)
 VALUES(8572, 'Customer Name','','MAIN.RDW.PAYMENT_DIM.CUSTOMER_NAME','UPPER(MAIN.RDW.PAYMENT_DIM.CUSTOMER_NAME)','','VARCHAR(100)','VARCHAR(100)',50,244,'Y');
INSERT INTO FOLIO_CONF.FIELD(FIELD_ID, FIELD_LABEL, FIELD_DESC, DISPLAY_EXPRESSION, SORT_EXPRESSION, 
DISPLAY_FORMAT, DISPLAY_SQL_TYPE, SORT_SQL_TYPE, IMPORTANCE, FIELD_CATEGORY_ID, ACTIVE_FLAG)
 VALUES(8573, 'Source System Cd','','MAIN.RDW.POS_DIM.SOURCE_SYSTEM_CD','UPPER(MAIN.RDW.POS_DIM.SOURCE_SYSTEM_CD)','','VARCHAR(30)','VARCHAR(30)',50,245,'Y');
INSERT INTO FOLIO_CONF.FIELD(FIELD_ID, FIELD_LABEL, FIELD_DESC, DISPLAY_EXPRESSION, SORT_EXPRESSION, 
DISPLAY_FORMAT, DISPLAY_SQL_TYPE, SORT_SQL_TYPE, IMPORTANCE, FIELD_CATEGORY_ID, ACTIVE_FLAG)
 VALUES(8575, 'Source Location Id','','MAIN.RDW.POS_DIM.SOURCE_LOCATION_ID','MAIN.RDW.POS_DIM.SOURCE_LOCATION_ID','','BIGINT','BIGINT',50,245,'Y');
INSERT INTO FOLIO_CONF.FIELD(FIELD_ID, FIELD_LABEL, FIELD_DESC, DISPLAY_EXPRESSION, SORT_EXPRESSION, 
DISPLAY_FORMAT, DISPLAY_SQL_TYPE, SORT_SQL_TYPE, IMPORTANCE, FIELD_CATEGORY_ID, ACTIVE_FLAG)
 VALUES(8576, 'Source Customer Id','','MAIN.RDW.POS_DIM.SOURCE_CUSTOMER_ID','MAIN.RDW.POS_DIM.SOURCE_CUSTOMER_ID','','BIGINT','BIGINT',50,245,'Y');
INSERT INTO FOLIO_CONF.FIELD(FIELD_ID, FIELD_LABEL, FIELD_DESC, DISPLAY_EXPRESSION, SORT_EXPRESSION, 
DISPLAY_FORMAT, DISPLAY_SQL_TYPE, SORT_SQL_TYPE, IMPORTANCE, FIELD_CATEGORY_ID, ACTIVE_FLAG)
 VALUES(8578, 'Source Payment Schedule Id','','MAIN.RDW.POS_DIM.SOURCE_PAYMENT_SCHEDULE_ID','MAIN.RDW.POS_DIM.SOURCE_PAYMENT_SCHEDULE_ID','','SMALLINT','SMALLINT',50,245,'Y');
INSERT INTO FOLIO_CONF.FIELD(FIELD_ID, FIELD_LABEL, FIELD_DESC, DISPLAY_EXPRESSION, SORT_EXPRESSION, 
DISPLAY_FORMAT, DISPLAY_SQL_TYPE, SORT_SQL_TYPE, IMPORTANCE, FIELD_CATEGORY_ID, ACTIVE_FLAG)
 VALUES(8579, 'Device Serial Cd','','MAIN.RDW.POS_DIM.DEVICE_SERIAL_CD','UPPER(MAIN.RDW.POS_DIM.DEVICE_SERIAL_CD)','','VARCHAR(50)','VARCHAR(50)',50,245,'Y');
INSERT INTO FOLIO_CONF.FIELD(FIELD_ID, FIELD_LABEL, FIELD_DESC, DISPLAY_EXPRESSION, SORT_EXPRESSION, 
DISPLAY_FORMAT, DISPLAY_SQL_TYPE, SORT_SQL_TYPE, IMPORTANCE, FIELD_CATEGORY_ID, ACTIVE_FLAG)
 VALUES(8582, 'Product Type','','MAIN.RDW.POS_DIM.PRODUCT_TYPE','UPPER(MAIN.RDW.POS_DIM.PRODUCT_TYPE)','','VARCHAR(100)','VARCHAR(100)',50,245,'Y');
INSERT INTO FOLIO_CONF.FIELD(FIELD_ID, FIELD_LABEL, FIELD_DESC, DISPLAY_EXPRESSION, SORT_EXPRESSION, 
DISPLAY_FORMAT, DISPLAY_SQL_TYPE, SORT_SQL_TYPE, IMPORTANCE, FIELD_CATEGORY_ID, ACTIVE_FLAG)
 VALUES(8587, 'Pos End Ts','','MAIN.RDW.POS_DIM.POS_END_TS','MAIN.RDW.POS_DIM.POS_END_TS','','OTHER','OTHER',50,245,'Y');
INSERT INTO FOLIO_CONF.FIELD(FIELD_ID, FIELD_LABEL, FIELD_DESC, DISPLAY_EXPRESSION, SORT_EXPRESSION, 
DISPLAY_FORMAT, DISPLAY_SQL_TYPE, SORT_SQL_TYPE, IMPORTANCE, FIELD_CATEGORY_ID, ACTIVE_FLAG)
 VALUES(8588, 'Active Flag','','MAIN.RDW.POS_DIM.ACTIVE_FLAG','UPPER(MAIN.RDW.POS_DIM.ACTIVE_FLAG)','','VARCHAR(10)','VARCHAR(10)',50,245,'Y');
INSERT INTO FOLIO_CONF.FIELD(FIELD_ID, FIELD_LABEL, FIELD_DESC, DISPLAY_EXPRESSION, SORT_EXPRESSION, 
DISPLAY_FORMAT, DISPLAY_SQL_TYPE, SORT_SQL_TYPE, IMPORTANCE, FIELD_CATEGORY_ID, ACTIVE_FLAG)
 VALUES(8604, 'Tran Ts','','MAIN.RDW.TRAN_ITEM_DETAIL_DIM.ITEM_TS','MAIN.RDW.TRAN_ITEM_DETAIL_DIM.ITEM_TS','','OTHER','OTHER',50,247,'Y');
INSERT INTO FOLIO_CONF.FIELD(FIELD_ID, FIELD_LABEL, FIELD_DESC, DISPLAY_EXPRESSION, SORT_EXPRESSION, 
DISPLAY_FORMAT, DISPLAY_SQL_TYPE, SORT_SQL_TYPE, IMPORTANCE, FIELD_CATEGORY_ID, ACTIVE_FLAG)
 VALUES(8605, 'Device Serial Cd','','MAIN.RDW.TRAN_ITEM_DETAIL_DIM.DEVICE_SERIAL_CD','UPPER(MAIN.RDW.TRAN_ITEM_DETAIL_DIM.DEVICE_SERIAL_CD)','','VARCHAR(20)','VARCHAR(20)',50,247,'Y');
INSERT INTO FOLIO_CONF.FIELD(FIELD_ID, FIELD_LABEL, FIELD_DESC, DISPLAY_EXPRESSION, SORT_EXPRESSION, 
DISPLAY_FORMAT, DISPLAY_SQL_TYPE, SORT_SQL_TYPE, IMPORTANCE, FIELD_CATEGORY_ID, ACTIVE_FLAG)
 VALUES(8607, 'Customer Bank Id','','MAIN.RDW.TRAN_ITEM_DETAIL_DIM.CUSTOMER_BANK_ID','MAIN.RDW.TRAN_ITEM_DETAIL_DIM.CUSTOMER_BANK_ID','','BIGINT','BIGINT',50,247,'Y');
INSERT INTO FOLIO_CONF.FIELD(FIELD_ID, FIELD_LABEL, FIELD_DESC, DISPLAY_EXPRESSION, SORT_EXPRESSION, 
DISPLAY_FORMAT, DISPLAY_SQL_TYPE, SORT_SQL_TYPE, IMPORTANCE, FIELD_CATEGORY_ID, ACTIVE_FLAG)
 VALUES(8610, 'Item Desc','','MAIN.RDW.TRAN_ITEM_DETAIL_DIM.ITEM_DESC','UPPER(MAIN.RDW.TRAN_ITEM_DETAIL_DIM.ITEM_DESC)','','VARCHAR(4000)','VARCHAR(4000)',50,247,'Y');
INSERT INTO FOLIO_CONF.FIELD(FIELD_ID, FIELD_LABEL, FIELD_DESC, DISPLAY_EXPRESSION, SORT_EXPRESSION, 
DISPLAY_FORMAT, DISPLAY_SQL_TYPE, SORT_SQL_TYPE, IMPORTANCE, FIELD_CATEGORY_ID, ACTIVE_FLAG)
 VALUES(8611, 'Export Batch Num','','MAIN.RDW.TRAN_ITEM_DETAIL_DIM.EXPORT_BATCH_NUM','MAIN.RDW.TRAN_ITEM_DETAIL_DIM.EXPORT_BATCH_NUM','','BIGINT','BIGINT',50,247,'Y');
INSERT INTO FOLIO_CONF.FIELD(FIELD_ID, FIELD_LABEL, FIELD_DESC, DISPLAY_EXPRESSION, SORT_EXPRESSION, 
DISPLAY_FORMAT, DISPLAY_SQL_TYPE, SORT_SQL_TYPE, IMPORTANCE, FIELD_CATEGORY_ID, ACTIVE_FLAG)
 VALUES(8612, 'Item Payable Flag','','MAIN.RDW.TRAN_ITEM_DETAIL_DIM.ITEM_PAYABLE_FLAG','UPPER(MAIN.RDW.TRAN_ITEM_DETAIL_DIM.ITEM_PAYABLE_FLAG)','','VARCHAR(10)','VARCHAR(10)',50,247,'Y');
INSERT INTO FOLIO_CONF.FIELD(FIELD_ID, FIELD_LABEL, FIELD_DESC, DISPLAY_EXPRESSION, SORT_EXPRESSION, 
DISPLAY_FORMAT, DISPLAY_SQL_TYPE, SORT_SQL_TYPE, IMPORTANCE, FIELD_CATEGORY_ID, ACTIVE_FLAG)
 VALUES(8615, 'Ref Nbr','','MAIN.RDW.TRAN_ITEM_DETAIL_DIM.REF_NBR','UPPER(MAIN.RDW.TRAN_ITEM_DETAIL_DIM.REF_NBR)','','VARCHAR(50)','VARCHAR(50)',50,247,'Y');
INSERT INTO FOLIO_CONF.FIELD(FIELD_ID, FIELD_LABEL, FIELD_DESC, DISPLAY_EXPRESSION, SORT_EXPRESSION, 
DISPLAY_FORMAT, DISPLAY_SQL_TYPE, SORT_SQL_TYPE, IMPORTANCE, FIELD_CATEGORY_ID, ACTIVE_FLAG)
 VALUES(8622, 'Device Serial Cd','','MAIN.RDW.LEDGER_ITEM_DETAIL_DIM.DEVICE_SERIAL_CD','UPPER(MAIN.RDW.LEDGER_ITEM_DETAIL_DIM.DEVICE_SERIAL_CD)','','VARCHAR(20)','VARCHAR(20)',50,248,'Y');
INSERT INTO FOLIO_CONF.FIELD(FIELD_ID, FIELD_LABEL, FIELD_DESC, DISPLAY_EXPRESSION, SORT_EXPRESSION, 
DISPLAY_FORMAT, DISPLAY_SQL_TYPE, SORT_SQL_TYPE, IMPORTANCE, FIELD_CATEGORY_ID, ACTIVE_FLAG)
 VALUES(8624, 'Customer Bank Id','','MAIN.RDW.LEDGER_ITEM_DETAIL_DIM.CUSTOMER_BANK_ID','MAIN.RDW.LEDGER_ITEM_DETAIL_DIM.CUSTOMER_BANK_ID','','BIGINT','BIGINT',50,248,'Y');
INSERT INTO FOLIO_CONF.FIELD(FIELD_ID, FIELD_LABEL, FIELD_DESC, DISPLAY_EXPRESSION, SORT_EXPRESSION, 
DISPLAY_FORMAT, DISPLAY_SQL_TYPE, SORT_SQL_TYPE, IMPORTANCE, FIELD_CATEGORY_ID, ACTIVE_FLAG)
 VALUES(8627, 'Item Desc','','MAIN.RDW.LEDGER_ITEM_DETAIL_DIM.ITEM_DESC','UPPER(MAIN.RDW.LEDGER_ITEM_DETAIL_DIM.ITEM_DESC)','','VARCHAR(4000)','VARCHAR(4000)',50,248,'Y');
INSERT INTO FOLIO_CONF.FIELD(FIELD_ID, FIELD_LABEL, FIELD_DESC, DISPLAY_EXPRESSION, SORT_EXPRESSION, 
DISPLAY_FORMAT, DISPLAY_SQL_TYPE, SORT_SQL_TYPE, IMPORTANCE, FIELD_CATEGORY_ID, ACTIVE_FLAG)
 VALUES(8629, 'Item Payable Flag','','MAIN.RDW.LEDGER_ITEM_DETAIL_DIM.ITEM_PAYABLE_FLAG','UPPER(MAIN.RDW.LEDGER_ITEM_DETAIL_DIM.ITEM_PAYABLE_FLAG)','','VARCHAR(10)','VARCHAR(10)',50,248,'Y');
INSERT INTO FOLIO_CONF.FIELD(FIELD_ID, FIELD_LABEL, FIELD_DESC, DISPLAY_EXPRESSION, SORT_EXPRESSION, 
DISPLAY_FORMAT, DISPLAY_SQL_TYPE, SORT_SQL_TYPE, IMPORTANCE, FIELD_CATEGORY_ID, ACTIVE_FLAG)
 VALUES(8631, 'Machine Trans No','','MAIN.RDW.LEDGER_ITEM_DETAIL_DIM.MACHINE_TRANS_NO','UPPER(MAIN.RDW.LEDGER_ITEM_DETAIL_DIM.MACHINE_TRANS_NO)','','VARCHAR(100)','VARCHAR(100)',50,248,'Y');
INSERT INTO FOLIO_CONF.FIELD(FIELD_ID, FIELD_LABEL, FIELD_DESC, DISPLAY_EXPRESSION, SORT_EXPRESSION, 
DISPLAY_FORMAT, DISPLAY_SQL_TYPE, SORT_SQL_TYPE, IMPORTANCE, FIELD_CATEGORY_ID, ACTIVE_FLAG)
 VALUES(8632, 'Ref Nbr','','MAIN.RDW.LEDGER_ITEM_DETAIL_DIM.REF_NBR','UPPER(MAIN.RDW.LEDGER_ITEM_DETAIL_DIM.REF_NBR)','','VARCHAR(50)','VARCHAR(50)',50,248,'Y');
INSERT INTO FOLIO_CONF.FIELD(FIELD_ID, FIELD_LABEL, FIELD_DESC, DISPLAY_EXPRESSION, SORT_EXPRESSION, 
DISPLAY_FORMAT, DISPLAY_SQL_TYPE, SORT_SQL_TYPE, IMPORTANCE, FIELD_CATEGORY_ID, ACTIVE_FLAG)
 VALUES(8636, 'Settle State Id','','MAIN.RDW.AUTH_DETAIL_DIM.SETTLE_STATE_ID','MAIN.RDW.AUTH_DETAIL_DIM.SETTLE_STATE_ID','','SMALLINT','SMALLINT',50,201,'Y');
INSERT INTO FOLIO_CONF.FIELD(FIELD_ID, FIELD_LABEL, FIELD_DESC, DISPLAY_EXPRESSION, SORT_EXPRESSION, 
DISPLAY_FORMAT, DISPLAY_SQL_TYPE, SORT_SQL_TYPE, IMPORTANCE, FIELD_CATEGORY_ID, ACTIVE_FLAG)
 VALUES(8637, 'Settle State','','MAIN.RDW.AUTH_DETAIL_DIM.SETTLE_STATE','UPPER(MAIN.RDW.AUTH_DETAIL_DIM.SETTLE_STATE)','','VARCHAR','VARCHAR',50,201,'Y');
INSERT INTO FOLIO_CONF.FIELD(FIELD_ID, FIELD_LABEL, FIELD_DESC, DISPLAY_EXPRESSION, SORT_EXPRESSION, 
DISPLAY_FORMAT, DISPLAY_SQL_TYPE, SORT_SQL_TYPE, IMPORTANCE, FIELD_CATEGORY_ID, ACTIVE_FLAG)
 VALUES(8646, 'Item Type Dim Id','','MAIN.RDW.ITEM_TYPE_DIM.ITEM_TYPE_DIM_ID','MAIN.RDW.ITEM_TYPE_DIM.ITEM_TYPE_DIM_ID','','SMALLINT','SMALLINT',50,251,'Y');
INSERT INTO FOLIO_CONF.FIELD(FIELD_ID, FIELD_LABEL, FIELD_DESC, DISPLAY_EXPRESSION, SORT_EXPRESSION, 
DISPLAY_FORMAT, DISPLAY_SQL_TYPE, SORT_SQL_TYPE, IMPORTANCE, FIELD_CATEGORY_ID, ACTIVE_FLAG)
 VALUES(8650, 'Payment Entry Type Cd','','MAIN.RDW.ITEM_TYPE_DIM.PAYMENT_ENTRY_TYPE_CD','UPPER(MAIN.RDW.ITEM_TYPE_DIM.PAYMENT_ENTRY_TYPE_CD)','','CHAR(2)','CHAR(2)',50,251,'Y');
INSERT INTO FOLIO_CONF.FIELD(FIELD_ID, FIELD_LABEL, FIELD_DESC, DISPLAY_EXPRESSION, SORT_EXPRESSION, 
DISPLAY_FORMAT, DISPLAY_SQL_TYPE, SORT_SQL_TYPE, IMPORTANCE, FIELD_CATEGORY_ID, ACTIVE_FLAG)
 VALUES(8657, 'Fill Upload Ts','','MAIN.RDW.FILL_ITEM_DETAIL_DIM.FILL_UPLOAD_TS','MAIN.RDW.FILL_ITEM_DETAIL_DIM.FILL_UPLOAD_TS','','OTHER','OTHER',50,254,'Y');
INSERT INTO FOLIO_CONF.FIELD(FIELD_ID, FIELD_LABEL, FIELD_DESC, DISPLAY_EXPRESSION, SORT_EXPRESSION, 
DISPLAY_FORMAT, DISPLAY_SQL_TYPE, SORT_SQL_TYPE, IMPORTANCE, FIELD_CATEGORY_ID, ACTIVE_FLAG)
 VALUES(8660, 'Fill Period End Ts','','MAIN.RDW.FILL_ITEM_DETAIL_DIM.ITEM_TS','MAIN.RDW.FILL_ITEM_DETAIL_DIM.ITEM_TS','','OTHER','OTHER',50,254,'Y');
INSERT INTO FOLIO_CONF.FIELD(FIELD_ID, FIELD_LABEL, FIELD_DESC, DISPLAY_EXPRESSION, SORT_EXPRESSION, 
DISPLAY_FORMAT, DISPLAY_SQL_TYPE, SORT_SQL_TYPE, IMPORTANCE, FIELD_CATEGORY_ID, ACTIVE_FLAG)
 VALUES(8661, 'Device Serial Cd','','MAIN.RDW.FILL_ITEM_DETAIL_DIM.DEVICE_SERIAL_CD','UPPER(MAIN.RDW.FILL_ITEM_DETAIL_DIM.DEVICE_SERIAL_CD)','','VARCHAR(20)','VARCHAR(20)',50,254,'Y');
INSERT INTO FOLIO_CONF.FIELD(FIELD_ID, FIELD_LABEL, FIELD_DESC, DISPLAY_EXPRESSION, SORT_EXPRESSION, 
DISPLAY_FORMAT, DISPLAY_SQL_TYPE, SORT_SQL_TYPE, IMPORTANCE, FIELD_CATEGORY_ID, ACTIVE_FLAG)
 VALUES(8674, 'Cash Amount','','MAIN.RDW.FILL_FACT.CASH_AMOUNT','MAIN.RDW.FILL_FACT.CASH_AMOUNT','','DECIMAL(12,4)','DECIMAL(12,4)',50,255,'Y');
INSERT INTO FOLIO_CONF.FIELD(FIELD_ID, FIELD_LABEL, FIELD_DESC, DISPLAY_EXPRESSION, SORT_EXPRESSION, 
DISPLAY_FORMAT, DISPLAY_SQL_TYPE, SORT_SQL_TYPE, IMPORTANCE, FIELD_CATEGORY_ID, ACTIVE_FLAG)
 VALUES(8675, 'Credit Amount','','MAIN.RDW.FILL_FACT.CREDIT_AMOUNT','MAIN.RDW.FILL_FACT.CREDIT_AMOUNT','','DECIMAL(12,4)','DECIMAL(12,4)',50,255,'Y');
INSERT INTO FOLIO_CONF.FIELD(FIELD_ID, FIELD_LABEL, FIELD_DESC, DISPLAY_EXPRESSION, SORT_EXPRESSION, 
DISPLAY_FORMAT, DISPLAY_SQL_TYPE, SORT_SQL_TYPE, IMPORTANCE, FIELD_CATEGORY_ID, ACTIVE_FLAG)
 VALUES(8676, 'Othercard Amount','','MAIN.RDW.FILL_FACT.OTHERCARD_AMOUNT','MAIN.RDW.FILL_FACT.OTHERCARD_AMOUNT','','DECIMAL(12,4)','DECIMAL(12,4)',50,255,'Y');
INSERT INTO FOLIO_CONF.FIELD(FIELD_ID, FIELD_LABEL, FIELD_DESC, DISPLAY_EXPRESSION, SORT_EXPRESSION, 
DISPLAY_FORMAT, DISPLAY_SQL_TYPE, SORT_SQL_TYPE, IMPORTANCE, FIELD_CATEGORY_ID, ACTIVE_FLAG)
 VALUES(8701, 'Fill Ts','','MAIN.RDW.FILL_FACT.ITEM_TS','MAIN.RDW.FILL_FACT.ITEM_TS','','OTHER','OTHER',50,255,'Y');
INSERT INTO FOLIO_CONF.FIELD(FIELD_ID, FIELD_LABEL, FIELD_DESC, DISPLAY_EXPRESSION, SORT_EXPRESSION, 
DISPLAY_FORMAT, DISPLAY_SQL_TYPE, SORT_SQL_TYPE, IMPORTANCE, FIELD_CATEGORY_ID, ACTIVE_FLAG)
 VALUES(8813, 'User Id (Location)','','MAIN.RDW.USER_LOCATION_PRIV.USER_ID','MAIN.RDW.USER_LOCATION_PRIV.USER_ID','','BIGINT','BIGINT',50,200,'Y');
INSERT INTO FOLIO_CONF.FIELD(FIELD_ID, FIELD_LABEL, FIELD_DESC, DISPLAY_EXPRESSION, SORT_EXPRESSION, 
DISPLAY_FORMAT, DISPLAY_SQL_TYPE, SORT_SQL_TYPE, IMPORTANCE, FIELD_CATEGORY_ID, ACTIVE_FLAG)
 VALUES(8814, 'User Id (Bank Acct)','','MAIN.RDW.USER_BANK_ACCT_PRIV.USER_ID','MAIN.RDW.USER_BANK_ACCT_PRIV.USER_ID','','BIGINT','BIGINT',50,200,'Y');
INSERT INTO FOLIO_CONF.FIELD(FIELD_ID, FIELD_LABEL, FIELD_DESC, DISPLAY_EXPRESSION, SORT_EXPRESSION, 
DISPLAY_FORMAT, DISPLAY_SQL_TYPE, SORT_SQL_TYPE, IMPORTANCE, FIELD_CATEGORY_ID, ACTIVE_FLAG)
 VALUES(8816, 'Region Name','','MAIN.RDW.LOCATION_DIM[REGION].LOCATION_NAME','UPPER(MAIN.RDW.LOCATION_DIM[REGION].LOCATION_NAME)','','VARCHAR','VARCHAR',50,272,'Y');
INSERT INTO FOLIO_CONF.FIELD(FIELD_ID, FIELD_LABEL, FIELD_DESC, DISPLAY_EXPRESSION, SORT_EXPRESSION, 
DISPLAY_FORMAT, DISPLAY_SQL_TYPE, SORT_SQL_TYPE, IMPORTANCE, FIELD_CATEGORY_ID, ACTIVE_FLAG)
 VALUES(8817, 'Location Dim Id','','MAIN.RDW.LOCATION_DIM.LOCATION_DIM_ID','MAIN.RDW.LOCATION_DIM.LOCATION_DIM_ID','','BIGINT','BIGINT',50,242,'Y');
INSERT INTO FOLIO_CONF.FIELD(FIELD_ID, FIELD_LABEL, FIELD_DESC, DISPLAY_EXPRESSION, SORT_EXPRESSION, 
DISPLAY_FORMAT, DISPLAY_SQL_TYPE, SORT_SQL_TYPE, IMPORTANCE, FIELD_CATEGORY_ID, ACTIVE_FLAG)
 VALUES(8820, 'Tran Date Dim Id','','MAIN.RDW.TRAN_ITEM_FACT.ITEM_DATE_DIM_ID','MAIN.RDW.TRAN_ITEM_FACT.ITEM_DATE_DIM_ID','','SMALLINT','SMALLINT',50,220,'Y');
INSERT INTO FOLIO_CONF.FIELD(FIELD_ID, FIELD_LABEL, FIELD_DESC, DISPLAY_EXPRESSION, SORT_EXPRESSION, 
DISPLAY_FORMAT, DISPLAY_SQL_TYPE, SORT_SQL_TYPE, IMPORTANCE, FIELD_CATEGORY_ID, ACTIVE_FLAG)
 VALUES(8821, 'Ledger Date Dim Id','','MAIN.RDW.LEDGER_ITEM_FACT.ITEM_DATE_DIM_ID','MAIN.RDW.LEDGER_ITEM_FACT.ITEM_DATE_DIM_ID','','SMALLINT','SMALLINT',50,231,'Y');
INSERT INTO FOLIO_CONF.FIELD(FIELD_ID, FIELD_LABEL, FIELD_DESC, DISPLAY_EXPRESSION, SORT_EXPRESSION, 
DISPLAY_FORMAT, DISPLAY_SQL_TYPE, SORT_SQL_TYPE, IMPORTANCE, FIELD_CATEGORY_ID, ACTIVE_FLAG)
 VALUES(8831, 'Cards Accepted','','MAIN.RDW.DEVICE_DIM.CARDS_ACCEPTED','UPPER(MAIN.RDW.DEVICE_DIM.CARDS_ACCEPTED)','','VARCHAR(4000)','VARCHAR(4000)',50,214,'Y');
INSERT INTO FOLIO_CONF.FIELD(FIELD_ID, FIELD_LABEL, FIELD_DESC, DISPLAY_EXPRESSION, SORT_EXPRESSION, 
DISPLAY_FORMAT, DISPLAY_SQL_TYPE, SORT_SQL_TYPE, IMPORTANCE, FIELD_CATEGORY_ID, ACTIVE_FLAG)
 VALUES(8832, 'DEX Mode','','MAIN.RDW.DEVICE_DIM.DEX_MODE','UPPER(MAIN.RDW.DEVICE_DIM.DEX_MODE)','','VARCHAR(30)','VARCHAR(30)',50,214,'Y');
INSERT INTO FOLIO_CONF.FIELD(FIELD_ID, FIELD_LABEL, FIELD_DESC, DISPLAY_EXPRESSION, SORT_EXPRESSION, 
DISPLAY_FORMAT, DISPLAY_SQL_TYPE, SORT_SQL_TYPE, IMPORTANCE, FIELD_CATEGORY_ID, ACTIVE_FLAG)
 VALUES(8833, 'Max Vends','','MAIN.RDW.DEVICE_DIM.VENDS_PER_TRAN','MAIN.RDW.DEVICE_DIM.VENDS_PER_TRAN','','SMALLINT','SMALLINT',50,214,'Y');
INSERT INTO FOLIO_CONF.FIELD(FIELD_ID, FIELD_LABEL, FIELD_DESC, DISPLAY_EXPRESSION, SORT_EXPRESSION, 
DISPLAY_FORMAT, DISPLAY_SQL_TYPE, SORT_SQL_TYPE, IMPORTANCE, FIELD_CATEGORY_ID, ACTIVE_FLAG)
 VALUES(8837, 'Current Device Serial Cd','','MAIN.RDW.POS_DIM[CURRENT].DEVICE_SERIAL_CD','UPPER(MAIN.RDW.POS_DIM[CURRENT].DEVICE_SERIAL_CD)','','VARCHAR(50)','VARCHAR(50)',50,245,'Y');
INSERT INTO FOLIO_CONF.FIELD(FIELD_ID, FIELD_LABEL, FIELD_DESC, DISPLAY_EXPRESSION, SORT_EXPRESSION, 
DISPLAY_FORMAT, DISPLAY_SQL_TYPE, SORT_SQL_TYPE, IMPORTANCE, FIELD_CATEGORY_ID, ACTIVE_FLAG)
 VALUES(8838, 'Current Registered Ts','','MAIN.RDW.POS_DIM[CURRENT].REGISTERED_TS','MAIN.RDW.POS_DIM[CURRENT].REGISTERED_TS','','OTHER','OTHER',50,245,'Y');
INSERT INTO FOLIO_CONF.FIELD(FIELD_ID, FIELD_LABEL, FIELD_DESC, DISPLAY_EXPRESSION, SORT_EXPRESSION, 
DISPLAY_FORMAT, DISPLAY_SQL_TYPE, SORT_SQL_TYPE, IMPORTANCE, FIELD_CATEGORY_ID, ACTIVE_FLAG)
 VALUES(8839, 'Current Pos Start Ts','','MAIN.RDW.POS_DIM[CURRENT].POS_START_TS','MAIN.RDW.POS_DIM[CURRENT].POS_START_TS','','OTHER','OTHER',50,245,'Y');
INSERT INTO FOLIO_CONF.FIELD(FIELD_ID, FIELD_LABEL, FIELD_DESC, DISPLAY_EXPRESSION, SORT_EXPRESSION, 
DISPLAY_FORMAT, DISPLAY_SQL_TYPE, SORT_SQL_TYPE, IMPORTANCE, FIELD_CATEGORY_ID, ACTIVE_FLAG)
 VALUES(8841, 'Current Product Type','','MAIN.RDW.POS_DIM[CURRENT].PRODUCT_TYPE','UPPER(MAIN.RDW.POS_DIM[CURRENT].PRODUCT_TYPE)','','VARCHAR(100)','VARCHAR(100)',50,245,'Y');
INSERT INTO FOLIO_CONF.FIELD(FIELD_ID, FIELD_LABEL, FIELD_DESC, DISPLAY_EXPRESSION, SORT_EXPRESSION, 
DISPLAY_FORMAT, DISPLAY_SQL_TYPE, SORT_SQL_TYPE, IMPORTANCE, FIELD_CATEGORY_ID, ACTIVE_FLAG)
 VALUES(8908, '# Days Since Last Call-in','','to_char((current_timestamp at time zone ''UTC''-MAX(MAIN.RDW.POS_DIM.LAST_CALL_UTC_TS)),''DD'')','to_char((current_timestamp at time zone ''UTC''-MAX(MAIN.RDW.POS_DIM.LAST_CALL_UTC_TS)),''DD'')','','VARCHAR','VARCHAR',50,245,'Y');
INSERT INTO FOLIO_CONF.FIELD(FIELD_ID, FIELD_LABEL, FIELD_DESC, DISPLAY_EXPRESSION, SORT_EXPRESSION, 
DISPLAY_FORMAT, DISPLAY_SQL_TYPE, SORT_SQL_TYPE, IMPORTANCE, FIELD_CATEGORY_ID, ACTIVE_FLAG)
 VALUES(8910, '# Days Since Last Credit Tran','','to_char((current_timestamp -MAX(MAIN.RDW.POS_DIM.LAST_CREDIT_TRAN_TS)),''DD'')','to_char((current_timestamp -MAX(MAIN.RDW.POS_DIM.LAST_CREDIT_TRAN_TS)),''DD'')','','VARCHAR','VARCHAR',50,245,'Y');
INSERT INTO FOLIO_CONF.FIELD(FIELD_ID, FIELD_LABEL, FIELD_DESC, DISPLAY_EXPRESSION, SORT_EXPRESSION, 
DISPLAY_FORMAT, DISPLAY_SQL_TYPE, SORT_SQL_TYPE, IMPORTANCE, FIELD_CATEGORY_ID, ACTIVE_FLAG)
 VALUES(8912, '# Days Since Last Cash Tran','','to_char((current_timestamp -MAX(MAIN.RDW.POS_DIM.LAST_CASH_TRAN_TS)),''DD'')','to_char((current_timestamp -MAX(MAIN.RDW.POS_DIM.LAST_CASH_TRAN_TS)),''DD'')','','VARCHAR','VARCHAR',50,245,'Y');
INSERT INTO FOLIO_CONF.FIELD(FIELD_ID, FIELD_LABEL, FIELD_DESC, DISPLAY_EXPRESSION, SORT_EXPRESSION, 
DISPLAY_FORMAT, DISPLAY_SQL_TYPE, SORT_SQL_TYPE, IMPORTANCE, FIELD_CATEGORY_ID, ACTIVE_FLAG)
 VALUES(8916, 'showNum','','case when MAIN.RDW.POS_DIM.LAST_CALL_UTC_TS >= (current_timestamp at time zone ''UTC''- interval ''3 days'') then 0  else ( case when   MAIN.RDW.POS_DIM.LAST_CREDIT_TRAN_TS >= (current_timestamp - interval ''20 days'') then 0 else 1 end ) end','case when MAIN.RDW.POS_DIM.LAST_CALL_UTC_TS >= (current_timestamp at time zone ''UTC''- interval ''3 days'') then 0  else ( case when   MAIN.RDW.POS_DIM.LAST_CREDIT_TRAN_TS >= (current_timestamp - interval ''20 days'') then 0 else 1 end ) end','','INTEGER','INTEGER',50,245,'Y');
INSERT INTO FOLIO_CONF.FIELD(FIELD_ID, FIELD_LABEL, FIELD_DESC, DISPLAY_EXPRESSION, SORT_EXPRESSION, 
DISPLAY_FORMAT, DISPLAY_SQL_TYPE, SORT_SQL_TYPE, IMPORTANCE, FIELD_CATEGORY_ID, ACTIVE_FLAG)
 VALUES(8926, 'No Cash Quantity','','CASE WHEN MAIN.RDW.GET_HEALTH_CODE(MAIN.RDW.POS_DIM.LAST_CASH_TRAN_TS, :NoCashDaysMin::BIGINT, :NoCashDaysMax::BIGINT)=''Y'' THEN 1 ELSE NULL END','CASE WHEN MAIN.RDW.GET_HEALTH_CODE(MAIN.RDW.POS_DIM.LAST_CASH_TRAN_TS, :NoCashDaysMin::BIGINT, :NoCashDaysMax::BIGINT)=''Y'' THEN 1 ELSE NULL END','','INTEGER','INTEGER',50,245,'Y');
INSERT INTO FOLIO_CONF.FIELD(FIELD_ID, FIELD_LABEL, FIELD_DESC, DISPLAY_EXPRESSION, SORT_EXPRESSION, 
DISPLAY_FORMAT, DISPLAY_SQL_TYPE, SORT_SQL_TYPE, IMPORTANCE, FIELD_CATEGORY_ID, ACTIVE_FLAG)
 VALUES(8928, 'No Credit Quantity','','CASE WHEN MAIN.RDW.GET_HEALTH_CODE(MAIN.RDW.POS_DIM.LAST_CREDIT_TRAN_TS, :NoCreditDaysMin::BIGINT, :NoCreditDaysMax::BIGINT)=''Y'' THEN 1 ELSE NULL END','CASE WHEN MAIN.RDW.GET_HEALTH_CODE(MAIN.RDW.POS_DIM.LAST_CREDIT_TRAN_TS, :NoCreditDaysMin::BIGINT, :NoCreditDaysMax::BIGINT)=''Y'' THEN 1 ELSE NULL END','','INTEGER','INTEGER',50,245,'Y');
INSERT INTO FOLIO_CONF.FIELD(FIELD_ID, FIELD_LABEL, FIELD_DESC, DISPLAY_EXPRESSION, SORT_EXPRESSION, 
DISPLAY_FORMAT, DISPLAY_SQL_TYPE, SORT_SQL_TYPE, IMPORTANCE, FIELD_CATEGORY_ID, ACTIVE_FLAG)
 VALUES(8930, 'No Communication Quantity','','CASE WHEN MAIN.RDW.GET_HEALTH_CODE(MAIN.RDW.POS_DIM.LAST_CALL_UTC_TS, :NoCommDaysMin::BIGINT, :NoCommDaysMax::BIGINT)=''Y'' THEN 1 ELSE NULL END','CASE WHEN MAIN.RDW.GET_HEALTH_CODE(MAIN.RDW.POS_DIM.LAST_CALL_UTC_TS, :NoCommDaysMin::BIGINT, :NoCommDaysMax::BIGINT)=''Y'' THEN 1 ELSE NULL END','','INTEGER','INTEGER',50,245,'Y');
INSERT INTO FOLIO_CONF.FIELD(FIELD_ID, FIELD_LABEL, FIELD_DESC, DISPLAY_EXPRESSION, SORT_EXPRESSION, 
DISPLAY_FORMAT, DISPLAY_SQL_TYPE, SORT_SQL_TYPE, IMPORTANCE, FIELD_CATEGORY_ID, ACTIVE_FLAG)
 VALUES(8934, 'Batch Week','','date_trunc(''week'', MAIN.RDW.PAYMENT_BATCH_DIM.BATCH_END_TS)- interval''1 day''','date_trunc(''week'', MAIN.RDW.PAYMENT_BATCH_DIM.BATCH_END_TS)- interval''1 day''','','TIMESTAMP','TIMESTAMP',50,243,'Y');
INSERT INTO FOLIO_CONF.FIELD(FIELD_ID, FIELD_LABEL, FIELD_DESC, DISPLAY_EXPRESSION, SORT_EXPRESSION, 
DISPLAY_FORMAT, DISPLAY_SQL_TYPE, SORT_SQL_TYPE, IMPORTANCE, FIELD_CATEGORY_ID, ACTIVE_FLAG)
 VALUES(8940, 'Batch Trans Count','','CASE WHEN MAIN.RDW.PAYMENT_BATCH_DIM.PAYMENT_SCHEDULE_ID<>5 AND MAIN.RDW.LEDGER_ITEM_FACT.ITEM_TYPE_DIM_ID IN(5,6,9,10) AND MAIN.RDW.LEDGER_ITEM_FACT.TRAN_ITEM_DETAIL_DIM_ID != 0 THEN MAIN.RDW.LEDGER_ITEM_FACT.TRAN_ITEM_DETAIL_DIM_ID END','CASE WHEN MAIN.RDW.PAYMENT_BATCH_DIM.PAYMENT_SCHEDULE_ID<>5 AND MAIN.RDW.LEDGER_ITEM_FACT.ITEM_TYPE_DIM_ID IN(5,6,9,10) AND MAIN.RDW.LEDGER_ITEM_FACT.TRAN_ITEM_DETAIL_DIM_ID != 0 THEN MAIN.RDW.LEDGER_ITEM_FACT.TRAN_ITEM_DETAIL_DIM_ID END','','BIGINT','BIGINT',50,243,'Y');
INSERT INTO FOLIO_CONF.FIELD(FIELD_ID, FIELD_LABEL, FIELD_DESC, DISPLAY_EXPRESSION, SORT_EXPRESSION, 
DISPLAY_FORMAT, DISPLAY_SQL_TYPE, SORT_SQL_TYPE, IMPORTANCE, FIELD_CATEGORY_ID, ACTIVE_FLAG)
 VALUES(8942, 'Gross Credit Amount','','CASE WHEN MAIN.RDW.ITEM_TYPE_DIM.PAYMENT_ENTRY_TYPE_CD =''CC'' THEN MAIN.RDW.LEDGER_ITEM_FACT.AMOUNT ELSE NULL END','CASE WHEN MAIN.RDW.ITEM_TYPE_DIM.PAYMENT_ENTRY_TYPE_CD =''CC'' THEN MAIN.RDW.LEDGER_ITEM_FACT.AMOUNT ELSE NULL END','','NUMERIC','NUMERIC',50,231,'Y');
INSERT INTO FOLIO_CONF.FIELD(FIELD_ID, FIELD_LABEL, FIELD_DESC, DISPLAY_EXPRESSION, SORT_EXPRESSION, 
DISPLAY_FORMAT, DISPLAY_SQL_TYPE, SORT_SQL_TYPE, IMPORTANCE, FIELD_CATEGORY_ID, ACTIVE_FLAG)
 VALUES(8944, 'Failed Credit Amount','','CASE WHEN MAIN.RDW.ITEM_TYPE_DIM.PAYMENT_ENTRY_TYPE_CD =''CC'' and MAIN.RDW.LEDGER_ITEM_DETAIL_DIM.ITEM_PAYABLE_FLAG = ''No'' THEN MAIN.RDW.LEDGER_ITEM_FACT.AMOUNT ELSE NULL END','CASE WHEN MAIN.RDW.ITEM_TYPE_DIM.PAYMENT_ENTRY_TYPE_CD =''CC'' and MAIN.RDW.LEDGER_ITEM_DETAIL_DIM.ITEM_PAYABLE_FLAG = ''No'' THEN MAIN.RDW.LEDGER_ITEM_FACT.AMOUNT ELSE NULL END','','NUMERIC','NUMERIC',50,231,'Y');
INSERT INTO FOLIO_CONF.FIELD(FIELD_ID, FIELD_LABEL, FIELD_DESC, DISPLAY_EXPRESSION, SORT_EXPRESSION, 
DISPLAY_FORMAT, DISPLAY_SQL_TYPE, SORT_SQL_TYPE, IMPORTANCE, FIELD_CATEGORY_ID, ACTIVE_FLAG)
 VALUES(8946, 'Net Credit Amount','','CASE WHEN MAIN.RDW.ITEM_TYPE_DIM.PAYMENT_ENTRY_TYPE_CD =''CC'' and MAIN.RDW.LEDGER_ITEM_DETAIL_DIM.ITEM_PAYABLE_FLAG = ''Yes'' THEN MAIN.RDW.LEDGER_ITEM_FACT.AMOUNT ELSE NULL END','CASE WHEN MAIN.RDW.ITEM_TYPE_DIM.PAYMENT_ENTRY_TYPE_CD =''CC'' and MAIN.RDW.LEDGER_ITEM_DETAIL_DIM.ITEM_PAYABLE_FLAG = ''Yes'' THEN MAIN.RDW.LEDGER_ITEM_FACT.AMOUNT ELSE NULL END','','NUMERIC','NUMERIC',50,231,'Y');
INSERT INTO FOLIO_CONF.FIELD(FIELD_ID, FIELD_LABEL, FIELD_DESC, DISPLAY_EXPRESSION, SORT_EXPRESSION, 
DISPLAY_FORMAT, DISPLAY_SQL_TYPE, SORT_SQL_TYPE, IMPORTANCE, FIELD_CATEGORY_ID, ACTIVE_FLAG)
 VALUES(8948, 'Process Fee','','CASE WHEN MAIN.RDW.ITEM_TYPE_DIM.PAYMENT_ENTRY_TYPE_CD IN( ''PF'',''SB'') and MAIN.RDW.LEDGER_ITEM_DETAIL_DIM.ITEM_PAYABLE_FLAG = ''Yes'' THEN MAIN.RDW.LEDGER_ITEM_FACT.AMOUNT ELSE NULL END','CASE WHEN MAIN.RDW.ITEM_TYPE_DIM.PAYMENT_ENTRY_TYPE_CD IN( ''PF'',''SB'') and MAIN.RDW.LEDGER_ITEM_DETAIL_DIM.ITEM_PAYABLE_FLAG = ''Yes'' THEN MAIN.RDW.LEDGER_ITEM_FACT.AMOUNT ELSE NULL END','','NUMERIC','NUMERIC',50,231,'Y');
INSERT INTO FOLIO_CONF.FIELD(FIELD_ID, FIELD_LABEL, FIELD_DESC, DISPLAY_EXPRESSION, SORT_EXPRESSION, 
DISPLAY_FORMAT, DISPLAY_SQL_TYPE, SORT_SQL_TYPE, IMPORTANCE, FIELD_CATEGORY_ID, ACTIVE_FLAG)
 VALUES(8950, 'Service Fee','','CASE WHEN MAIN.RDW.ITEM_TYPE_DIM.PAYMENT_ENTRY_TYPE_CD =''SF'' and MAIN.RDW.LEDGER_ITEM_DETAIL_DIM.ITEM_PAYABLE_FLAG = ''Yes'' THEN MAIN.RDW.LEDGER_ITEM_FACT.AMOUNT ELSE NULL END','CASE WHEN MAIN.RDW.ITEM_TYPE_DIM.PAYMENT_ENTRY_TYPE_CD =''SF'' and MAIN.RDW.LEDGER_ITEM_DETAIL_DIM.ITEM_PAYABLE_FLAG = ''Yes'' THEN MAIN.RDW.LEDGER_ITEM_FACT.AMOUNT ELSE NULL END','','NUMERIC','NUMERIC',50,231,'Y');
INSERT INTO FOLIO_CONF.FIELD(FIELD_ID, FIELD_LABEL, FIELD_DESC, DISPLAY_EXPRESSION, SORT_EXPRESSION, 
DISPLAY_FORMAT, DISPLAY_SQL_TYPE, SORT_SQL_TYPE, IMPORTANCE, FIELD_CATEGORY_ID, ACTIVE_FLAG)
 VALUES(8952, 'Refund/Chargeback Amount','','CASE WHEN MAIN.RDW.ITEM_TYPE_DIM.PAYMENT_ENTRY_TYPE_CD IN(''RF'', ''CB'') and MAIN.RDW.LEDGER_ITEM_DETAIL_DIM.ITEM_PAYABLE_FLAG = ''Yes'' THEN MAIN.RDW.LEDGER_ITEM_FACT.AMOUNT ELSE NULL END','CASE WHEN MAIN.RDW.ITEM_TYPE_DIM.PAYMENT_ENTRY_TYPE_CD IN(''RF'', ''CB'') and MAIN.RDW.LEDGER_ITEM_DETAIL_DIM.ITEM_PAYABLE_FLAG = ''Yes'' THEN MAIN.RDW.LEDGER_ITEM_FACT.AMOUNT ELSE NULL END','','NUMERIC','NUMERIC',50,231,'Y');
INSERT INTO FOLIO_CONF.FIELD(FIELD_ID, FIELD_LABEL, FIELD_DESC, DISPLAY_EXPRESSION, SORT_EXPRESSION, 
DISPLAY_FORMAT, DISPLAY_SQL_TYPE, SORT_SQL_TYPE, IMPORTANCE, FIELD_CATEGORY_ID, ACTIVE_FLAG)
 VALUES(8954, 'Adjustments','','CASE WHEN MAIN.RDW.ITEM_TYPE_DIM.PAYMENT_ENTRY_TYPE_CD =''AD'' and MAIN.RDW.LEDGER_ITEM_DETAIL_DIM.ITEM_PAYABLE_FLAG = ''Yes'' THEN MAIN.RDW.LEDGER_ITEM_FACT.AMOUNT ELSE NULL END','CASE WHEN MAIN.RDW.ITEM_TYPE_DIM.PAYMENT_ENTRY_TYPE_CD =''AD'' and MAIN.RDW.LEDGER_ITEM_DETAIL_DIM.ITEM_PAYABLE_FLAG = ''Yes'' THEN MAIN.RDW.LEDGER_ITEM_FACT.AMOUNT ELSE NULL END','','NUMERIC','NUMERIC',50,231,'Y');
INSERT INTO FOLIO_CONF.FIELD(FIELD_ID, FIELD_LABEL, FIELD_DESC, DISPLAY_EXPRESSION, SORT_EXPRESSION, 
DISPLAY_FORMAT, DISPLAY_SQL_TYPE, SORT_SQL_TYPE, IMPORTANCE, FIELD_CATEGORY_ID, ACTIVE_FLAG)
 VALUES(8956, 'Net Revenue','','CASE WHEN MAIN.RDW.LEDGER_ITEM_DETAIL_DIM.ITEM_PAYABLE_FLAG = ''Yes'' THEN MAIN.RDW.LEDGER_ITEM_FACT.AMOUNT ELSE NULL END','CASE WHEN MAIN.RDW.LEDGER_ITEM_DETAIL_DIM.ITEM_PAYABLE_FLAG = ''Yes'' THEN MAIN.RDW.LEDGER_ITEM_FACT.AMOUNT ELSE NULL END','','NUMERIC','NUMERIC',50,231,'Y');
INSERT INTO FOLIO_CONF.FIELD(FIELD_ID, FIELD_LABEL, FIELD_DESC, DISPLAY_EXPRESSION, SORT_EXPRESSION, 
DISPLAY_FORMAT, DISPLAY_SQL_TYPE, SORT_SQL_TYPE, IMPORTANCE, FIELD_CATEGORY_ID, ACTIVE_FLAG)
 VALUES(8958, 'Pending Credit Amount','','CASE WHEN MAIN.RDW.ITEM_TYPE_DIM.PAYMENT_ENTRY_TYPE_CD =''CC'' and MAIN.RDW.LEDGER_ITEM_DETAIL_DIM.ITEM_PAYABLE_FLAG = ''Pending'' THEN MAIN.RDW.LEDGER_ITEM_FACT.AMOUNT ELSE NULL END','CASE WHEN MAIN.RDW.ITEM_TYPE_DIM.PAYMENT_ENTRY_TYPE_CD =''CC'' and MAIN.RDW.LEDGER_ITEM_DETAIL_DIM.ITEM_PAYABLE_FLAG = ''Pending'' THEN MAIN.RDW.LEDGER_ITEM_FACT.AMOUNT ELSE NULL END','','NUMERIC','NUMERIC',50,231,'Y');
INSERT INTO FOLIO_CONF.FIELD(FIELD_ID, FIELD_LABEL, FIELD_DESC, DISPLAY_EXPRESSION, SORT_EXPRESSION, 
DISPLAY_FORMAT, DISPLAY_SQL_TYPE, SORT_SQL_TYPE, IMPORTANCE, FIELD_CATEGORY_ID, ACTIVE_FLAG)
 VALUES(8960, 'Pending Credit Tran Id','','CASE WHEN MAIN.RDW.ITEM_TYPE_DIM.PAYMENT_ENTRY_TYPE_CD =''CC'' and MAIN.RDW.LEDGER_ITEM_DETAIL_DIM.ITEM_PAYABLE_FLAG = ''Pending'' THEN MAIN.RDW.LEDGER_ITEM_DETAIL_DIM.REPORT_TRAN_ID ELSE NULL END','CASE WHEN MAIN.RDW.ITEM_TYPE_DIM.PAYMENT_ENTRY_TYPE_CD =''CC'' and MAIN.RDW.LEDGER_ITEM_DETAIL_DIM.ITEM_PAYABLE_FLAG = ''Pending'' THEN MAIN.RDW.LEDGER_ITEM_DETAIL_DIM.REPORT_TRAN_ID ELSE NULL END','','BIGINT','BIGINT',50,231,'Y');
INSERT INTO FOLIO_CONF.FIELD(FIELD_ID, FIELD_LABEL, FIELD_DESC, DISPLAY_EXPRESSION, SORT_EXPRESSION, 
DISPLAY_FORMAT, DISPLAY_SQL_TYPE, SORT_SQL_TYPE, IMPORTANCE, FIELD_CATEGORY_ID, ACTIVE_FLAG)
 VALUES(8962, 'Masked Bank Account','','MAIN.RDW.MASK_STR(MAIN.RDW.PAYMENT_DIM.BANK_ACCT_NUM,2,2)','MAIN.RDW.MASK_STR(MAIN.RDW.PAYMENT_DIM.BANK_ACCT_NUM,2,2)','','VARCHAR','VARCHAR',50,244,'Y');
INSERT INTO FOLIO_CONF.FIELD(FIELD_ID, FIELD_LABEL, FIELD_DESC, DISPLAY_EXPRESSION, SORT_EXPRESSION, 
DISPLAY_FORMAT, DISPLAY_SQL_TYPE, SORT_SQL_TYPE, IMPORTANCE, FIELD_CATEGORY_ID, ACTIVE_FLAG)
 VALUES(8964, 'Masked Bank Routing Nbr','','MAIN.RDW.MASK_STR(MAIN.RDW.PAYMENT_DIM.BANK_ROUTING_NUM,2,2)','MAIN.RDW.MASK_STR(MAIN.RDW.PAYMENT_DIM.BANK_ROUTING_NUM,2,2)','','VARCHAR','VARCHAR',50,244,'Y');
INSERT INTO FOLIO_CONF.FIELD(FIELD_ID, FIELD_LABEL, FIELD_DESC, DISPLAY_EXPRESSION, SORT_EXPRESSION, 
DISPLAY_FORMAT, DISPLAY_SQL_TYPE, SORT_SQL_TYPE, IMPORTANCE, FIELD_CATEGORY_ID, ACTIVE_FLAG)
 VALUES(8974, 'Settled Non-Credit Amount','','CASE WHEN MAIN.RDW.ITEM_TYPE_DIM.PAYMENT_ENTRY_TYPE_CD <>''CC'' and MAIN.RDW.LEDGER_ITEM_DETAIL_DIM.ITEM_PAYABLE_FLAG = ''Yes'' THEN MAIN.RDW.LEDGER_ITEM_FACT.AMOUNT ELSE NULL END','CASE WHEN MAIN.RDW.ITEM_TYPE_DIM.PAYMENT_ENTRY_TYPE_CD <>''CC'' and MAIN.RDW.LEDGER_ITEM_DETAIL_DIM.ITEM_PAYABLE_FLAG = ''Yes'' THEN MAIN.RDW.LEDGER_ITEM_FACT.AMOUNT ELSE NULL END','','NUMERIC','NUMERIC',50,231,'Y');
INSERT INTO FOLIO_CONF.FIELD(FIELD_ID, FIELD_LABEL, FIELD_DESC, DISPLAY_EXPRESSION, SORT_EXPRESSION, 
DISPLAY_FORMAT, DISPLAY_SQL_TYPE, SORT_SQL_TYPE, IMPORTANCE, FIELD_CATEGORY_ID, ACTIVE_FLAG)
 VALUES(8976, 'Total Amount','','COALESCE(MAIN.RDW.FILL_FACT.CASH_AMOUNT, 0)+COALESCE(MAIN.RDW.FILL_FACT.CREDIT_AMOUNT, 0)+COALESCE(MAIN.RDW.FILL_FACT.OTHERCARD_AMOUNT, 0)','COALESCE(MAIN.RDW.FILL_FACT.CASH_AMOUNT, 0)+COALESCE(MAIN.RDW.FILL_FACT.CREDIT_AMOUNT, 0)+COALESCE(MAIN.RDW.FILL_FACT.OTHERCARD_AMOUNT, 0)','','NUMERIC','NUMERIC',50,255,'Y');
INSERT INTO FOLIO_CONF.FIELD(FIELD_ID, FIELD_LABEL, FIELD_DESC, DISPLAY_EXPRESSION, SORT_EXPRESSION, 
DISPLAY_FORMAT, DISPLAY_SQL_TYPE, SORT_SQL_TYPE, IMPORTANCE, FIELD_CATEGORY_ID, ACTIVE_FLAG)
 VALUES(8978, 'Paid Date Year','','EXTRACT(YEAR FROM MAIN.RDW.PAYMENT_DIM.PAID_TS)','EXTRACT(YEAR FROM MAIN.RDW.PAYMENT_DIM.PAID_TS)','','DECIMAL','DECIMAL',50,244,'Y');
INSERT INTO FOLIO_CONF.FIELD(FIELD_ID, FIELD_LABEL, FIELD_DESC, DISPLAY_EXPRESSION, SORT_EXPRESSION, 
DISPLAY_FORMAT, DISPLAY_SQL_TYPE, SORT_SQL_TYPE, IMPORTANCE, FIELD_CATEGORY_ID, ACTIVE_FLAG)
 VALUES(8992, 'Non-positive Indicator','','MAX(CASE WHEN MAIN.RDW.TRAN_ITEM_FACT.TRAN_COUNT_FRACTION > 0 THEN NULL ELSE ''+'' END)','MAX(CASE WHEN MAIN.RDW.TRAN_ITEM_FACT.TRAN_COUNT_FRACTION > 0 THEN NULL ELSE ''+'' END)','','VARCHAR','VARCHAR',50,220,'Y');
INSERT INTO FOLIO_CONF.FIELD(FIELD_ID, FIELD_LABEL, FIELD_DESC, DISPLAY_EXPRESSION, SORT_EXPRESSION, 
DISPLAY_FORMAT, DISPLAY_SQL_TYPE, SORT_SQL_TYPE, IMPORTANCE, FIELD_CATEGORY_ID, ACTIVE_FLAG)
 VALUES(8994, 'Unsettled Indicator','','MAX(CASE WHEN MAIN.RDW.AUTH_DETAIL_DIM.SETTLE_STATE_ID IN(2,3) THEN NULL ELSE ''*'' END)','MAX(CASE WHEN MAIN.RDW.AUTH_DETAIL_DIM.SETTLE_STATE_ID IN(2,3) THEN NULL ELSE ''*'' END)','','VARCHAR','VARCHAR',50,220,'Y');
INSERT INTO FOLIO_CONF.FIELD(FIELD_ID, FIELD_LABEL, FIELD_DESC, DISPLAY_EXPRESSION, SORT_EXPRESSION, 
DISPLAY_FORMAT, DISPLAY_SQL_TYPE, SORT_SQL_TYPE, IMPORTANCE, FIELD_CATEGORY_ID, ACTIVE_FLAG)
 VALUES(8996, 'Include All Constant','','1','1','','NUMERIC','NUMERIC',50,200,'Y');
INSERT INTO FOLIO_CONF.FIELD(FIELD_ID, FIELD_LABEL, FIELD_DESC, DISPLAY_EXPRESSION, SORT_EXPRESSION, 
DISPLAY_FORMAT, DISPLAY_SQL_TYPE, SORT_SQL_TYPE, IMPORTANCE, FIELD_CATEGORY_ID, ACTIVE_FLAG)
 VALUES(8998, 'PC Gross Credit Card Revenue','','CASE WHEN concat(SUBSTRING(MAIN.RDW.LEDGER_ITEM_DETAIL_DIM.DEVICE_SERIAL_CD,1,2),MAIN.RDW.MAIN.RDW.ITEM_TYPE_DIM.PAYMENT_ENTRY_TYPE_CD) = ''PCCC'' THEN MAIN.RDW.LEDGER_ITEM_FACT.AMOUNT ELSE 0 END','CASE WHEN CONCAT(SUBSTRING(MAIN.RDW.LEDGER_ITEM_DETAIL_DIM.DEVICE_SERIAL_CD,1,2),MAIN.RDW.MAIN.RDW.ITEM_TYPE_DIM.PAYMENT_ENTRY_TYPE_CD) = ''PCCC'' THEN MAIN.RDW.LEDGER_ITEM_FACT.AMOUNT ELSE 0 END','','NUMERIC','NUMERIC',50,1018,'Y');
INSERT INTO FOLIO_CONF.FIELD(FIELD_ID, FIELD_LABEL, FIELD_DESC, DISPLAY_EXPRESSION, SORT_EXPRESSION, 
DISPLAY_FORMAT, DISPLAY_SQL_TYPE, SORT_SQL_TYPE, IMPORTANCE, FIELD_CATEGORY_ID, ACTIVE_FLAG)
 VALUES(9000, 'PDPA Gross Credit Card Revenue','','CASE WHEN concat(SUBSTRING(MAIN.RDW.LEDGER_ITEM_DETAIL_DIM.DEVICE_SERIAL_CD,1,2),MAIN.RDW.MAIN.RDW.ITEM_TYPE_DIM.PAYMENT_ENTRY_TYPE_CD) = ''PDCC'' THEN MAIN.RDW.LEDGER_ITEM_FACT.AMOUNT WHEN concat(SUBSTRING(MAIN.RDW.LEDGER_ITEM_DETAIL_DIM.DEVICE_SERIAL_CD,1,2),MAIN.RDW.MAIN.RDW.ITEM_TYPE_DIM.PAYMENT_ENTRY_TYPE_CD) = ''PACC'' THEN MAIN.RDW.LEDGER_ITEM_FACT.AMOUNT ELSE 0 END','CASE WHEN concat(SUBSTRING(MAIN.RDW.LEDGER_ITEM_DETAIL_DIM.DEVICE_SERIAL_CD,1,2),MAIN.RDW.MAIN.RDW.ITEM_TYPE_DIM.PAYMENT_ENTRY_TYPE_CD) = ''PDCC'' THEN MAIN.RDW.LEDGER_ITEM_FACT.AMOUNT WHEN concat(SUBSTRING(MAIN.RDW.LEDGER_ITEM_DETAIL_DIM.DEVICE_SERIAL_CD,1,2),MAIN.RDW.MAIN.RDW.ITEM_TYPE_DIM.PAYMENT_ENTRY_TYPE_CD) = ''PACC'' THEN MAIN.RDW.LEDGER_ITEM_FACT.AMOUNT ELSE 0 END','','NUMERIC','NUMERIC',50,1018,'Y');
INSERT INTO FOLIO_CONF.FIELD(FIELD_ID, FIELD_LABEL, FIELD_DESC, DISPLAY_EXPRESSION, SORT_EXPRESSION, 
DISPLAY_FORMAT, DISPLAY_SQL_TYPE, SORT_SQL_TYPE, IMPORTANCE, FIELD_CATEGORY_ID, ACTIVE_FLAG)
 VALUES(9002, 'PF Gross Credit Card Revenue','','CASE WHEN CONCAT(SUBSTRING(MAIN.RDW.LEDGER_ITEM_DETAIL_DIM.DEVICE_SERIAL_CD,1,2),MAIN.RDW.MAIN.RDW.ITEM_TYPE_DIM.PAYMENT_ENTRY_TYPE_CD) = ''PFCC'' THEN MAIN.RDW.LEDGER_ITEM_FACT.AMOUNT ELSE 0 END','CASE WHEN CONCAT(SUBSTRING(MAIN.RDW.LEDGER_ITEM_DETAIL_DIM.DEVICE_SERIAL_CD,1,2),MAIN.RDW.MAIN.RDW.ITEM_TYPE_DIM.PAYMENT_ENTRY_TYPE_CD) = ''PFCC'' THEN MAIN.RDW.LEDGER_ITEM_FACT.AMOUNT ELSE 0 END','','NUMERIC','NUMERIC',50,1018,'Y');
INSERT INTO FOLIO_CONF.FIELD(FIELD_ID, FIELD_LABEL, FIELD_DESC, DISPLAY_EXPRESSION, SORT_EXPRESSION, 
DISPLAY_FORMAT, DISPLAY_SQL_TYPE, SORT_SQL_TYPE, IMPORTANCE, FIELD_CATEGORY_ID, ACTIVE_FLAG)
 VALUES(9004, 'PP Gross Credit Card Revenue','','CASE WHEN CONCAT(SUBSTRING(MAIN.RDW.LEDGER_ITEM_DETAIL_DIM.DEVICE_SERIAL_CD,1,2),MAIN.RDW.MAIN.RDW.ITEM_TYPE_DIM.PAYMENT_ENTRY_TYPE_CD) = ''PPCC'' THEN MAIN.RDW.LEDGER_ITEM_FACT.AMOUNT ELSE 0 END','CASE WHEN CONCAT(SUBSTRING(MAIN.RDW.LEDGER_ITEM_DETAIL_DIM.DEVICE_SERIAL_CD,1,2),MAIN.RDW.MAIN.RDW.ITEM_TYPE_DIM.PAYMENT_ENTRY_TYPE_CD) = ''PPCC'' THEN MAIN.RDW.LEDGER_ITEM_FACT.AMOUNT ELSE 0 END','','NUMERIC','NUMERIC',50,1018,'Y');
INSERT INTO FOLIO_CONF.FIELD(FIELD_ID, FIELD_LABEL, FIELD_DESC, DISPLAY_EXPRESSION, SORT_EXPRESSION, 
DISPLAY_FORMAT, DISPLAY_SQL_TYPE, SORT_SQL_TYPE, IMPORTANCE, FIELD_CATEGORY_ID, ACTIVE_FLAG)
 VALUES(9006, 'K1 Gross Credit Card Revenue','','CASE WHEN CONCAT(SUBSTRING(MAIN.RDW.LEDGER_ITEM_DETAIL_DIM.DEVICE_SERIAL_CD,1,2),MAIN.RDW.MAIN.RDW.ITEM_TYPE_DIM.PAYMENT_ENTRY_TYPE_CD) = ''K1CC'' THEN MAIN.RDW.LEDGER_ITEM_FACT.AMOUNT ELSE 0 END','CASE WHEN CONCAT(SUBSTRING(MAIN.RDW.LEDGER_ITEM_DETAIL_DIM.DEVICE_SERIAL_CD,1,2),MAIN.RDW.MAIN.RDW.ITEM_TYPE_DIM.PAYMENT_ENTRY_TYPE_CD) = ''K1CC'' THEN MAIN.RDW.LEDGER_ITEM_FACT.AMOUNT ELSE 0 END','','NUMERIC','NUMERIC',50,1018,'Y');
INSERT INTO FOLIO_CONF.FIELD(FIELD_ID, FIELD_LABEL, FIELD_DESC, DISPLAY_EXPRESSION, SORT_EXPRESSION, 
DISPLAY_FORMAT, DISPLAY_SQL_TYPE, SORT_SQL_TYPE, IMPORTANCE, FIELD_CATEGORY_ID, ACTIVE_FLAG)
 VALUES(9008, 'PC Tran Total','','CASE WHEN SUBSTRING(MAIN.RDW.TRAN_ITEM_DETAIL_DIM.DEVICE_SERIAL_CD,1,2) =''PC'' THEN MAIN.RDW.TRAN_ITEM_FACT.AMOUNT ELSE 0 END','CASE WHEN SUBSTRING(MAIN.RDW.TRAN_ITEM_DETAIL_DIM.DEVICE_SERIAL_CD,1,2) =''PC'' THEN MAIN.RDW.TRAN_ITEM_FACT.AMOUNT ELSE 0 END','','NUMERIC','NUMERIC',50,1020,'Y');
INSERT INTO FOLIO_CONF.FIELD(FIELD_ID, FIELD_LABEL, FIELD_DESC, DISPLAY_EXPRESSION, SORT_EXPRESSION, 
DISPLAY_FORMAT, DISPLAY_SQL_TYPE, SORT_SQL_TYPE, IMPORTANCE, FIELD_CATEGORY_ID, ACTIVE_FLAG)
 VALUES(9010, 'PDPA Tran Total','','CASE WHEN SUBSTRING(MAIN.RDW.TRAN_ITEM_DETAIL_DIM.DEVICE_SERIAL_CD,1,2) =''PD'' THEN MAIN.RDW.TRAN_ITEM_FACT.AMOUNT  WHEN SUBSTRING(MAIN.RDW.TRAN_ITEM_DETAIL_DIM.DEVICE_SERIAL_CD,1,2) =''PA'' THEN MAIN.RDW.TRAN_ITEM_FACT.AMOUNT ELSE 0 END','CASE WHEN SUBSTRING(MAIN.RDW.TRAN_ITEM_DETAIL_DIM.DEVICE_SERIAL_CD,1,2) =''PD'' THEN MAIN.RDW.TRAN_ITEM_FACT.AMOUNT  WHEN SUBSTRING(MAIN.RDW.TRAN_ITEM_DETAIL_DIM.DEVICE_SERIAL_CD,1,2) =''PA'' THEN MAIN.RDW.TRAN_ITEM_FACT.AMOUNT ELSE 0 END','','NUMERIC','NUMERIC',50,1020,'Y');
INSERT INTO FOLIO_CONF.FIELD(FIELD_ID, FIELD_LABEL, FIELD_DESC, DISPLAY_EXPRESSION, SORT_EXPRESSION, 
DISPLAY_FORMAT, DISPLAY_SQL_TYPE, SORT_SQL_TYPE, IMPORTANCE, FIELD_CATEGORY_ID, ACTIVE_FLAG)
 VALUES(9012, 'PF Tran Total','','CASE WHEN SUBSTRING(MAIN.RDW.TRAN_ITEM_DETAIL_DIM.DEVICE_SERIAL_CD,1,2) =''PF'' THEN MAIN.RDW.TRAN_ITEM_FACT.AMOUNT ELSE 0 END','CASE WHEN SUBSTRING(MAIN.RDW.TRAN_ITEM_DETAIL_DIM.DEVICE_SERIAL_CD,1,2) =''PF'' THEN MAIN.RDW.TRAN_ITEM_FACT.AMOUNT ELSE 0 END','','NUMERIC','NUMERIC',50,1020,'Y');
INSERT INTO FOLIO_CONF.FIELD(FIELD_ID, FIELD_LABEL, FIELD_DESC, DISPLAY_EXPRESSION, SORT_EXPRESSION, 
DISPLAY_FORMAT, DISPLAY_SQL_TYPE, SORT_SQL_TYPE, IMPORTANCE, FIELD_CATEGORY_ID, ACTIVE_FLAG)
 VALUES(9014, 'PP Tran Total','','CASE WHEN SUBSTRING(MAIN.RDW.TRAN_ITEM_DETAIL_DIM.DEVICE_SERIAL_CD,1,2) =''PP'' THEN MAIN.RDW.TRAN_ITEM_FACT.AMOUNT ELSE 0 END','CASE WHEN SUBSTRING(MAIN.RDW.TRAN_ITEM_DETAIL_DIM.DEVICE_SERIAL_CD,1,2) =''PP'' THEN MAIN.RDW.TRAN_ITEM_FACT.AMOUNT ELSE 0 END','','NUMERIC','NUMERIC',50,1020,'Y');
INSERT INTO FOLIO_CONF.FIELD(FIELD_ID, FIELD_LABEL, FIELD_DESC, DISPLAY_EXPRESSION, SORT_EXPRESSION, 
DISPLAY_FORMAT, DISPLAY_SQL_TYPE, SORT_SQL_TYPE, IMPORTANCE, FIELD_CATEGORY_ID, ACTIVE_FLAG)
 VALUES(9016, 'K1 Tran Total','',' CASE WHEN SUBSTRING(MAIN.RDW.TRAN_ITEM_DETAIL_DIM.DEVICE_SERIAL_CD,1,2) =''K1'' THEN MAIN.RDW.TRAN_ITEM_FACT.AMOUNT ELSE 0 END',' CASE WHEN SUBSTRING(MAIN.RDW.TRAN_ITEM_DETAIL_DIM.DEVICE_SERIAL_CD,1,2) =''K1'' THEN MAIN.RDW.TRAN_ITEM_FACT.AMOUNT ELSE 0 END','','NUMERIC','NUMERIC',50,1020,'Y');
INSERT INTO FOLIO_CONF.FIELD(FIELD_ID, FIELD_LABEL, FIELD_DESC, DISPLAY_EXPRESSION, SORT_EXPRESSION, 
DISPLAY_FORMAT, DISPLAY_SQL_TYPE, SORT_SQL_TYPE, IMPORTANCE, FIELD_CATEGORY_ID, ACTIVE_FLAG)
 VALUES(9018, 'Tran Date Month','','date_trunc(''month'',MAIN.RDW.TRAN_ITEM_FACT.ITEM_TS)','date_trunc(''month'',MAIN.RDW.TRAN_ITEM_FACT.ITEM_TS)','','TIMESTAMP','TIMESTAMP',50,220,'Y');
INSERT INTO FOLIO_CONF.FIELD(FIELD_ID, FIELD_LABEL, FIELD_DESC, DISPLAY_EXPRESSION, SORT_EXPRESSION, 
DISPLAY_FORMAT, DISPLAY_SQL_TYPE, SORT_SQL_TYPE, IMPORTANCE, FIELD_CATEGORY_ID, ACTIVE_FLAG)
 VALUES(9020, 'Device Tran Code','','substring(MAIN.RDW.TRAN_ITEM_DETAIL_DIM.MACHINE_TRANS_NO, INSTR(MAIN.RDW.TRAN_ITEM_DETAIL_DIM.MACHINE_TRANS_NO, '':'', 1, 2)+1, 1000)','substring(MAIN.RDW.TRAN_ITEM_DETAIL_DIM.MACHINE_TRANS_NO, INSTR(MAIN.RDW.TRAN_ITEM_DETAIL_DIM.MACHINE_TRANS_NO, '':'', 1, 2)+1, 1000)','','VARCHAR','VARCHAR',50,247,'Y');
INSERT INTO FOLIO_CONF.FIELD(FIELD_ID, FIELD_LABEL, FIELD_DESC, DISPLAY_EXPRESSION, SORT_EXPRESSION, 
DISPLAY_FORMAT, DISPLAY_SQL_TYPE, SORT_SQL_TYPE, IMPORTANCE, FIELD_CATEGORY_ID, ACTIVE_FLAG)
 VALUES(9022, 'Tran Type Code','','MAIN.RDW.AUTH_TYPE_DIM.TRAN_TYPE_CODE','MAIN.RDW.AUTH_TYPE_DIM.TRAN_TYPE_CODE','','CHAR','CHAR',50,209,'Y');
INSERT INTO FOLIO_CONF.FIELD(FIELD_ID, FIELD_LABEL, FIELD_DESC, DISPLAY_EXPRESSION, SORT_EXPRESSION, 
DISPLAY_FORMAT, DISPLAY_SQL_TYPE, SORT_SQL_TYPE, IMPORTANCE, FIELD_CATEGORY_ID, ACTIVE_FLAG)
 VALUES(9024, 'Doc Status','','MAIN.RDW.PAYMENT_DIM.STATUS','MAIN.RDW.PAYMENT_DIM.STATUS','','CHAR(1)','CHAR(1)',50,244,'Y');
INSERT INTO FOLIO_CONF.FIELD(FIELD_ID, FIELD_LABEL, FIELD_DESC, DISPLAY_EXPRESSION, SORT_EXPRESSION, 
DISPLAY_FORMAT, DISPLAY_SQL_TYPE, SORT_SQL_TYPE, IMPORTANCE, FIELD_CATEGORY_ID, ACTIVE_FLAG)
 VALUES(9026, 'Fee Percent','','MAIN.RDW.LEDGER_ITEM_DETAIL_DIM.FEE_PERCENT','MAIN.RDW.LEDGER_ITEM_DETAIL_DIM.FEE_PERCENT','','NUMERIC','NUMERIC',50,248,'Y');
INSERT INTO FOLIO_CONF.FIELD(FIELD_ID, FIELD_LABEL, FIELD_DESC, DISPLAY_EXPRESSION, SORT_EXPRESSION, 
DISPLAY_FORMAT, DISPLAY_SQL_TYPE, SORT_SQL_TYPE, IMPORTANCE, FIELD_CATEGORY_ID, ACTIVE_FLAG)
 VALUES(9028, 'Last Fill Ts','','MAIN.RDW.POS_DIM.LAST_FILL_TS','MAIN.RDW.POS_DIM.LAST_FILL_TS','','TIMESTAMP','TIMESTAMP',50,245,'Y');
INSERT INTO FOLIO_CONF.FIELD(FIELD_ID, FIELD_LABEL, FIELD_DESC, DISPLAY_EXPRESSION, SORT_EXPRESSION, 
DISPLAY_FORMAT, DISPLAY_SQL_TYPE, SORT_SQL_TYPE, IMPORTANCE, FIELD_CATEGORY_ID, ACTIVE_FLAG)
 VALUES(9030, 'Last Dex Ts','','MAIN.RDW.POS_DIM.LAST_DEX_TS','MAIN.RDW.POS_DIM.LAST_DEX_TS','','TIMESTAMP','TIMESTAMP',50,245,'Y');
INSERT INTO FOLIO_CONF.FIELD(FIELD_ID, FIELD_LABEL, FIELD_DESC, DISPLAY_EXPRESSION, SORT_EXPRESSION, 
DISPLAY_FORMAT, DISPLAY_SQL_TYPE, SORT_SQL_TYPE, IMPORTANCE, FIELD_CATEGORY_ID, ACTIVE_FLAG)
 VALUES(9032, '# Days Since Last Fill','','to_char((current_timestamp -MAX(MAIN.RDW.POS_DIM.LAST_FILL_TS)),''DD'')','to_char((current_timestamp -MAX(MAIN.RDW.POS_DIM.LAST_FILL_TS)),''DD'')','','VARCHAR','VARCHAR',50,245,'Y');
INSERT INTO FOLIO_CONF.FIELD(FIELD_ID, FIELD_LABEL, FIELD_DESC, DISPLAY_EXPRESSION, SORT_EXPRESSION, 
DISPLAY_FORMAT, DISPLAY_SQL_TYPE, SORT_SQL_TYPE, IMPORTANCE, FIELD_CATEGORY_ID, ACTIVE_FLAG)
 VALUES(9034, '# Days Since Last Dex','','to_char((current_timestamp -MAX(MAIN.RDW.POS_DIM.LAST_DEX_TS)),''DD'')','to_char((current_timestamp -MAX(MAIN.RDW.POS_DIM.LAST_DEX_TS)),''DD'')','','VARCHAR','VARCHAR',50,245,'Y');
INSERT INTO FOLIO_CONF.FIELD(FIELD_ID, FIELD_LABEL, FIELD_DESC, DISPLAY_EXPRESSION, SORT_EXPRESSION, 
DISPLAY_FORMAT, DISPLAY_SQL_TYPE, SORT_SQL_TYPE, IMPORTANCE, FIELD_CATEGORY_ID, ACTIVE_FLAG)
 VALUES(9036, 'No Fill Quantity','','CASE WHEN MAIN.RDW.GET_HEALTH_CODE(MAIN.RDW.POS_DIM.LAST_FILL_TS, :NoFillDaysMin::BIGINT, :NoFillDaysMax::BIGINT)=''Y'' THEN 1 ELSE NULL END','CASE WHEN MAIN.RDW.GET_HEALTH_CODE(MAIN.RDW.POS_DIM.LAST_FILL_TS, :NoFillDaysMin::BIGINT, :NoFillDaysMax::BIGINT)=''Y'' THEN 1 ELSE NULL END','','INTEGER','INTEGER',50,245,'Y');
INSERT INTO FOLIO_CONF.FIELD(FIELD_ID, FIELD_LABEL, FIELD_DESC, DISPLAY_EXPRESSION, SORT_EXPRESSION, 
DISPLAY_FORMAT, DISPLAY_SQL_TYPE, SORT_SQL_TYPE, IMPORTANCE, FIELD_CATEGORY_ID, ACTIVE_FLAG)
 VALUES(9038, 'No DEX Quantity','','CASE WHEN MAIN.RDW.GET_HEALTH_CODE(MAIN.RDW.POS_DIM.LAST_DEX_TS, :NoDexDaysMin::BIGINT, :NoDexDaysMax::BIGINT)=''Y'' THEN 1 ELSE NULL END','CASE WHEN MAIN.RDW.GET_HEALTH_CODE(MAIN.RDW.POS_DIM.LAST_DEX_TS, :NoDexDaysMin::BIGINT, :NoDexDaysMax::BIGINT)=''Y'' THEN 1 ELSE NULL END','','INTEGER','INTEGER',50,245,'Y');
INSERT INTO FOLIO_CONF.FIELD(FIELD_ID, FIELD_LABEL, FIELD_DESC, DISPLAY_EXPRESSION, SORT_EXPRESSION, 
DISPLAY_FORMAT, DISPLAY_SQL_TYPE, SORT_SQL_TYPE, IMPORTANCE, FIELD_CATEGORY_ID, ACTIVE_FLAG)
 VALUES(9040, 'Paid Date Dim Id','','MAIN.RDW.LEDGER_ITEM_FACT.PAID_DATE_DIM_ID','MAIN.RDW.LEDGER_ITEM_FACT.PAID_DATE_DIM_ID','','SMALLINT','SMALLINT',50,231,'Y');
INSERT INTO FOLIO_CONF.FIELD(FIELD_ID, FIELD_LABEL, FIELD_DESC, DISPLAY_EXPRESSION, SORT_EXPRESSION, 
DISPLAY_FORMAT, DISPLAY_SQL_TYPE, SORT_SQL_TYPE, IMPORTANCE, FIELD_CATEGORY_ID, ACTIVE_FLAG)
 VALUES(9046, 'Total Amount','','MAIN.RDW.TRAN_ITEM_DETAIL_DIM.TOTAL_AMOUNT','MAIN.RDW.TRAN_ITEM_DETAIL_DIM.TOTAL_AMOUNT','','NUMERIC','NUMERIC',50,247,'Y');
INSERT INTO FOLIO_CONF.FIELD(FIELD_ID, FIELD_LABEL, FIELD_DESC, DISPLAY_EXPRESSION, SORT_EXPRESSION, 
DISPLAY_FORMAT, DISPLAY_SQL_TYPE, SORT_SQL_TYPE, IMPORTANCE, FIELD_CATEGORY_ID, ACTIVE_FLAG)
 VALUES(9048, 'Payment Schedule Id','','MAIN.RDW.PAYMENT_BATCH_DIM.PAYMENT_SCHEDULE_ID','MAIN.RDW.PAYMENT_BATCH_DIM.PAYMENT_SCHEDULE_ID','','SMALLINT','SMALLINT',50,243,'Y');
INSERT INTO FOLIO_CONF.FIELD(FIELD_ID, FIELD_LABEL, FIELD_DESC, DISPLAY_EXPRESSION, SORT_EXPRESSION, 
DISPLAY_FORMAT, DISPLAY_SQL_TYPE, SORT_SQL_TYPE, IMPORTANCE, FIELD_CATEGORY_ID, ACTIVE_FLAG)
 VALUES(9050, 'Orig Ref Nbr','','MAIN.RDW.TRAN_ITEM_DETAIL_DIM[ORIG_TRAN_DIM_ID].REF_NBR','MAIN.RDW.TRAN_ITEM_DETAIL_DIM[ORIG_TRAN_DIM_ID].REF_NBR','','VARCHAR','VARCHAR',50,247,'Y');
INSERT INTO FOLIO_CONF.FIELD(FIELD_ID, FIELD_LABEL, FIELD_DESC, DISPLAY_EXPRESSION, SORT_EXPRESSION, 
DISPLAY_FORMAT, DISPLAY_SQL_TYPE, SORT_SQL_TYPE, IMPORTANCE, FIELD_CATEGORY_ID, ACTIVE_FLAG)
 VALUES(9052, 'Orig Ref Nbr','','MAIN.RDW.LEDGER_ITEM_DETAIL_DIM.ORIG_REF_NBR','MAIN.RDW.LEDGER_ITEM_DETAIL_DIM.ORIG_REF_NBR','','VARCHAR','VARCHAR',50,248,'Y');
INSERT INTO FOLIO_CONF.FIELD(FIELD_ID, FIELD_LABEL, FIELD_DESC, DISPLAY_EXPRESSION, SORT_EXPRESSION, 
DISPLAY_FORMAT, DISPLAY_SQL_TYPE, SORT_SQL_TYPE, IMPORTANCE, FIELD_CATEGORY_ID, ACTIVE_FLAG)
 VALUES(9060, 'Tran Line Item Column Number','','CASE WHEN MAIN.RDW.TRAN_LINE_ITEM_DIM.SOURCE_TLI_TYPE_ID IN(200) AND regexp_replace(TRIM(MAIN.RDW.TRAN_LINE_ITEM_DIM.SOURCE_TLI_POSITION_CD), ''^[0-9a-fA-F]+$'', '''') =''''THEN FROM_HEX(TRIM(MAIN.RDW.TRAN_LINE_ITEM_DIM.SOURCE_TLI_POSITION_CD)) END','CASE WHEN MAIN.RDW.TRAN_LINE_ITEM_DIM.SOURCE_TLI_TYPE_ID IN(200) AND regexp_replace(TRIM(MAIN.RDW.TRAN_LINE_ITEM_DIM.SOURCE_TLI_POSITION_CD), ''^[0-9a-fA-F]+$'', '''') =''''THEN FROM_HEX(TRIM(MAIN.RDW.TRAN_LINE_ITEM_DIM.SOURCE_TLI_POSITION_CD)) END','','NUMERIC','NUMERIC',50,219,'Y');
INSERT INTO FOLIO_CONF.FIELD(FIELD_ID, FIELD_LABEL, FIELD_DESC, DISPLAY_EXPRESSION, SORT_EXPRESSION, 
DISPLAY_FORMAT, DISPLAY_SQL_TYPE, SORT_SQL_TYPE, IMPORTANCE, FIELD_CATEGORY_ID, ACTIVE_FLAG)
 VALUES(9068, 'Sprout Item Decimal','','CASE WHEN MAIN.RDW.DEVICE_DIM.DEVICE_TYPE_ID =13 AND MAIN.RDW.TRAN_ITEM_FACT.DEVICE_DIM_ID is not null AND regexp_replace(TRIM    (MAIN.RDW.TRAN_LINE_ITEM_DIM.TRAN_LINE_ITEM_LABEL), ''^[0-9a-fA-F]+$'', '''') ='''' THEN ''#''||FROM_HEX(TRIM(MAIN.RDW.TRAN_LINE_ITEM_DIM.TRAN_LINE_ITEM_LABEL)) ELSE TRIM(MAIN.RDW.TRAN_LINE_ITEM_DIM.TRAN_LINE_ITEM_LABEL) END','CASE WHEN MAIN.RDW.DEVICE_DIM.DEVICE_TYPE_ID =13 AND MAIN.RDW.TRAN_ITEM_FACT.DEVICE_DIM_ID is not null AND regexp_replace(TRIM    (MAIN.RDW.TRAN_LINE_ITEM_DIM.TRAN_LINE_ITEM_LABEL), ''^[0-9a-fA-F]+$'', '''') ='''' THEN ''#''||FROM_HEX(TRIM(MAIN.RDW.TRAN_LINE_ITEM_DIM.TRAN_LINE_ITEM_LABEL)) ELSE TRIM(MAIN.RDW.TRAN_LINE_ITEM_DIM.TRAN_LINE_ITEM_LABEL) END','','VARCHAR','VARCHAR',50,219,'Y');
INSERT INTO FOLIO_CONF.FIELD(FIELD_ID, FIELD_LABEL, FIELD_DESC, DISPLAY_EXPRESSION, SORT_EXPRESSION, 
DISPLAY_FORMAT, DISPLAY_SQL_TYPE, SORT_SQL_TYPE, IMPORTANCE, FIELD_CATEGORY_ID, ACTIVE_FLAG)
 VALUES(9070, 'Previous Source Fill Id Note','','CASE WHEN MAIN.RDW.FILL_FACT.PREV_FILL_DIM_ID = 0 THEN ''*'' ELSE NULL END','CASE WHEN MAIN.RDW.FILL_FACT.PREV_FILL_DIM_ID = 0 THEN ''*'' ELSE NULL END','','VARCHAR','VARCHAR',50,255,'Y');
INSERT INTO FOLIO_CONF.FIELD(FIELD_ID, FIELD_LABEL, FIELD_DESC, DISPLAY_EXPRESSION, SORT_EXPRESSION, 
DISPLAY_FORMAT, DISPLAY_SQL_TYPE, SORT_SQL_TYPE, IMPORTANCE, FIELD_CATEGORY_ID, ACTIVE_FLAG)
 VALUES(9072, 'Fill Upload Date Dim Id','','MAIN.RDW.FILL_FACT.UPLOAD_DATE_DIM_ID','MAIN.RDW.FILL_FACT.UPLOAD_DATE_DIM_ID','','SMALLINT','SMALLINT',50,255,'Y');
INSERT INTO FOLIO_CONF.FIELD(FIELD_ID, FIELD_LABEL, FIELD_DESC, DISPLAY_EXPRESSION, SORT_EXPRESSION, 
DISPLAY_FORMAT, DISPLAY_SQL_TYPE, SORT_SQL_TYPE, IMPORTANCE, FIELD_CATEGORY_ID, ACTIVE_FLAG)
 VALUES(9074, 'Payment Item Type for Item Export','','CASE MAIN.RDW.ITEM_TYPE_DIM.PAYMENT_ENTRY_TYPE_CD WHEN ''SB'' THEN ''PF'' ELSE   MAIN.RDW.ITEM_TYPE_DIM.PAYMENT_ENTRY_TYPE_CD END','CASE MAIN.RDW.ITEM_TYPE_DIM.PAYMENT_ENTRY_TYPE_CD WHEN ''SB'' THEN ''PF'' ELSE   MAIN.RDW.ITEM_TYPE_DIM.PAYMENT_ENTRY_TYPE_CD END','','CHAR','CHAR',50,231,'Y');
INSERT INTO FOLIO_CONF.FIELD(FIELD_ID, FIELD_LABEL, FIELD_DESC, DISPLAY_EXPRESSION, SORT_EXPRESSION, 
DISPLAY_FORMAT, DISPLAY_SQL_TYPE, SORT_SQL_TYPE, IMPORTANCE, FIELD_CATEGORY_ID, ACTIVE_FLAG)
 VALUES(9076, 'Item Date for Item Export','','CASE WHEN MAIN.RDW.ITEM_TYPE_DIM.PAYMENT_ENTRY_TYPE_CD IN(''PF'', ''SF'', ''SB'', ''NR'') THEN MAIN.RDW.LEDGER_ITEM_DETAIL_DIM.PAID_TS ELSE MAIN.RDW.LEDGER_ITEM_FACT.ITEM_TS END','CASE WHEN MAIN.RDW.ITEM_TYPE_DIM.PAYMENT_ENTRY_TYPE_CD IN(''PF'', ''SF'', ''SB'', ''NR'') THEN MAIN.RDW.LEDGER_ITEM_DETAIL_DIM.PAID_TS ELSE MAIN.RDW.LEDGER_ITEM_FACT.ITEM_TS END','','TIMESTAMP','TIMESTAMP',50,231,'Y');
INSERT INTO FOLIO_CONF.FIELD(FIELD_ID, FIELD_LABEL, FIELD_DESC, DISPLAY_EXPRESSION, SORT_EXPRESSION, 
DISPLAY_FORMAT, DISPLAY_SQL_TYPE, SORT_SQL_TYPE, IMPORTANCE, FIELD_CATEGORY_ID, ACTIVE_FLAG)
 VALUES(9080, 'Payment Start Date','','CASE WHEN MAIN.RDW.PAYMENT_BATCH_DIM.PAYMENT_SCHEDULE_ID NOT IN(5,7) THEN MAIN.RDW.PAYMENT_BATCH_DIM.BATCH_START_TS ELSE NULL END','CASE WHEN MAIN.RDW.PAYMENT_BATCH_DIM.PAYMENT_SCHEDULE_ID NOT IN(5,7) THEN MAIN.RDW.PAYMENT_BATCH_DIM.BATCH_START_TS ELSE NULL END','','TIMESTAMP','TIMESTAMP',50,243,'Y');
INSERT INTO FOLIO_CONF.FIELD(FIELD_ID, FIELD_LABEL, FIELD_DESC, DISPLAY_EXPRESSION, SORT_EXPRESSION, 
DISPLAY_FORMAT, DISPLAY_SQL_TYPE, SORT_SQL_TYPE, IMPORTANCE, FIELD_CATEGORY_ID, ACTIVE_FLAG)
 VALUES(9082, 'Payment End Date','','CASE WHEN MAIN.RDW.PAYMENT_BATCH_DIM.PAYMENT_SCHEDULE_ID NOT IN(5,7) THEN MAIN.RDW.PAYMENT_BATCH_DIM.BATCH_END_TS ELSE NULL END','CASE WHEN MAIN.RDW.PAYMENT_BATCH_DIM.PAYMENT_SCHEDULE_ID NOT IN(5,7) THEN MAIN.RDW.PAYMENT_BATCH_DIM.BATCH_END_TS ELSE NULL END','','TIMESTAMP','TIMESTAMP',50,243,'Y');
INSERT INTO FOLIO_CONF.FIELD(FIELD_ID, FIELD_LABEL, FIELD_DESC, DISPLAY_EXPRESSION, SORT_EXPRESSION, 
DISPLAY_FORMAT, DISPLAY_SQL_TYPE, SORT_SQL_TYPE, IMPORTANCE, FIELD_CATEGORY_ID, ACTIVE_FLAG)
 VALUES(9084, 'Service Fee Date','','CASE WHEN MAIN.RDW.LEDGER_ITEM_DETAIL_DIM.FEE_FREQUENCY_ID = 6 THEN NULL ELSE MAIN.RDW.LEDGER_ITEM_FACT.ITEM_TS END ','CASE WHEN MAIN.RDW.LEDGER_ITEM_DETAIL_DIM.FEE_FREQUENCY_ID = 6 THEN NULL ELSE MAIN.RDW.LEDGER_ITEM_FACT.ITEM_TS END ','','TIMESTAMP','TIMESTAMP',50,248,'Y');
INSERT INTO FOLIO_CONF.FIELD(FIELD_ID, FIELD_LABEL, FIELD_DESC, DISPLAY_EXPRESSION, SORT_EXPRESSION, 
DISPLAY_FORMAT, DISPLAY_SQL_TYPE, SORT_SQL_TYPE, IMPORTANCE, FIELD_CATEGORY_ID, ACTIVE_FLAG)
 VALUES(9086, 'Service Fee Type Name','','MAIN.RDW.LEDGER_ITEM_DETAIL_DIM.FEE_NAME','MAIN.RDW.LEDGER_ITEM_DETAIL_DIM.FEE_NAME','','VARCHAR','VARCHAR',50,248,'Y');
INSERT INTO FOLIO_CONF.FIELD(FIELD_ID, FIELD_LABEL, FIELD_DESC, DISPLAY_EXPRESSION, SORT_EXPRESSION, 
DISPLAY_FORMAT, DISPLAY_SQL_TYPE, SORT_SQL_TYPE, IMPORTANCE, FIELD_CATEGORY_ID, ACTIVE_FLAG)
 VALUES(9088, 'Fee Amount','','MAIN.RDW.LEDGER_ITEM_DETAIL_DIM.FEE_AMOUNT','MAIN.RDW.LEDGER_ITEM_DETAIL_DIM.FEE_AMOUNT','','NUMERIC','NUMERIC',50,248,'Y');
INSERT INTO FOLIO_CONF.FIELD(FIELD_ID, FIELD_LABEL, FIELD_DESC, DISPLAY_EXPRESSION, SORT_EXPRESSION, 
DISPLAY_FORMAT, DISPLAY_SQL_TYPE, SORT_SQL_TYPE, IMPORTANCE, FIELD_CATEGORY_ID, ACTIVE_FLAG)
 VALUES(9090, 'Fee Frequency','','MAIN.RDW.LEDGER_ITEM_DETAIL_DIM.FEE_FREQUENCY','MAIN.RDW.LEDGER_ITEM_DETAIL_DIM.FEE_FREQUENCY','','VARCHAR','VARCHAR',50,248,'Y');
INSERT INTO FOLIO_CONF.FIELD(FIELD_ID, FIELD_LABEL, FIELD_DESC, DISPLAY_EXPRESSION, SORT_EXPRESSION, 
DISPLAY_FORMAT, DISPLAY_SQL_TYPE, SORT_SQL_TYPE, IMPORTANCE, FIELD_CATEGORY_ID, ACTIVE_FLAG)
 VALUES(9096, 'Bank Name','','MAIN.RDW.PAYMENT_DIM.BANK_NAME','MAIN.RDW.PAYMENT_DIM.BANK_NAME','','VARCHAR','VARCHAR',50,244,'Y');
INSERT INTO FOLIO_CONF.FIELD(FIELD_ID, FIELD_LABEL, FIELD_DESC, DISPLAY_EXPRESSION, SORT_EXPRESSION, 
DISPLAY_FORMAT, DISPLAY_SQL_TYPE, SORT_SQL_TYPE, IMPORTANCE, FIELD_CATEGORY_ID, ACTIVE_FLAG)
 VALUES(9102, 'Device Type Id','','MAIN.RDW.DEVICE_DIM.DEVICE_TYPE_ID','MAIN.RDW.DEVICE_DIM.DEVICE_TYPE_ID','','SMALLINT','SMALLINT',50,214,'Y');
INSERT INTO FOLIO_CONF.FIELD(FIELD_ID, FIELD_LABEL, FIELD_DESC, DISPLAY_EXPRESSION, SORT_EXPRESSION, 
DISPLAY_FORMAT, DISPLAY_SQL_TYPE, SORT_SQL_TYPE, IMPORTANCE, FIELD_CATEGORY_ID, ACTIVE_FLAG)
 VALUES(9106, 'BEX Batch Date','','COALESCE(MAX(CASE WHEN MAIN.RDW.PAYMENT_BATCH_DIM.PAYMENT_SCHEDULE_ID NOT IN(1,5,7) THEN MAIN.RDW.PAYMENT_BATCH_DIM.BATCH_START_TS ELSE NULL END), MIN(CASE WHEN MAIN.RDW.PAYMENT_BATCH_DIM.PAYMENT_SCHEDULE_ID IN(1) THEN MAIN.RDW.PAYMENT_BATCH_DIM.BATCH_START_TS ELSE NULL END))','COALESCE(MAX(CASE WHEN MAIN.RDW.PAYMENT_BATCH_DIM.PAYMENT_SCHEDULE_ID NOT IN(1,5,7) THEN MAIN.RDW.PAYMENT_BATCH_DIM.BATCH_START_TS ELSE NULL END), MIN(CASE WHEN MAIN.RDW.PAYMENT_BATCH_DIM.PAYMENT_SCHEDULE_ID IN(1) THEN MAIN.RDW.PAYMENT_BATCH_DIM.BATCH_START_TS ELSE NULL END))','','TIMESTAMP','TIMESTAMP',50,243,'Y');
INSERT INTO FOLIO_CONF.FIELD(FIELD_ID, FIELD_LABEL, FIELD_DESC, DISPLAY_EXPRESSION, SORT_EXPRESSION, 
DISPLAY_FORMAT, DISPLAY_SQL_TYPE, SORT_SQL_TYPE, IMPORTANCE, FIELD_CATEGORY_ID, ACTIVE_FLAG)
 VALUES(9108, 'Monthly Hurdle','','CASE WHEN MAIN.RDW.LEDGER_ITEM_DETAIL_DIM.SERVICE_FEE_TYPE_ID = 7 THEN MAIN.RDW.LEDGER_ITEM_FACT.AMOUNT ELSE NULL END','CASE WHEN MAIN.RDW.LEDGER_ITEM_DETAIL_DIM.SERVICE_FEE_TYPE_ID = 7 THEN MAIN.RDW.LEDGER_ITEM_FACT.AMOUNT ELSE NULL END','','NUMERIC','NUMERIC',50,231,'Y');
INSERT INTO FOLIO_CONF.FIELD(FIELD_ID, FIELD_LABEL, FIELD_DESC, DISPLAY_EXPRESSION, SORT_EXPRESSION, 
DISPLAY_FORMAT, DISPLAY_SQL_TYPE, SORT_SQL_TYPE, IMPORTANCE, FIELD_CATEGORY_ID, ACTIVE_FLAG)
 VALUES(9110, 'Admin and Internet Fees','','CASE WHEN MAIN.RDW.LEDGER_ITEM_DETAIL_DIM.SERVICE_FEE_TYPE_ID in (1,5,6) THEN MAIN.RDW.LEDGER_ITEM_FACT.AMOUNT ELSE NULL END','CASE WHEN MAIN.RDW.LEDGER_ITEM_DETAIL_DIM.SERVICE_FEE_TYPE_ID in (1,5,6) THEN MAIN.RDW.LEDGER_ITEM_FACT.AMOUNT ELSE NULL END','','NUMERIC','NUMERIC',50,231,'Y');
INSERT INTO FOLIO_CONF.FIELD(FIELD_ID, FIELD_LABEL, FIELD_DESC, DISPLAY_EXPRESSION, SORT_EXPRESSION, 
DISPLAY_FORMAT, DISPLAY_SQL_TYPE, SORT_SQL_TYPE, IMPORTANCE, FIELD_CATEGORY_ID, ACTIVE_FLAG)
 VALUES(9112, 'Orig Tran Ts','','MAIN.RDW.TRAN_ITEM_DETAIL_DIM[ORIG_TRAN_DIM_ID].ITEM_TS','MAIN.RDW.TRAN_ITEM_DETAIL_DIM[ORIG_TRAN_DIM_ID].ITEM_TS','','TIMESTAMP','TIMESTAMP',50,247,'Y');
INSERT INTO FOLIO_CONF.FIELD(FIELD_ID, FIELD_LABEL, FIELD_DESC, DISPLAY_EXPRESSION, SORT_EXPRESSION, 
DISPLAY_FORMAT, DISPLAY_SQL_TYPE, SORT_SQL_TYPE, IMPORTANCE, FIELD_CATEGORY_ID, ACTIVE_FLAG)
 VALUES(9114, 'Orig Total Amount','','MAIN.RDW.TRAN_ITEM_DETAIL_DIM[ORIG_TRAN_DIM_ID].TOTAL_AMOUNT','MAIN.RDW.TRAN_ITEM_DETAIL_DIM[ORIG_TRAN_DIM_ID].TOTAL_AMOUNT','','NUMERIC','NUMERIC',50,247,'Y');
INSERT INTO FOLIO_CONF.FIELD(FIELD_ID, FIELD_LABEL, FIELD_DESC, DISPLAY_EXPRESSION, SORT_EXPRESSION, 
DISPLAY_FORMAT, DISPLAY_SQL_TYPE, SORT_SQL_TYPE, IMPORTANCE, FIELD_CATEGORY_ID, ACTIVE_FLAG)
 VALUES(9116, 'Orig Authority Tran Cd','','MAIN.RDW.AUTH_DETAIL_DIM[ORIG_AUTH_DETAIL_DIM_ID].AUTHORITY_TRAN_CD','MAIN.RDW.AUTH_DETAIL_DIM[ORIG_AUTH_DETAIL_DIM_ID].AUTHORITY_TRAN_CD','','VARCHAR','VARCHAR',50,201,'Y');
INSERT INTO FOLIO_CONF.FIELD(FIELD_ID, FIELD_LABEL, FIELD_DESC, DISPLAY_EXPRESSION, SORT_EXPRESSION, 
DISPLAY_FORMAT, DISPLAY_SQL_TYPE, SORT_SQL_TYPE, IMPORTANCE, FIELD_CATEGORY_ID, ACTIVE_FLAG)
 VALUES(9118, 'Sum Amount','','SUM(MAIN.RDW.TRAN_ITEM_FACT.AMOUNT)','SUM(MAIN.RDW.TRAN_ITEM_FACT.AMOUNT)','','NUMERIC','NUMERIC',50,220,'Y');
INSERT INTO FOLIO_CONF.FIELD(FIELD_ID, FIELD_LABEL, FIELD_DESC, DISPLAY_EXPRESSION, SORT_EXPRESSION, 
DISPLAY_FORMAT, DISPLAY_SQL_TYPE, SORT_SQL_TYPE, IMPORTANCE, FIELD_CATEGORY_ID, ACTIVE_FLAG)
 VALUES(9120, 'EV Number','','SUBSTR(MAIN.RDW.TRAN_ITEM_DETAIL_DIM.MACHINE_TRANS_NO, INSTR(MAIN.RDW.TRAN_ITEM_DETAIL_DIM.MACHINE_TRANS_NO, '':'', 1, 1) + 1, INSTR(MAIN.RDW.TRAN_ITEM_DETAIL_DIM.MACHINE_TRANS_NO, '':'', 1, 2) - INSTR(MAIN.RDW.TRAN_ITEM_DETAIL_DIM.MACHINE_TRANS_NO, '':'', 1, 1) - 1)','SUBSTR(MAIN.RDW.TRAN_ITEM_DETAIL_DIM.MACHINE_TRANS_NO, INSTR(MAIN.RDW.TRAN_ITEM_DETAIL_DIM.MACHINE_TRANS_NO, '':'', 1, 1) + 1, INSTR(MAIN.RDW.TRAN_ITEM_DETAIL_DIM.MACHINE_TRANS_NO, '':'', 1, 2) - INSTR(MAIN.RDW.TRAN_ITEM_DETAIL_DIM.MACHINE_TRANS_NO, '':'', 1, 1) - 1)','','VARCHAR','VARCHAR',50,247,'Y');
INSERT INTO FOLIO_CONF.FIELD(FIELD_ID, FIELD_LABEL, FIELD_DESC, DISPLAY_EXPRESSION, SORT_EXPRESSION, 
DISPLAY_FORMAT, DISPLAY_SQL_TYPE, SORT_SQL_TYPE, IMPORTANCE, FIELD_CATEGORY_ID, ACTIVE_FLAG)
 VALUES(9122, 'Issuer Name','','MAIN.RDW.TRAN_ITEM_DETAIL_DIM.ISSUER_NAME','MAIN.RDW.TRAN_ITEM_DETAIL_DIM.ISSUER_NAME','','VARCHAR','VARCHAR',50,247,'Y');
INSERT INTO FOLIO_CONF.FIELD(FIELD_ID, FIELD_LABEL, FIELD_DESC, DISPLAY_EXPRESSION, SORT_EXPRESSION, 
DISPLAY_FORMAT, DISPLAY_SQL_TYPE, SORT_SQL_TYPE, IMPORTANCE, FIELD_CATEGORY_ID, ACTIVE_FLAG)
 VALUES(9124, 'Issuer Comment','','MAIN.RDW.TRAN_ITEM_DETAIL_DIM.ISSUER_COMMENT','MAIN.RDW.TRAN_ITEM_DETAIL_DIM.ISSUER_COMMENT','','VARCHAR','VARCHAR',50,247,'Y');
INSERT INTO FOLIO_CONF.FIELD(FIELD_ID, FIELD_LABEL, FIELD_DESC, DISPLAY_EXPRESSION, SORT_EXPRESSION, 
DISPLAY_FORMAT, DISPLAY_SQL_TYPE, SORT_SQL_TYPE, IMPORTANCE, FIELD_CATEGORY_ID, ACTIVE_FLAG)
 VALUES(9126, 'Convenience Fee Total PF','','MAIN.RDW.TRAN_ITEM_DETAIL_DIM[PF].CONVENIENCE_FEE_TOTAL','MAIN.RDW.TRAN_ITEM_DETAIL_DIM[PF].CONVENIENCE_FEE_TOTAL','','NUMERIC','NUMERIC',50,1022,'Y');
INSERT INTO FOLIO_CONF.FIELD(FIELD_ID, FIELD_LABEL, FIELD_DESC, DISPLAY_EXPRESSION, SORT_EXPRESSION, 
DISPLAY_FORMAT, DISPLAY_SQL_TYPE, SORT_SQL_TYPE, IMPORTANCE, FIELD_CATEGORY_ID, ACTIVE_FLAG)
 VALUES(9128, 'Loyalty Discount Total PF','','MAIN.RDW.TRAN_ITEM_DETAIL_DIM[PF].LOYALTY_DISCOUNT_TOTAL','MAIN.RDW.TRAN_ITEM_DETAIL_DIM[PF].LOYALTY_DISCOUNT_TOTAL','','NUMERIC','NUMERIC',50,1022,'Y');
INSERT INTO FOLIO_CONF.FIELD(FIELD_ID, FIELD_LABEL, FIELD_DESC, DISPLAY_EXPRESSION, SORT_EXPRESSION, 
DISPLAY_FORMAT, DISPLAY_SQL_TYPE, SORT_SQL_TYPE, IMPORTANCE, FIELD_CATEGORY_ID, ACTIVE_FLAG)
 VALUES(9130, 'Convenience Fee Total CC','','MAIN.RDW.TRAN_ITEM_DETAIL_DIM[CC].CONVENIENCE_FEE_TOTAL','MAIN.RDW.TRAN_ITEM_DETAIL_DIM[CC].CONVENIENCE_FEE_TOTAL','','NUMERIC','NUMERIC',50,1022,'Y');
INSERT INTO FOLIO_CONF.FIELD(FIELD_ID, FIELD_LABEL, FIELD_DESC, DISPLAY_EXPRESSION, SORT_EXPRESSION, 
DISPLAY_FORMAT, DISPLAY_SQL_TYPE, SORT_SQL_TYPE, IMPORTANCE, FIELD_CATEGORY_ID, ACTIVE_FLAG)
 VALUES(9132, 'Item Desc CC','','MAIN.RDW.TRAN_ITEM_DETAIL_DIM[CC].ITEM_DESC','MAIN.RDW.TRAN_ITEM_DETAIL_DIM[CC].ITEM_DESC','','VARCHAR','VARCHAR',50,1022,'Y');
INSERT INTO FOLIO_CONF.FIELD(FIELD_ID, FIELD_LABEL, FIELD_DESC, DISPLAY_EXPRESSION, SORT_EXPRESSION, 
DISPLAY_FORMAT, DISPLAY_SQL_TYPE, SORT_SQL_TYPE, IMPORTANCE, FIELD_CATEGORY_ID, ACTIVE_FLAG)
 VALUES(9134, 'Product Service Total CC','','MAIN.RDW.TRAN_ITEM_DETAIL_DIM[CC].PRODUCT_SERVICE_TOTAL','MAIN.RDW.TRAN_ITEM_DETAIL_DIM[CC].PRODUCT_SERVICE_TOTAL','','INTEGER','INTEGER',50,1022,'Y');
INSERT INTO FOLIO_CONF.FIELD(FIELD_ID, FIELD_LABEL, FIELD_DESC, DISPLAY_EXPRESSION, SORT_EXPRESSION, 
DISPLAY_FORMAT, DISPLAY_SQL_TYPE, SORT_SQL_TYPE, IMPORTANCE, FIELD_CATEGORY_ID, ACTIVE_FLAG)
 VALUES(9136, 'Safe Card Number CC','','MAIN.RDW.CONSUMER_DIM[CC].SAFE_CARD_NUMBER','UPPER(MAIN.RDW.CONSUMER_DIM[CC].SAFE_CARD_NUMBER)','','VARCHAR','VARCHAR',50,1024,'Y');
INSERT INTO FOLIO_CONF.FIELD(FIELD_ID, FIELD_LABEL, FIELD_DESC, DISPLAY_EXPRESSION, SORT_EXPRESSION, 
DISPLAY_FORMAT, DISPLAY_SQL_TYPE, SORT_SQL_TYPE, IMPORTANCE, FIELD_CATEGORY_ID, ACTIVE_FLAG)
 VALUES(9138, 'Authority Tran Cd CC','','MAIN.RDW.AUTH_DETAIL_DIM[CC].AUTHORITY_TRAN_CD','UPPER(MAIN.RDW.AUTH_DETAIL_DIM[CC].AUTHORITY_TRAN_CD)','','VARCHAR','VARCHAR',50,1026,'Y');
INSERT INTO FOLIO_CONF.FIELD(FIELD_ID, FIELD_LABEL, FIELD_DESC, DISPLAY_EXPRESSION, SORT_EXPRESSION, 
DISPLAY_FORMAT, DISPLAY_SQL_TYPE, SORT_SQL_TYPE, IMPORTANCE, FIELD_CATEGORY_ID, ACTIVE_FLAG)
 VALUES(9140, 'Current Custom Terminal Field 1','','MAIN.RDW.POS_DIM[CURRENT].TERM_VAR_1','MAIN.RDW.POS_DIM[CURRENT].TERM_VAR_1','','VARCHAR','VARCHAR',50,245,'Y');
INSERT INTO FOLIO_CONF.FIELD(FIELD_ID, FIELD_LABEL, FIELD_DESC, DISPLAY_EXPRESSION, SORT_EXPRESSION, 
DISPLAY_FORMAT, DISPLAY_SQL_TYPE, SORT_SQL_TYPE, IMPORTANCE, FIELD_CATEGORY_ID, ACTIVE_FLAG)
 VALUES(9142, ' Current Custom Terminal Field 2','','MAIN.RDW.POS_DIM[CURRENT].TERM_VAR_2','MAIN.RDW.POS_DIM[CURRENT].TERM_VAR_2','','VARCHAR','VARCHAR',50,245,'Y');
INSERT INTO FOLIO_CONF.FIELD(FIELD_ID, FIELD_LABEL, FIELD_DESC, DISPLAY_EXPRESSION, SORT_EXPRESSION, 
DISPLAY_FORMAT, DISPLAY_SQL_TYPE, SORT_SQL_TYPE, IMPORTANCE, FIELD_CATEGORY_ID, ACTIVE_FLAG)
 VALUES(9144, 'Current Custom Terminal Field 3','','MAIN.RDW.POS_DIM[CURRENT].TERM_VAR_3','MAIN.RDW.POS_DIM[CURRENT].TERM_VAR_3','','VARCHAR','VARCHAR',50,245,'Y');
INSERT INTO FOLIO_CONF.FIELD(FIELD_ID, FIELD_LABEL, FIELD_DESC, DISPLAY_EXPRESSION, SORT_EXPRESSION, 
DISPLAY_FORMAT, DISPLAY_SQL_TYPE, SORT_SQL_TYPE, IMPORTANCE, FIELD_CATEGORY_ID, ACTIVE_FLAG)
 VALUES(9146, 'Current Custom Terminal Field 4','','MAIN.RDW.POS_DIM[CURRENT].TERM_VAR_4','MAIN.RDW.POS_DIM[CURRENT].TERM_VAR_4','','VARCHAR','VARCHAR',50,245,'Y');
INSERT INTO FOLIO_CONF.FIELD(FIELD_ID, FIELD_LABEL, FIELD_DESC, DISPLAY_EXPRESSION, SORT_EXPRESSION, 
DISPLAY_FORMAT, DISPLAY_SQL_TYPE, SORT_SQL_TYPE, IMPORTANCE, FIELD_CATEGORY_ID, ACTIVE_FLAG)
 VALUES(9148, 'Current Custom Terminal Field 5','','MAIN.RDW.POS_DIM[CURRENT].TERM_VAR_5','MAIN.RDW.POS_DIM[CURRENT].TERM_VAR_5','','VARCHAR','VARCHAR',50,245,'Y');
INSERT INTO FOLIO_CONF.FIELD(FIELD_ID, FIELD_LABEL, FIELD_DESC, DISPLAY_EXPRESSION, SORT_EXPRESSION, 
DISPLAY_FORMAT, DISPLAY_SQL_TYPE, SORT_SQL_TYPE, IMPORTANCE, FIELD_CATEGORY_ID, ACTIVE_FLAG)
 VALUES(9150, 'Current Custom Terminal Field 6','','MAIN.RDW.POS_DIM[CURRENT].TERM_VAR_6','MAIN.RDW.POS_DIM[CURRENT].TERM_VAR_6','','VARCHAR','VARCHAR',50,245,'Y');
INSERT INTO FOLIO_CONF.FIELD(FIELD_ID, FIELD_LABEL, FIELD_DESC, DISPLAY_EXPRESSION, SORT_EXPRESSION, 
DISPLAY_FORMAT, DISPLAY_SQL_TYPE, SORT_SQL_TYPE, IMPORTANCE, FIELD_CATEGORY_ID, ACTIVE_FLAG)
 VALUES(9152, 'Current Custom Terminal Field 7','','MAIN.RDW.POS_DIM[CURRENT].TERM_VAR_7','MAIN.RDW.POS_DIM[CURRENT].TERM_VAR_7','','VARCHAR','VARCHAR',50,245,'Y');
INSERT INTO FOLIO_CONF.FIELD(FIELD_ID, FIELD_LABEL, FIELD_DESC, DISPLAY_EXPRESSION, SORT_EXPRESSION, 
DISPLAY_FORMAT, DISPLAY_SQL_TYPE, SORT_SQL_TYPE, IMPORTANCE, FIELD_CATEGORY_ID, ACTIVE_FLAG)
 VALUES(9154, 'Current Custom Terminal Field 8','','MAIN.RDW.POS_DIM[CURRENT].TERM_VAR_8','MAIN.RDW.POS_DIM[CURRENT].TERM_VAR_8','','VARCHAR','VARCHAR',50,245,'Y');
INSERT INTO FOLIO_CONF.FIELD(FIELD_ID, FIELD_LABEL, FIELD_DESC, DISPLAY_EXPRESSION, SORT_EXPRESSION, 
DISPLAY_FORMAT, DISPLAY_SQL_TYPE, SORT_SQL_TYPE, IMPORTANCE, FIELD_CATEGORY_ID, ACTIVE_FLAG)
 VALUES(9155, 'Current Custom Terminal Field Label 1','','MAIN.RDW.POS_DIM[CURRENT].TERM_LABEL_1','MAIN.RDW.POS_DIM[CURRENT].TERM_LABEL_1','','VARCHAR','VARCHAR',50,245,'Y');
INSERT INTO FOLIO_CONF.FIELD(FIELD_ID, FIELD_LABEL, FIELD_DESC, DISPLAY_EXPRESSION, SORT_EXPRESSION, 
DISPLAY_FORMAT, DISPLAY_SQL_TYPE, SORT_SQL_TYPE, IMPORTANCE, FIELD_CATEGORY_ID, ACTIVE_FLAG)
 VALUES(9156, 'Current Custom Terminal Field Label 2','','MAIN.RDW.POS_DIM[CURRENT].TERM_LABEL_2','MAIN.RDW.POS_DIM[CURRENT].TERM_LABEL_2','','VARCHAR','VARCHAR',50,245,'Y');
INSERT INTO FOLIO_CONF.FIELD(FIELD_ID, FIELD_LABEL, FIELD_DESC, DISPLAY_EXPRESSION, SORT_EXPRESSION, 
DISPLAY_FORMAT, DISPLAY_SQL_TYPE, SORT_SQL_TYPE, IMPORTANCE, FIELD_CATEGORY_ID, ACTIVE_FLAG)
 VALUES(9157, 'Current Custom Terminal Field Label 3','','MAIN.RDW.POS_DIM[CURRENT].TERM_LABEL_3','MAIN.RDW.POS_DIM[CURRENT].TERM_LABEL_3','','VARCHAR','VARCHAR',50,245,'Y');
INSERT INTO FOLIO_CONF.FIELD(FIELD_ID, FIELD_LABEL, FIELD_DESC, DISPLAY_EXPRESSION, SORT_EXPRESSION, 
DISPLAY_FORMAT, DISPLAY_SQL_TYPE, SORT_SQL_TYPE, IMPORTANCE, FIELD_CATEGORY_ID, ACTIVE_FLAG)
 VALUES(9158, 'Current Custom Terminal Field Label 4','','MAIN.RDW.POS_DIM[CURRENT].TERM_LABEL_4','MAIN.RDW.POS_DIM[CURRENT].TERM_LABEL_4','','VARCHAR','VARCHAR',50,245,'Y');
INSERT INTO FOLIO_CONF.FIELD(FIELD_ID, FIELD_LABEL, FIELD_DESC, DISPLAY_EXPRESSION, SORT_EXPRESSION, 
DISPLAY_FORMAT, DISPLAY_SQL_TYPE, SORT_SQL_TYPE, IMPORTANCE, FIELD_CATEGORY_ID, ACTIVE_FLAG)
 VALUES(9159, 'Current Custom Terminal Field Label 5','','MAIN.RDW.POS_DIM[CURRENT].TERM_LABEL_5','MAIN.RDW.POS_DIM[CURRENT].TERM_LABEL_5','','VARCHAR','VARCHAR',50,245,'Y');
INSERT INTO FOLIO_CONF.FIELD(FIELD_ID, FIELD_LABEL, FIELD_DESC, DISPLAY_EXPRESSION, SORT_EXPRESSION, 
DISPLAY_FORMAT, DISPLAY_SQL_TYPE, SORT_SQL_TYPE, IMPORTANCE, FIELD_CATEGORY_ID, ACTIVE_FLAG)
 VALUES(9160, 'Current Custom Terminal Field Label 6','','MAIN.RDW.POS_DIM[CURRENT].TERM_LABEL_6','MAIN.RDW.POS_DIM[CURRENT].TERM_LABEL_6','','VARCHAR','VARCHAR',50,245,'Y');
INSERT INTO FOLIO_CONF.FIELD(FIELD_ID, FIELD_LABEL, FIELD_DESC, DISPLAY_EXPRESSION, SORT_EXPRESSION, 
DISPLAY_FORMAT, DISPLAY_SQL_TYPE, SORT_SQL_TYPE, IMPORTANCE, FIELD_CATEGORY_ID, ACTIVE_FLAG)
 VALUES(9161, 'Current Custom Terminal Field Label 7','','MAIN.RDW.POS_DIM[CURRENT].TERM_LABEL_7','MAIN.RDW.POS_DIM[CURRENT].TERM_LABEL_7','','VARCHAR','VARCHAR',50,245,'Y');
INSERT INTO FOLIO_CONF.FIELD(FIELD_ID, FIELD_LABEL, FIELD_DESC, DISPLAY_EXPRESSION, SORT_EXPRESSION, 
DISPLAY_FORMAT, DISPLAY_SQL_TYPE, SORT_SQL_TYPE, IMPORTANCE, FIELD_CATEGORY_ID, ACTIVE_FLAG)
 VALUES(9162, 'Current Custom Terminal Field Label 8','','MAIN.RDW.POS_DIM[CURRENT].TERM_LABEL_8','MAIN.RDW.POS_DIM[CURRENT].TERM_LABEL_8','','VARCHAR','VARCHAR',50,245,'Y');
INSERT INTO FOLIO_CONF.FIELD(FIELD_ID, FIELD_LABEL, FIELD_DESC, DISPLAY_EXPRESSION, SORT_EXPRESSION, 
DISPLAY_FORMAT, DISPLAY_SQL_TYPE, SORT_SQL_TYPE, IMPORTANCE, FIELD_CATEGORY_ID, ACTIVE_FLAG)
 VALUES(9164, 'Primary Host Manufacturer','','MAIN.RDW.HOST_DIM[PRIMARY].MANUFACTURER','UPPER(MAIN.RDW.HOST_DIM[PRIMARY].MANUFACTURER)','','VARCHAR','VARCHAR',50,218,'Y');
INSERT INTO FOLIO_CONF.FIELD(FIELD_ID, FIELD_LABEL, FIELD_DESC, DISPLAY_EXPRESSION, SORT_EXPRESSION, 
DISPLAY_FORMAT, DISPLAY_SQL_TYPE, SORT_SQL_TYPE, IMPORTANCE, FIELD_CATEGORY_ID, ACTIVE_FLAG)
 VALUES(9166, 'Primary Host Model','','MAIN.RDW.HOST_DIM[PRIMARY].MODEL','UPPER(MAIN.RDW.HOST_DIM[PRIMARY].MODEL)','','VARCHAR','VARCHAR',50,218,'Y');
INSERT INTO FOLIO_CONF.FIELD(FIELD_ID, FIELD_LABEL, FIELD_DESC, DISPLAY_EXPRESSION, SORT_EXPRESSION, 
DISPLAY_FORMAT, DISPLAY_SQL_TYPE, SORT_SQL_TYPE, IMPORTANCE, FIELD_CATEGORY_ID, ACTIVE_FLAG)
 VALUES(9172, 'Source System Cd','','MAIN.RDW.TRAN_ITEM_FACT.SOURCE_SYSTEM_CD','MAIN.RDW.TRAN_ITEM_FACT.SOURCE_SYSTEM_CD','','VARCHAR','VARCHAR',50,220,'Y');
INSERT INTO FOLIO_CONF.FIELD(FIELD_ID, FIELD_LABEL, FIELD_DESC, DISPLAY_EXPRESSION, SORT_EXPRESSION, 
DISPLAY_FORMAT, DISPLAY_SQL_TYPE, SORT_SQL_TYPE, IMPORTANCE, FIELD_CATEGORY_ID, ACTIVE_FLAG)
 VALUES(9174, 'Report Tran Id','','MAIN.RDW.TRAN_ITEM_DETAIL_DIM.REPORT_TRAN_ID','MAIN.RDW.TRAN_ITEM_DETAIL_DIM.REPORT_TRAN_ID','','BIGINT','BIGINT',50,247,'Y');
INSERT INTO FOLIO_CONF.FIELD(FIELD_ID, FIELD_LABEL, FIELD_DESC, DISPLAY_EXPRESSION, SORT_EXPRESSION, 
DISPLAY_FORMAT, DISPLAY_SQL_TYPE, SORT_SQL_TYPE, IMPORTANCE, FIELD_CATEGORY_ID, ACTIVE_FLAG)
 VALUES(9176, 'Issue Reason','','MAIN.RDW.TRAN_ITEM_DETAIL_DIM.ISSUE_REASON','MAIN.RDW.TRAN_ITEM_DETAIL_DIM.ISSUE_REASON','','VARCHAR','VARCHAR',50,247,'Y');
INSERT INTO FOLIO_CONF.FIELD(FIELD_ID, FIELD_LABEL, FIELD_DESC, DISPLAY_EXPRESSION, SORT_EXPRESSION, 
DISPLAY_FORMAT, DISPLAY_SQL_TYPE, SORT_SQL_TYPE, IMPORTANCE, FIELD_CATEGORY_ID, ACTIVE_FLAG)
 VALUES(9188, 'Card Company','','CASE WHEN MAIN.RDW.AUTHORITY_TERMINAL_DIM.AUTHORITY_TYPE_HANDLER_NAME = ''Demo'' THEN MAIN.RDW.CONSUMER_DIM.CARD_TYPE||'' Demo'' WHEN MAIN.RDW.AUTH_TYPE_DIM.SOURCE_ENTRY_METHOD_CD IN (''I'', ''C'',''N'' ) THEN MAIN.RDW.CONSUMER_DIM.CARD_TYPE||'' ('' || MAIN.RDW.AUTH_TYPE_DIM.ENTRY_METHOD|| '')'' ELSE MAIN.RDW.CONSUMER_DIM.CARD_TYPE END','CASE WHEN MAIN.RDW.AUTHORITY_TERMINAL_DIM.AUTHORITY_TYPE_HANDLER_NAME = ''Demo'' THEN MAIN.RDW.CONSUMER_DIM.CARD_TYPE||'' Demo'' WHEN MAIN.RDW.AUTH_TYPE_DIM.SOURCE_ENTRY_METHOD_CD IN (''I'', ''C'',''N'' ) THEN MAIN.RDW.CONSUMER_DIM.CARD_TYPE||'' ('' || MAIN.RDW.AUTH_TYPE_DIM.ENTRY_METHOD|| '')'' ELSE MAIN.RDW.CONSUMER_DIM.CARD_TYPE END','','VARCHAR','VARCHAR',50,211,'Y');
INSERT INTO FOLIO_CONF.FIELD(FIELD_ID, FIELD_LABEL, FIELD_DESC, DISPLAY_EXPRESSION, SORT_EXPRESSION, 
DISPLAY_FORMAT, DISPLAY_SQL_TYPE, SORT_SQL_TYPE, IMPORTANCE, FIELD_CATEGORY_ID, ACTIVE_FLAG)
 VALUES(9192, 'Current Terminal Nbr','','MAIN.RDW.POS_DIM[CURRENT].TERMINAL_NBR','UPPER(MAIN.RDW.POS_DIM[CURRENT].TERMINAL_NBR)','','VARCHAR','VARCHAR',50,245,'Y');
INSERT INTO FOLIO_CONF.FIELD(FIELD_ID, FIELD_LABEL, FIELD_DESC, DISPLAY_EXPRESSION, SORT_EXPRESSION, 
DISPLAY_FORMAT, DISPLAY_SQL_TYPE, SORT_SQL_TYPE, IMPORTANCE, FIELD_CATEGORY_ID, ACTIVE_FLAG)
 VALUES(9194, 'Current Asset Nbr','','MAIN.RDW.POS_DIM[CURRENT].ASSET_NBR','UPPER(MAIN.RDW.POS_DIM[CURRENT].ASSET_NBR)','','VARCHAR','VARCHAR',50,245,'Y');
INSERT INTO FOLIO_CONF.FIELD(FIELD_ID, FIELD_LABEL, FIELD_DESC, DISPLAY_EXPRESSION, SORT_EXPRESSION, 
DISPLAY_FORMAT, DISPLAY_SQL_TYPE, SORT_SQL_TYPE, IMPORTANCE, FIELD_CATEGORY_ID, ACTIVE_FLAG)
 VALUES(9196, 'Current Source System Cd','','MAIN.RDW.POS_DIM[CURRENT].SOURCE_SYSTEM_CD','UPPER(MAIN.RDW.POS_DIM[CURRENT].SOURCE_SYSTEM_CD)','','VARCHAR','VARCHAR',50,245,'Y');
INSERT INTO FOLIO_CONF.FIELD(FIELD_ID, FIELD_LABEL, FIELD_DESC, DISPLAY_EXPRESSION, SORT_EXPRESSION, 
DISPLAY_FORMAT, DISPLAY_SQL_TYPE, SORT_SQL_TYPE, IMPORTANCE, FIELD_CATEGORY_ID, ACTIVE_FLAG)
 VALUES(9222, 'Non Process Fee Amount','','CASE WHEN MAIN.RDW.ITEM_TYPE_DIM.PAYMENT_ENTRY_TYPE_CD NOT IN( ''PF'',''SB'') THEN MAIN.RDW.LEDGER_ITEM_FACT.AMOUNT ELSE NULL END','CASE WHEN MAIN.RDW.ITEM_TYPE_DIM.PAYMENT_ENTRY_TYPE_CD NOT IN( ''PF'',''SB'') THEN MAIN.RDW.LEDGER_ITEM_FACT.AMOUNT ELSE NULL END','','NUMERIC','NUMERIC',50,231,'Y');
INSERT INTO FOLIO_CONF.FIELD(FIELD_ID, FIELD_LABEL, FIELD_DESC, DISPLAY_EXPRESSION, SORT_EXPRESSION, 
DISPLAY_FORMAT, DISPLAY_SQL_TYPE, SORT_SQL_TYPE, IMPORTANCE, FIELD_CATEGORY_ID, ACTIVE_FLAG)
 VALUES(9280, 'Refundable Flag','','MAIN.RDW.AUTH_TYPE_DIM.REFUNDABLE_FLAG','MAIN.RDW.AUTH_TYPE_DIM.REFUNDABLE_FLAG','','VARCHAR','VARCHAR',50,209,'Y');
INSERT INTO FOLIO_CONF.FIELD(FIELD_ID, FIELD_LABEL, FIELD_DESC, DISPLAY_EXPRESSION, SORT_EXPRESSION, 
DISPLAY_FORMAT, DISPLAY_SQL_TYPE, SORT_SQL_TYPE, IMPORTANCE, FIELD_CATEGORY_ID, ACTIVE_FLAG)
 VALUES(9282, 'Chargebackable Flag','','MAIN.RDW.AUTH_TYPE_DIM.CHARGEBACKABLE_FLAG','MAIN.RDW.AUTH_TYPE_DIM.CHARGEBACKABLE_FLAG','','VARCHAR','VARCHAR',50,209,'Y');
INSERT INTO FOLIO_CONF.FIELD(FIELD_ID, FIELD_LABEL, FIELD_DESC, DISPLAY_EXPRESSION, SORT_EXPRESSION, 
DISPLAY_FORMAT, DISPLAY_SQL_TYPE, SORT_SQL_TYPE, IMPORTANCE, FIELD_CATEGORY_ID, ACTIVE_FLAG)
 VALUES(8306, 'Source Tran Id','','MAIN.RDW.TRAN_ITEM_FACT.SOURCE_TRAN_ID','MAIN.RDW.TRAN_ITEM_FACT.SOURCE_TRAN_ID','','BIGINT','BIGINT',50,220,'Y');
INSERT INTO FOLIO_CONF.FIELD(FIELD_ID, FIELD_LABEL, FIELD_DESC, DISPLAY_EXPRESSION, SORT_EXPRESSION, 
DISPLAY_FORMAT, DISPLAY_SQL_TYPE, SORT_SQL_TYPE, IMPORTANCE, FIELD_CATEGORY_ID, ACTIVE_FLAG)
 VALUES(8326, 'Tran Actual Month','','MAIN.RDW.DATE_DIM[TRAN].ACTUAL_MONTH','MAIN.RDW.DATE_DIM[TRAN].ACTUAL_MONTH','','DATE','DATE',50,227,'Y');
INSERT INTO FOLIO_CONF.FIELD(FIELD_ID, FIELD_LABEL, FIELD_DESC, DISPLAY_EXPRESSION, SORT_EXPRESSION, 
DISPLAY_FORMAT, DISPLAY_SQL_TYPE, SORT_SQL_TYPE, IMPORTANCE, FIELD_CATEGORY_ID, ACTIVE_FLAG)
 VALUES(8327, 'Tran Year Num','','MAIN.RDW.DATE_DIM[TRAN].YEAR_NUM','MAIN.RDW.DATE_DIM[TRAN].YEAR_NUM','','SMALLINT','SMALLINT',50,227,'Y');
INSERT INTO FOLIO_CONF.FIELD(FIELD_ID, FIELD_LABEL, FIELD_DESC, DISPLAY_EXPRESSION, SORT_EXPRESSION, 
DISPLAY_FORMAT, DISPLAY_SQL_TYPE, SORT_SQL_TYPE, IMPORTANCE, FIELD_CATEGORY_ID, ACTIVE_FLAG)
 VALUES(8331, 'Tran Day Of Week','','MAIN.RDW.DATE_DIM[TRAN].DAY_OF_WEEK','MAIN.RDW.DATE_DIM[TRAN].DAY_OF_WEEK','','SMALLINT','SMALLINT',50,227,'Y');
INSERT INTO FOLIO_CONF.FIELD(FIELD_ID, FIELD_LABEL, FIELD_DESC, DISPLAY_EXPRESSION, SORT_EXPRESSION, 
DISPLAY_FORMAT, DISPLAY_SQL_TYPE, SORT_SQL_TYPE, IMPORTANCE, FIELD_CATEGORY_ID, ACTIVE_FLAG)
 VALUES(8332, 'Tran Week Day','','MAIN.RDW.DATE_DIM[TRAN].WEEK_DAY','UPPER(MAIN.RDW.DATE_DIM[TRAN].WEEK_DAY)','','VARCHAR(50)','VARCHAR(50)',50,227,'Y');
INSERT INTO FOLIO_CONF.FIELD(FIELD_ID, FIELD_LABEL, FIELD_DESC, DISPLAY_EXPRESSION, SORT_EXPRESSION, 
DISPLAY_FORMAT, DISPLAY_SQL_TYPE, SORT_SQL_TYPE, IMPORTANCE, FIELD_CATEGORY_ID, ACTIVE_FLAG)
 VALUES(8335, 'Tran Week Start Date','','MAIN.RDW.DATE_DIM[TRAN].WEEK_START_DATE','MAIN.RDW.DATE_DIM[TRAN].WEEK_START_DATE','','DATE','DATE',50,227,'Y');
INSERT INTO FOLIO_CONF.FIELD(FIELD_ID, FIELD_LABEL, FIELD_DESC, DISPLAY_EXPRESSION, SORT_EXPRESSION, 
DISPLAY_FORMAT, DISPLAY_SQL_TYPE, SORT_SQL_TYPE, IMPORTANCE, FIELD_CATEGORY_ID, ACTIVE_FLAG)
 VALUES(8340, 'Tran Hour Of Day','','MAIN.RDW.TIME_DIM[TRAN].HOUR_OF_DAY','MAIN.RDW.TIME_DIM[TRAN].HOUR_OF_DAY','','SMALLINT','SMALLINT',50,228,'Y');
INSERT INTO FOLIO_CONF.FIELD(FIELD_ID, FIELD_LABEL, FIELD_DESC, DISPLAY_EXPRESSION, SORT_EXPRESSION, 
DISPLAY_FORMAT, DISPLAY_SQL_TYPE, SORT_SQL_TYPE, IMPORTANCE, FIELD_CATEGORY_ID, ACTIVE_FLAG)
 VALUES(8781, 'Alert Data','','MAIN.RDW.ALERT_DIM.ALERT_DATA','UPPER(MAIN.RDW.ALERT_DIM.ALERT_DATA)','','VARCHAR(4000)','VARCHAR(4000)',50,267,'Y');
INSERT INTO FOLIO_CONF.FIELD(FIELD_ID, FIELD_LABEL, FIELD_DESC, DISPLAY_EXPRESSION, SORT_EXPRESSION, 
DISPLAY_FORMAT, DISPLAY_SQL_TYPE, SORT_SQL_TYPE, IMPORTANCE, FIELD_CATEGORY_ID, ACTIVE_FLAG)
 VALUES(8782, 'Alert Start Ts','','MAIN.RDW.ALERT_DIM.ALERT_START_TS','MAIN.RDW.ALERT_DIM.ALERT_START_TS','','TIMESTAMP','TIMESTAMP',50,267,'Y');
INSERT INTO FOLIO_CONF.FIELD(FIELD_ID, FIELD_LABEL, FIELD_DESC, DISPLAY_EXPRESSION, SORT_EXPRESSION, 
DISPLAY_FORMAT, DISPLAY_SQL_TYPE, SORT_SQL_TYPE, IMPORTANCE, FIELD_CATEGORY_ID, ACTIVE_FLAG)
 VALUES(8809, 'Source Alert Type Id','','MAIN.RDW.ALERT_TYPE_DIM.SOURCE_ALERT_TYPE_ID','MAIN.RDW.ALERT_TYPE_DIM.SOURCE_ALERT_TYPE_ID','','INTEGER','INTEGER',50,271,'Y');
INSERT INTO FOLIO_CONF.FIELD(FIELD_ID, FIELD_LABEL, FIELD_DESC, DISPLAY_EXPRESSION, SORT_EXPRESSION, 
DISPLAY_FORMAT, DISPLAY_SQL_TYPE, SORT_SQL_TYPE, IMPORTANCE, FIELD_CATEGORY_ID, ACTIVE_FLAG)
 VALUES(8811, 'Alert Type','','MAIN.RDW.ALERT_TYPE_DIM.ALERT_TYPE','UPPER(MAIN.RDW.ALERT_TYPE_DIM.ALERT_TYPE)','','VARCHAR(100)','VARCHAR(100)',50,271,'Y');
INSERT INTO FOLIO_CONF.FIELD(FIELD_ID, FIELD_LABEL, FIELD_DESC, DISPLAY_EXPRESSION, SORT_EXPRESSION, 
DISPLAY_FORMAT, DISPLAY_SQL_TYPE, SORT_SQL_TYPE, IMPORTANCE, FIELD_CATEGORY_ID, ACTIVE_FLAG)
 VALUES(8825, 'Alert Date Dim Id','','MAIN.RDW.ALERT_FACT.ALERT_DATE_DIM_ID','MAIN.RDW.ALERT_FACT.ALERT_DATE_DIM_ID','','SMALLINT','SMALLINT',50,268,'Y');
INSERT INTO FOLIO_CONF.FIELD(FIELD_ID, FIELD_LABEL, FIELD_DESC, DISPLAY_EXPRESSION, SORT_EXPRESSION, 
DISPLAY_FORMAT, DISPLAY_SQL_TYPE, SORT_SQL_TYPE, IMPORTANCE, FIELD_CATEGORY_ID, ACTIVE_FLAG)
 VALUES(8826, 'Region Location Dim Id','','MAIN.RDW.LOCATION_DIM[REGION].LOCATION_DIM_ID','MAIN.RDW.LOCATION_DIM[REGION].LOCATION_DIM_ID','','BIGINT','BIGINT',50,272,'Y');
INSERT INTO FOLIO_CONF.FIELD(FIELD_ID, FIELD_LABEL, FIELD_DESC, DISPLAY_EXPRESSION, SORT_EXPRESSION, 
DISPLAY_FORMAT, DISPLAY_SQL_TYPE, SORT_SQL_TYPE, IMPORTANCE, FIELD_CATEGORY_ID, ACTIVE_FLAG)
 VALUES(8827, 'Tran Fill Dim Id','','MAIN.RDW.TRAN_ITEM_FACT.FILL_DIM_ID','MAIN.RDW.TRAN_ITEM_FACT.FILL_DIM_ID','','BIGINT','BIGINT',50,220,'Y');
INSERT INTO FOLIO_CONF.FIELD(FIELD_ID, FIELD_LABEL, FIELD_DESC, DISPLAY_EXPRESSION, SORT_EXPRESSION, 
DISPLAY_FORMAT, DISPLAY_SQL_TYPE, SORT_SQL_TYPE, IMPORTANCE, FIELD_CATEGORY_ID, ACTIVE_FLAG)
 VALUES(9284, 'Unsettled Indicator','','MAX(CASE WHEN MAIN.RDW.TRAN_ITEM_DETAIL_DIM.ITEM_PAYABLE_FLAG = ''Yes'' or MAIN.RDW.TRAN_ITEM_DETAIL_DIM.ITEM_PAYABLE_FLAG = ''N/A'' THEN NULL ELSE ''*'' END)','MAX(CASE WHEN MAIN.RDW.TRAN_ITEM_DETAIL_DIM.ITEM_PAYABLE_FLAG = ''Yes'' or MAIN.RDW.TRAN_ITEM_DETAIL_DIM.ITEM_PAYABLE_FLAG = ''N/A'' THEN NULL ELSE ''*'' END)','','VARCHAR','VARCHAR',50,247,'Y');                                                                                                                                                                                                                                                                                                                                                                                                                                                                                                                                                                                                                                                                                                                                                                                                                                                                                                                                                                                                                                                                                                                                                                                                                                                                                                                                                                                                                                                                                                                                                                                                                                                                                                                                                                                                                                                                                                                                                                                                                                                                                                                                                                                                                                                                                                                                                                                                                                                                                                                                                                                                                                                                                                                                                                                                                                                                                                                                                                                                                                                                                                                                                                                                                                                                                                                                                                                                                                                                                                                                                                                                                                                                                                                                                                                 
INSERT INTO FOLIO_CONF.FIELD(FIELD_ID, FIELD_LABEL, FIELD_DESC, DISPLAY_EXPRESSION, SORT_EXPRESSION, 
DISPLAY_FORMAT, DISPLAY_SQL_TYPE, SORT_SQL_TYPE, IMPORTANCE, FIELD_CATEGORY_ID, ACTIVE_FLAG)
 VALUES(8299, 'Tran line Item Dim Id','','MAIN.RDW.TRAN_LINE_ITEM_DIM.TRAN_LINE_ITEM_DIM_ID','MAIN.RDW.TRAN_LINE_ITEM_DIM.TRAN_LINE_ITEM_DIM_ID','','NUMERIC','NUMERIC',50,219,'Y');
INSERT INTO FOLIO_CONF.FIELD(FIELD_ID, FIELD_LABEL, FIELD_DESC, DISPLAY_EXPRESSION, SORT_EXPRESSION, 
DISPLAY_FORMAT, DISPLAY_SQL_TYPE, SORT_SQL_TYPE, IMPORTANCE, FIELD_CATEGORY_ID, ACTIVE_FLAG)
 VALUES(8829, 'Region Source Id','','MAIN.RDW.LOCATION_DIM[REGION].SOURCE_LOCATION_ID','MAIN.RDW.LOCATION_DIM[REGION].SOURCE_LOCATION_ID','','BIGINT','BIGINT',50,272,'Y');
INSERT INTO FOLIO_CONF.FIELD(FIELD_ID, FIELD_LABEL, FIELD_DESC, DISPLAY_EXPRESSION, SORT_EXPRESSION, 
DISPLAY_FORMAT, DISPLAY_SQL_TYPE, SORT_SQL_TYPE, IMPORTANCE, FIELD_CATEGORY_ID, ACTIVE_FLAG)
 VALUES(9338, 'Batch Total Gross Credit','',' CASE WHEN MAIN.RDW.PAID_ITEM_AGG.ITEM_TYPE_DIM_ID = 5 THEN MAIN.RDW.PAID_ITEM_AGG.AMOUNT ELSE NULL END',' CASE WHEN MAIN.RDW.PAID_ITEM_AGG.ITEM_TYPE_DIM_ID = 5 THEN MAIN.RDW.PAID_ITEM_AGG.AMOUNT ELSE NULL END','','NUMERIC','NUMERIC',50,1040,'Y');
INSERT INTO FOLIO_CONF.FIELD(FIELD_ID, FIELD_LABEL, FIELD_DESC, DISPLAY_EXPRESSION, SORT_EXPRESSION, 
DISPLAY_FORMAT, DISPLAY_SQL_TYPE, SORT_SQL_TYPE, IMPORTANCE, FIELD_CATEGORY_ID, ACTIVE_FLAG)
 VALUES(9344, 'Batch Total Adjustments','',' CASE WHEN MAIN.RDW.PAID_ITEM_AGG.ITEM_TYPE_DIM_ID = 8 AND MAIN.RDW.PAID_ITEM_AGG.ITEM_PAYABLE_FLAG=''Yes'' THEN MAIN.RDW.PAID_ITEM_AGG.AMOUNT ELSE NULL END',' CASE WHEN MAIN.RDW.PAID_ITEM_AGG.ITEM_TYPE_DIM_ID = 8 AND MAIN.RDW.PAID_ITEM_AGG.ITEM_PAYABLE_FLAG=''Yes'' THEN MAIN.RDW.PAID_ITEM_AGG.AMOUNT ELSE NULL END','','NUMERIC','NUMERIC',50,1040,'Y');
INSERT INTO FOLIO_CONF.FIELD(FIELD_ID, FIELD_LABEL, FIELD_DESC, DISPLAY_EXPRESSION, SORT_EXPRESSION, 
DISPLAY_FORMAT, DISPLAY_SQL_TYPE, SORT_SQL_TYPE, IMPORTANCE, FIELD_CATEGORY_ID, ACTIVE_FLAG)
 VALUES(9346, 'Batch Total Cash Amount','','CASE WHEN MAIN.RDW.PAID_ITEM_AGG.ITEM_TYPE_DIM_ID = 3 THEN MAIN.RDW.PAID_ITEM_AGG.AMOUNT ELSE NULL END','CASE WHEN MAIN.RDW.PAID_ITEM_AGG.ITEM_TYPE_DIM_ID = 3 THEN MAIN.RDW.PAID_ITEM_AGG.AMOUNT ELSE NULL END','','NUMERIC','NUMERIC',50,1040,'Y');
INSERT INTO FOLIO_CONF.FIELD(FIELD_ID, FIELD_LABEL, FIELD_DESC, DISPLAY_EXPRESSION, SORT_EXPRESSION, 
DISPLAY_FORMAT, DISPLAY_SQL_TYPE, SORT_SQL_TYPE, IMPORTANCE, FIELD_CATEGORY_ID, ACTIVE_FLAG)
 VALUES(9348, 'Batch Total Cash Count','','CASE WHEN MAIN.RDW.PAID_ITEM_AGG.ITEM_TYPE_DIM_ID = 3 THEN MAIN.RDW.PAID_ITEM_AGG.QUANTITY ELSE NULL END','CASE WHEN MAIN.RDW.PAID_ITEM_AGG.ITEM_TYPE_DIM_ID = 3 THEN MAIN.RDW.PAID_ITEM_AGG.QUANTITY ELSE NULL END','','INTEGER','INTEGER',50,1040,'Y');
INSERT INTO FOLIO_CONF.FIELD(FIELD_ID, FIELD_LABEL, FIELD_DESC, DISPLAY_EXPRESSION, SORT_EXPRESSION, 
DISPLAY_FORMAT, DISPLAY_SQL_TYPE, SORT_SQL_TYPE, IMPORTANCE, FIELD_CATEGORY_ID, ACTIVE_FLAG)
 VALUES(9350, 'Batch Total Cash Credit Amount','','CASE WHEN MAIN.RDW.PAID_ITEM_AGG.ITEM_TYPE_DIM_ID in(5,3) THEN MAIN.RDW.PAID_ITEM_AGG.AMOUNT ELSE NULL END','CASE WHEN MAIN.RDW.PAID_ITEM_AGG.ITEM_TYPE_DIM_ID in(5,3) THEN MAIN.RDW.PAID_ITEM_AGG.AMOUNT ELSE NULL END','','NUMERIC','NUMERIC',50,1040,'Y');
INSERT INTO FOLIO_CONF.FIELD(FIELD_ID, FIELD_LABEL, FIELD_DESC, DISPLAY_EXPRESSION, SORT_EXPRESSION, 
DISPLAY_FORMAT, DISPLAY_SQL_TYPE, SORT_SQL_TYPE, IMPORTANCE, FIELD_CATEGORY_ID, ACTIVE_FLAG)
 VALUES(9352, 'Batch Total Credit Count','','CASE WHEN MAIN.RDW.PAID_ITEM_AGG.ITEM_TYPE_DIM_ID = 5 THEN MAIN.RDW.PAID_ITEM_AGG.QUANTITY ELSE NULL END','CASE WHEN MAIN.RDW.PAID_ITEM_AGG.ITEM_TYPE_DIM_ID = 5 THEN MAIN.RDW.PAID_ITEM_AGG.QUANTITY ELSE NULL END','','INTEGER','INTEGER',50,1040,'Y');
INSERT INTO FOLIO_CONF.FIELD(FIELD_ID, FIELD_LABEL, FIELD_DESC, DISPLAY_EXPRESSION, SORT_EXPRESSION, 
DISPLAY_FORMAT, DISPLAY_SQL_TYPE, SORT_SQL_TYPE, IMPORTANCE, FIELD_CATEGORY_ID, ACTIVE_FLAG)
 VALUES(9354, 'Batch Total Failed Credit','','CASE WHEN MAIN.RDW.PAID_ITEM_AGG.ITEM_TYPE_DIM_ID = 5 AND MAIN.RDW.PAID_ITEM_AGG.ITEM_PAYABLE_FLAG=''No'' THEN MAIN.RDW.PAID_ITEM_AGG.AMOUNT ELSE NULL END','CASE WHEN MAIN.RDW.PAID_ITEM_AGG.ITEM_TYPE_DIM_ID = 5 AND MAIN.RDW.PAID_ITEM_AGG.ITEM_PAYABLE_FLAG=''No'' THEN MAIN.RDW.PAID_ITEM_AGG.AMOUNT ELSE NULL END','','NUMERIC','NUMERIC',50,1040,'Y');
INSERT INTO FOLIO_CONF.FIELD(FIELD_ID, FIELD_LABEL, FIELD_DESC, DISPLAY_EXPRESSION, SORT_EXPRESSION, 
DISPLAY_FORMAT, DISPLAY_SQL_TYPE, SORT_SQL_TYPE, IMPORTANCE, FIELD_CATEGORY_ID, ACTIVE_FLAG)
 VALUES(9356, 'Batch Total Net Amount','','CASE WHEN MAIN.RDW.PAID_ITEM_AGG.ITEM_TYPE_DIM_ID not in (3,13) AND MAIN.RDW.PAID_ITEM_AGG.ITEM_PAYABLE_FLAG=''Yes'' THEN MAIN.RDW.PAID_ITEM_AGG.AMOUNT ELSE NULL END','CASE WHEN MAIN.RDW.PAID_ITEM_AGG.ITEM_TYPE_DIM_ID not in (3,13) AND MAIN.RDW.PAID_ITEM_AGG.ITEM_PAYABLE_FLAG=''Yes'' THEN MAIN.RDW.PAID_ITEM_AGG.AMOUNT ELSE NULL END','','NUMERIC','NUMERIC',50,1040,'Y');
INSERT INTO FOLIO_CONF.FIELD(FIELD_ID, FIELD_LABEL, FIELD_DESC, DISPLAY_EXPRESSION, SORT_EXPRESSION, 
DISPLAY_FORMAT, DISPLAY_SQL_TYPE, SORT_SQL_TYPE, IMPORTANCE, FIELD_CATEGORY_ID, ACTIVE_FLAG)
 VALUES(9358, 'Batch Total Net Credit','','CASE WHEN MAIN.RDW.PAID_ITEM_AGG.ITEM_TYPE_DIM_ID = 5 AND MAIN.RDW.PAID_ITEM_AGG.ITEM_PAYABLE_FLAG=''Yes'' THEN MAIN.RDW.PAID_ITEM_AGG.AMOUNT ELSE NULL END','CASE WHEN MAIN.RDW.PAID_ITEM_AGG.ITEM_TYPE_DIM_ID = 5 AND MAIN.RDW.PAID_ITEM_AGG.ITEM_PAYABLE_FLAG=''Yes'' THEN MAIN.RDW.PAID_ITEM_AGG.AMOUNT ELSE NULL END','','NUMERIC','NUMERIC',50,1040,'Y');
INSERT INTO FOLIO_CONF.FIELD(FIELD_ID, FIELD_LABEL, FIELD_DESC, DISPLAY_EXPRESSION, SORT_EXPRESSION, 
DISPLAY_FORMAT, DISPLAY_SQL_TYPE, SORT_SQL_TYPE, IMPORTANCE, FIELD_CATEGORY_ID, ACTIVE_FLAG)
 VALUES(9360, 'Batch Total Process Fees','','CASE WHEN MAIN.RDW.PAID_ITEM_AGG.ITEM_TYPE_DIM_ID in(6,12) AND MAIN.RDW.PAID_ITEM_AGG.ITEM_PAYABLE_FLAG=''Yes'' THEN MAIN.RDW.PAID_ITEM_AGG.AMOUNT ELSE NULL END','CASE WHEN MAIN.RDW.PAID_ITEM_AGG.ITEM_TYPE_DIM_ID in(6,12) AND MAIN.RDW.PAID_ITEM_AGG.ITEM_PAYABLE_FLAG=''Yes'' THEN MAIN.RDW.PAID_ITEM_AGG.AMOUNT ELSE NULL END','','NUMERIC','NUMERIC',50,1040,'Y');
INSERT INTO FOLIO_CONF.FIELD(FIELD_ID, FIELD_LABEL, FIELD_DESC, DISPLAY_EXPRESSION, SORT_EXPRESSION, 
DISPLAY_FORMAT, DISPLAY_SQL_TYPE, SORT_SQL_TYPE, IMPORTANCE, FIELD_CATEGORY_ID, ACTIVE_FLAG)
 VALUES(9362, 'Batch Total Refund Chargeback','','CASE WHEN MAIN.RDW.PAID_ITEM_AGG.ITEM_TYPE_DIM_ID in(9,10) AND MAIN.RDW.PAID_ITEM_AGG.ITEM_PAYABLE_FLAG=''Yes'' THEN MAIN.RDW.PAID_ITEM_AGG.AMOUNT ELSE NULL END','CASE WHEN MAIN.RDW.PAID_ITEM_AGG.ITEM_TYPE_DIM_ID in(9,10) AND MAIN.RDW.PAID_ITEM_AGG.ITEM_PAYABLE_FLAG=''Yes'' THEN MAIN.RDW.PAID_ITEM_AGG.AMOUNT ELSE NULL END','','NUMERIC','NUMERIC',50,1040,'Y');
INSERT INTO FOLIO_CONF.FIELD(FIELD_ID, FIELD_LABEL, FIELD_DESC, DISPLAY_EXPRESSION, SORT_EXPRESSION, 
DISPLAY_FORMAT, DISPLAY_SQL_TYPE, SORT_SQL_TYPE, IMPORTANCE, FIELD_CATEGORY_ID, ACTIVE_FLAG)
 VALUES(9364, 'Batch Total Service Fees','','CASE WHEN MAIN.RDW.PAID_ITEM_AGG.ITEM_TYPE_DIM_ID = 7 AND MAIN.RDW.PAID_ITEM_AGG.ITEM_PAYABLE_FLAG=''Yes'' THEN MAIN.RDW.PAID_ITEM_AGG.AMOUNT ELSE NULL END','CASE WHEN MAIN.RDW.PAID_ITEM_AGG.ITEM_TYPE_DIM_ID = 7 AND MAIN.RDW.PAID_ITEM_AGG.ITEM_PAYABLE_FLAG=''Yes'' THEN MAIN.RDW.PAID_ITEM_AGG.AMOUNT ELSE NULL END','','NUMERIC','NUMERIC',50,1040,'Y');
INSERT INTO FOLIO_CONF.FIELD(FIELD_ID, FIELD_LABEL, FIELD_DESC, DISPLAY_EXPRESSION, SORT_EXPRESSION, 
DISPLAY_FORMAT, DISPLAY_SQL_TYPE, SORT_SQL_TYPE, IMPORTANCE, FIELD_CATEGORY_ID, ACTIVE_FLAG)
 VALUES(9366, 'Batch Total Two Tier Amount','','CASE WHEN MAIN.RDW.PAID_ITEM_AGG.ITEM_TYPE_DIM_ID = 13 THEN MAIN.RDW.PAID_ITEM_AGG.AMOUNT ELSE NULL END','CASE WHEN MAIN.RDW.PAID_ITEM_AGG.ITEM_TYPE_DIM_ID = 13 THEN MAIN.RDW.PAID_ITEM_AGG.AMOUNT ELSE NULL END','','NUMERIC','NUMERIC',50,1040,'Y');
INSERT INTO FOLIO_CONF.FIELD(FIELD_ID, FIELD_LABEL, FIELD_DESC, DISPLAY_EXPRESSION, SORT_EXPRESSION, 
DISPLAY_FORMAT, DISPLAY_SQL_TYPE, SORT_SQL_TYPE, IMPORTANCE, FIELD_CATEGORY_ID, ACTIVE_FLAG)
 VALUES(9368, 'Paid Item Agg Paid Date Dim Id','','MAIN.RDW.PAID_ITEM_AGG.PAID_DATE_DIM_ID','MAIN.RDW.PAID_ITEM_AGG.PAID_DATE_DIM_ID','','SMALLINT','SMALLINT',50,1040,'Y');
INSERT INTO FOLIO_CONF.FIELD(FIELD_ID, FIELD_LABEL, FIELD_DESC, DISPLAY_EXPRESSION, SORT_EXPRESSION, 
DISPLAY_FORMAT, DISPLAY_SQL_TYPE, SORT_SQL_TYPE, IMPORTANCE, FIELD_CATEGORY_ID, ACTIVE_FLAG)
 VALUES(9376, 'Days Ago Upload Date','','CURRENT_DATE - MAIN.RDW.DATE_DIM[UPLOAD].ACTUAL_DATE','CURRENT_DATE - MAIN.RDW.DATE_DIM[UPLOAD].ACTUAL_DATE','','INTEGER','INTEGER',50,220,'Y');
insert into folio_conf.join_filter (join_filter_id, from_table,to_table, join_expression, join_type, active_flag, join_cardinality) values(5118, 'MAIN.RDW.POS_DIM[CURRENT]', 'MAIN.RDW.POS_DIM', 'MAIN.RDW.POS_DIM[CURRENT].POS_DIM_ID = MAIN.RDW.POS_DIM.POS_DIM_ID', 'RIGHT', 'Y', '=');
insert into folio_conf.join_filter (join_filter_id, from_table,to_table, join_expression, join_type, active_flag, join_cardinality) values(5072, 'MAIN.RDW.USER_LOCATION_PRIV', 'MAIN.RDW.LOCATION_BRIDGE[ANCESTOR]', 'MAIN.RDW.USER_LOCATION_PRIV.LOCATION_DIM_ID = MAIN.RDW.LOCATION_BRIDGE[ANCESTOR].ANCESTOR_LOCATION_DIM_ID', 'INNER', 'Y', '=');
insert into folio_conf.join_filter (join_filter_id, from_table,to_table, join_expression, join_type, active_flag, join_cardinality) values(5065, 'MAIN.RDW.LOCATION_BRIDGE[ANCESTOR]', 'MAIN.RDW.LOCATION_DIM', 'MAIN.RDW.LOCATION_BRIDGE[ANCESTOR].DESCENDENT_LOCATION_DIM_ID = MAIN.RDW.LOCATION_DIM.LOCATION_DIM_ID', 'INNER', 'Y', '<');
insert into folio_conf.join_filter (join_filter_id, from_table,to_table, join_expression, join_type, active_flag, join_cardinality) values(4981, 'MAIN.RDW.LEDGER_ITEM_FACT', 'MAIN.RDW.CONSUMER_DIM[CC]', 'CASE WHEN MAIN.RDW.ITEM_TYPE_DIM.PAYMENT_ENTRY_TYPE_CD in ( ''CC'', ''CB'', ''RF'') THEN MAIN.RDW.LEDGER_ITEM_FACT.CONSUMER_DIM_ID ELSE NULL END = MAIN.RDW.CONSUMER_DIM[CC].CONSUMER_DIM_ID', 'LEFT', 'Y', '>');
insert into folio_conf.join_filter (join_filter_id, from_table,to_table, join_expression, join_type, active_flag, join_cardinality) values(4982, 'MAIN.RDW.LEDGER_ITEM_FACT', 'MAIN.RDW.TRAN_ITEM_DETAIL_DIM[PF]', 'CASE WHEN MAIN.RDW.ITEM_TYPE_DIM.PAYMENT_ENTRY_TYPE_CD = ''PF'' THEN MAIN.RDW.LEDGER_ITEM_FACT.TRAN_ITEM_DETAIL_DIM_ID ELSE NULL END = MAIN.RDW.TRAN_ITEM_DETAIL_DIM[PF].ITEM_DETAIL_DIM_ID', 'LEFT', 'Y', '>');
insert into folio_conf.join_filter (join_filter_id, from_table,to_table, join_expression, join_type, active_flag, join_cardinality) values(5048, 'MAIN.RDW.TRAN_ITEM_FACT', 'MAIN.RDW.AUTH_DETAIL_DIM[ORIG_AUTH_DETAIL_DIM_ID]', 'MAIN.RDW.TRAN_ITEM_FACT.ORIG_AUTH_DETAIL_DIM_ID = MAIN.RDW.AUTH_DETAIL_DIM[ORIG_AUTH_DETAIL_DIM_ID].AUTH_DETAIL_DIM_ID', 'LEFT', 'Y', '>');
insert into folio_conf.join_filter (join_filter_id, from_table,to_table, join_expression, join_type, active_flag, join_cardinality) values(4980, 'MAIN.RDW.LEDGER_ITEM_FACT', 'MAIN.RDW.TRAN_ITEM_DETAIL_DIM[CC]', 'CASE WHEN MAIN.RDW.ITEM_TYPE_DIM.PAYMENT_ENTRY_TYPE_CD = ''CC'' THEN MAIN.RDW.LEDGER_ITEM_FACT.TRAN_ITEM_DETAIL_DIM_ID ELSE NULL END = MAIN.RDW.TRAN_ITEM_DETAIL_DIM[CC].ITEM_DETAIL_DIM_ID', 'LEFT', 'Y', '>');
insert into folio_conf.join_filter (join_filter_id, from_table,to_table, join_expression, join_type, active_flag, join_cardinality) values(4983, 'MAIN.RDW.DEVICE_DIM', 'MAIN.RDW.HOST_DIM[PRIMARY]', 'MAIN.RDW.DEVICE_DIM.PRIMARY_HOST_DIM_ID = MAIN.RDW.HOST_DIM[PRIMARY].HOST_DIM_ID', 'INNER', 'Y', '>');
insert into folio_conf.join_filter (join_filter_id, from_table,to_table, join_expression, join_type, active_flag, join_cardinality) values(4979, 'MAIN.RDW.LEDGER_ITEM_FACT', 'MAIN.RDW.AUTH_DETAIL_DIM[CC]', 'CASE WHEN MAIN.RDW.ITEM_TYPE_DIM.PAYMENT_ENTRY_TYPE_CD in ( ''CC'', ''CB'', ''RF'') THEN MAIN.RDW.LEDGER_ITEM_FACT.AUTH_DETAIL_DIM_ID ELSE NULL END = MAIN.RDW.AUTH_DETAIL_DIM[CC].AUTH_DETAIL_DIM_ID', 'LEFT', 'Y', '>');
insert into folio_conf.join_filter (join_filter_id, from_table,to_table, join_expression, join_type, active_flag, join_cardinality) values(5121, 'MAIN.RDW.LEDGER_ITEM_FACT', 'MAIN.RDW.AUTHORITY_TERMINAL_DIM', 'MAIN.RDW.LEDGER_ITEM_FACT.AUTHORITY_TERMINAL_DIM_ID = MAIN.RDW.AUTHORITY_TERMINAL_DIM.AUTHORITY_TERMINAL_DIM_ID', 'INNER', 'Y', '>');
insert into folio_conf.join_filter (join_filter_id, from_table,to_table, join_expression, join_type, active_flag, join_cardinality) values(5117, 'MAIN.RDW.POS_DIM[CURRENT]', '', 'MAIN.RDW.POS_DIM[CURRENT].POS_START_TS <= CURRENT_TIMESTAMP AND MAIN.RDW.POS_DIM[CURRENT].POS_END_TS > CURRENT_TIMESTAMP', 'LEFT', 'Y', '=');
insert into folio_conf.join_filter (join_filter_id, from_table,to_table, join_expression, join_type, active_flag, join_cardinality) values(4960, 'MAIN.RDW.LEDGER_ITEM_FACT', 'MAIN.RDW.TRAN_ITEM_FACT', 'MAIN.RDW.LEDGER_ITEM_FACT.TRAN_ITEM_DETAIL_DIM_ID = MAIN.RDW.TRAN_ITEM_FACT.TRAN_ITEM_DETAIL_DIM_ID', 'LEFT', 'Y', 'X');
insert into folio_conf.join_filter (join_filter_id, from_table,to_table, join_expression, join_type, active_flag, join_cardinality) values(4984, 'MAIN.RDW.LEDGER_ITEM_FACT', 'MAIN.RDW.TRAN_ITEM_DETAIL_DIM', 'MAIN.RDW.LEDGER_ITEM_FACT.TRAN_ITEM_DETAIL_DIM_ID = MAIN.RDW.TRAN_ITEM_DETAIL_DIM.ITEM_DETAIL_DIM_ID', 'LEFT', 'Y', '>');
insert into folio_conf.join_filter (join_filter_id, from_table,to_table, join_expression, join_type, active_flag, join_cardinality) values(4986, 'MAIN.RDW.LEDGER_ITEM_FACT', 'MAIN.RDW.AUTH_DETAIL_DIM', 'MAIN.RDW.LEDGER_ITEM_FACT.AUTH_DETAIL_DIM_ID = MAIN.RDW.AUTH_DETAIL_DIM.AUTH_DETAIL_DIM_ID', 'INNER', 'Y', '>');
insert into folio_conf.join_filter (join_filter_id, from_table,to_table, join_expression, join_type, active_flag, join_cardinality) values(4985, 'MAIN.RDW.LEDGER_ITEM_FACT', 'MAIN.RDW.AUTH_TYPE_DIM', 'MAIN.RDW.LEDGER_ITEM_FACT.AUTH_TYPE_DIM_ID = MAIN.RDW.AUTH_TYPE_DIM.AUTH_TYPE_DIM_ID', 'INNER', 'Y', '>');
insert into folio_conf.join_filter (join_filter_id, from_table,to_table, join_expression, join_type, active_flag, join_cardinality) values(4987, 'MAIN.RDW.LEDGER_ITEM_FACT', 'MAIN.RDW.CONSUMER_DIM', 'MAIN.RDW.LEDGER_ITEM_FACT.CONSUMER_DIM_ID = MAIN.RDW.CONSUMER_DIM.CONSUMER_DIM_ID', 'INNER', 'Y', '>');
insert into folio_conf.join_filter (join_filter_id, from_table,to_table, join_expression, join_type, active_flag, join_cardinality) values(5120, 'MAIN.RDW.LEDGER_ITEM_FACT', '', 'MAIN.RDW.LEDGER_ITEM_FACT.DELETED_TS IS NULL', 'RIGHT', 'Y', '=');
insert into folio_conf.join_filter (join_filter_id, from_table,to_table, join_expression, join_type, active_flag, join_cardinality) values(5000, 'MAIN.RDW.AUTH_FACT', 'MAIN.RDW.AUTH_DETAIL_DIM', 'MAIN.RDW.AUTH_FACT.AUTH_DETAIL_DIM_ID = MAIN.RDW.AUTH_DETAIL_DIM.AUTH_DETAIL_DIM_ID', 'INNER', 'Y', '=');
insert into folio_conf.join_filter (join_filter_id, from_table,to_table, join_expression, join_type, active_flag, join_cardinality) values(5001, 'MAIN.RDW.AUTH_FACT', 'MAIN.RDW.CONSUMER_DIM', 'MAIN.RDW.AUTH_FACT.CONSUMER_DIM_ID = MAIN.RDW.CONSUMER_DIM.CONSUMER_DIM_ID', 'INNER', 'Y', '>');
insert into folio_conf.join_filter (join_filter_id, from_table,to_table, join_expression, join_type, active_flag, join_cardinality) values(5002, 'MAIN.RDW.AUTH_FACT', 'MAIN.RDW.AUTH_TYPE_DIM', 'MAIN.RDW.AUTH_FACT.AUTH_TYPE_DIM_ID = MAIN.RDW.AUTH_TYPE_DIM.AUTH_TYPE_DIM_ID', 'INNER', 'Y', '>');
insert into folio_conf.join_filter (join_filter_id, from_table,to_table, join_expression, join_type, active_flag, join_cardinality) values(5003, 'MAIN.RDW.AUTH_FACT', 'MAIN.RDW.AUTHORITY_TERMINAL_DIM', 'MAIN.RDW.AUTH_FACT.AUTHORITY_TERMINAL_DIM_ID = MAIN.RDW.AUTHORITY_TERMINAL_DIM.AUTHORITY_TERMINAL_DIM_ID', 'INNER', 'Y', '>');
insert into folio_conf.join_filter (join_filter_id, from_table,to_table, join_expression, join_type, active_flag, join_cardinality) values(5004, 'MAIN.RDW.AUTH_FACT', 'MAIN.RDW.DATE_DIM[AUTH]', 'MAIN.RDW.AUTH_FACT.AUTH_DATE_DIM_ID = MAIN.RDW.DATE_DIM[AUTH].DATE_DIM_ID', 'INNER', 'Y', '>');
insert into folio_conf.join_filter (join_filter_id, from_table,to_table, join_expression, join_type, active_flag, join_cardinality) values(5005, 'MAIN.RDW.AUTH_FACT', 'MAIN.RDW.TIME_DIM[AUTH]', 'MAIN.RDW.AUTH_FACT.AUTH_TIME_DIM_ID = MAIN.RDW.TIME_DIM[AUTH].TIME_DIM_ID', 'INNER', 'Y', '>');
insert into folio_conf.join_filter (join_filter_id, from_table,to_table, join_expression, join_type, active_flag, join_cardinality) values(5006, 'MAIN.RDW.AUTH_FACT', 'MAIN.RDW.DATE_DIM[SERVER]', 'MAIN.RDW.AUTH_FACT.SERVER_DATE_DIM_ID = MAIN.RDW.DATE_DIM[SERVER].DATE_DIM_ID', 'INNER', 'Y', '>');
insert into folio_conf.join_filter (join_filter_id, from_table,to_table, join_expression, join_type, active_flag, join_cardinality) values(5007, 'MAIN.RDW.AUTH_FACT', 'MAIN.RDW.TIME_DIM[SERVER]', 'MAIN.RDW.AUTH_FACT.SERVER_TIME_DIM_ID = MAIN.RDW.TIME_DIM[SERVER].TIME_DIM_ID', 'INNER', 'Y', '>');
insert into folio_conf.join_filter (join_filter_id, from_table,to_table, join_expression, join_type, active_flag, join_cardinality) values(5008, 'MAIN.RDW.AUTH_FACT', 'MAIN.RDW.DEVICE_DIM', 'MAIN.RDW.AUTH_FACT.DEVICE_DIM_ID = MAIN.RDW.DEVICE_DIM.DEVICE_DIM_ID', 'INNER', 'Y', '>');
insert into folio_conf.join_filter (join_filter_id, from_table,to_table, join_expression, join_type, active_flag, join_cardinality) values(5009, 'MAIN.RDW.AUTH_FACT', 'MAIN.RDW.LOCATION_DIM', 'MAIN.RDW.AUTH_FACT.LOCATION_DIM_ID = MAIN.RDW.LOCATION_DIM.LOCATION_DIM_ID', 'INNER', 'Y', '>');
insert into folio_conf.join_filter (join_filter_id, from_table,to_table, join_expression, join_type, active_flag, join_cardinality) values(5010, 'MAIN.RDW.AUTH_FACT', 'MAIN.RDW.POS_DIM', 'MAIN.RDW.AUTH_FACT.POS_DIM_ID = MAIN.RDW.POS_DIM.POS_DIM_ID', 'INNER', 'Y', '>');
insert into folio_conf.join_filter (join_filter_id, from_table,to_table, join_expression, join_type, active_flag, join_cardinality) values(5011, 'MAIN.RDW.AUTH_FACT', 'MAIN.RDW.TRAN_ITEM_DETAIL_DIM', 'MAIN.RDW.AUTH_FACT.TRAN_ITEM_DETAIL_DIM_ID = MAIN.RDW.TRAN_ITEM_DETAIL_DIM.ITEM_DETAIL_DIM_ID', 'INNER', 'Y', '>');
insert into folio_conf.join_filter (join_filter_id, from_table,to_table, join_expression, join_type, active_flag, join_cardinality) values(5012, 'MAIN.RDW.AUTH_FACT', 'MAIN.RDW.FILL_ITEM_DETAIL_DIM', 'MAIN.RDW.AUTH_FACT.FILL_ITEM_DETAIL_DIM_ID = MAIN.RDW.FILL_ITEM_DETAIL_DIM.ITEM_DETAIL_DIM_ID', 'INNER', 'Y', '>');
insert into folio_conf.join_filter (join_filter_id, from_table,to_table, join_expression, join_type, active_flag, join_cardinality) values(5013, 'MAIN.RDW.AUTH_FACT', 'MAIN.RDW.DATE_DIM[SETTLED_SERVER]', 'MAIN.RDW.AUTH_FACT.SETTLED_SERVER_DATE_DIM_ID = MAIN.RDW.DATE_DIM[SETTLED_SERVER].DATE_DIM_ID', 'INNER', 'Y', '>');
insert into folio_conf.join_filter (join_filter_id, from_table,to_table, join_expression, join_type, active_flag, join_cardinality) values(5014, 'MAIN.RDW.AUTH_FACT', 'MAIN.RDW.TIME_DIM[SETTLED_SERVER]', 'MAIN.RDW.AUTH_FACT.SETTLED_SERVER_TIME_DIM_ID = MAIN.RDW.TIME_DIM[SETTLED_SERVER].TIME_DIM_ID', 'INNER', 'Y', '>');
insert into folio_conf.join_filter (join_filter_id, from_table,to_table, join_expression, join_type, active_flag, join_cardinality) values(5015, 'MAIN.RDW.AUTH_FACT', 'MAIN.RDW.CURRENCY_DIM', 'MAIN.RDW.AUTH_FACT.CURRENCY_DIM_ID = MAIN.RDW.CURRENCY_DIM.CURRENCY_DIM_ID', 'INNER', 'Y', '>');
insert into folio_conf.join_filter (join_filter_id, from_table,to_table, join_expression, join_type, active_flag, join_cardinality) values(5016, 'MAIN.RDW.AUTH_FACT', 'MAIN.RDW.DEVICE_CALL_DIM', 'MAIN.RDW.AUTH_FACT.DEVICE_CALL_DIM_ID = MAIN.RDW.DEVICE_CALL_DIM.DEVICE_CALL_DIM_ID', 'INNER', 'Y', '>');
insert into folio_conf.join_filter (join_filter_id, from_table,to_table, join_expression, join_type, active_flag, join_cardinality) values(5017, 'MAIN.RDW.DEVICE_DIM', 'MAIN.RDW.HOST_DIM[BASE]', 'MAIN.RDW.DEVICE_DIM.BASE_HOST_DIM_ID = MAIN.RDW.HOST_DIM[BASE].HOST_DIM_ID', 'INNER', 'Y', '>');
insert into folio_conf.join_filter (join_filter_id, from_table,to_table, join_expression, join_type, active_flag, join_cardinality) values(5018, 'MAIN.RDW.DEVICE_DIM', 'MAIN.RDW.HOST_DIM[BEZEL]', 'MAIN.RDW.DEVICE_DIM.BEZEL_HOST_DIM_ID = MAIN.RDW.HOST_DIM[BEZEL].HOST_DIM_ID', 'INNER', 'Y', '>');
insert into folio_conf.join_filter (join_filter_id, from_table,to_table, join_expression, join_type, active_flag, join_cardinality) values(5019, 'MAIN.RDW.DEVICE_DIM', 'MAIN.RDW.HOST_DIM[MODEM]', 'MAIN.RDW.DEVICE_DIM.MODEM_HOST_DIM_ID = MAIN.RDW.HOST_DIM[MODEM].HOST_DIM_ID', 'INNER', 'Y', '>');
insert into folio_conf.join_filter (join_filter_id, from_table,to_table, join_expression, join_type, active_flag, join_cardinality) values(5020, 'MAIN.RDW.TRAN_ITEM_FACT', 'MAIN.RDW.TRAN_ITEM_DETAIL_DIM', 'MAIN.RDW.TRAN_ITEM_FACT.ITEM_DETAIL_DIM_ID = MAIN.RDW.TRAN_ITEM_DETAIL_DIM.ITEM_DETAIL_DIM_ID', 'INNER', 'Y', '>');
insert into folio_conf.join_filter (join_filter_id, from_table,to_table, join_expression, join_type, active_flag, join_cardinality) values(5021, 'MAIN.RDW.TRAN_ITEM_FACT', 'MAIN.RDW.TRAN_LINE_ITEM_DIM', 'MAIN.RDW.TRAN_ITEM_FACT.TRAN_LINE_ITEM_DIM_ID = MAIN.RDW.TRAN_LINE_ITEM_DIM.TRAN_LINE_ITEM_DIM_ID', 'INNER', 'Y', '>');
insert into folio_conf.join_filter (join_filter_id, from_table,to_table, join_expression, join_type, active_flag, join_cardinality) values(5022, 'MAIN.RDW.TRAN_ITEM_FACT', 'MAIN.RDW.AUTH_TYPE_DIM', 'MAIN.RDW.TRAN_ITEM_FACT.AUTH_TYPE_DIM_ID = MAIN.RDW.AUTH_TYPE_DIM.AUTH_TYPE_DIM_ID', 'INNER', 'Y', '>');
insert into folio_conf.join_filter (join_filter_id, from_table,to_table, join_expression, join_type, active_flag, join_cardinality) values(5023, 'MAIN.RDW.TRAN_ITEM_FACT', 'MAIN.RDW.AUTH_DETAIL_DIM', 'MAIN.RDW.TRAN_ITEM_FACT.AUTH_DETAIL_DIM_ID = MAIN.RDW.AUTH_DETAIL_DIM.AUTH_DETAIL_DIM_ID', 'INNER', 'Y', '>');
insert into folio_conf.join_filter (join_filter_id, from_table,to_table, join_expression, join_type, active_flag, join_cardinality) values(5024, 'MAIN.RDW.TRAN_ITEM_FACT', 'MAIN.RDW.CONSUMER_DIM', 'MAIN.RDW.TRAN_ITEM_FACT.CONSUMER_DIM_ID = MAIN.RDW.CONSUMER_DIM.CONSUMER_DIM_ID', 'INNER', 'Y', '>');
insert into folio_conf.join_filter (join_filter_id, from_table,to_table, join_expression, join_type, active_flag, join_cardinality) values(5025, 'MAIN.RDW.TRAN_ITEM_FACT', 'MAIN.RDW.TRAN_RESULT_DIM', 'MAIN.RDW.TRAN_ITEM_FACT.TRAN_RESULT_DIM_ID = MAIN.RDW.TRAN_RESULT_DIM.TRAN_RESULT_DIM_ID', 'INNER', 'Y', '>');
insert into folio_conf.join_filter (join_filter_id, from_table,to_table, join_expression, join_type, active_flag, join_cardinality) values(5026, 'MAIN.RDW.TRAN_ITEM_FACT', 'MAIN.RDW.HOST_DIM', 'MAIN.RDW.TRAN_ITEM_FACT.HOST_DIM_ID = MAIN.RDW.HOST_DIM.HOST_DIM_ID', 'INNER', 'Y', '>');
insert into folio_conf.join_filter (join_filter_id, from_table,to_table, join_expression, join_type, active_flag, join_cardinality) values(5027, 'MAIN.RDW.TRAN_ITEM_FACT', 'MAIN.RDW.FILL_ITEM_DETAIL_DIM', 'MAIN.RDW.TRAN_ITEM_FACT.FILL_DIM_ID = MAIN.RDW.FILL_ITEM_DETAIL_DIM.ITEM_DETAIL_DIM_ID', 'INNER', 'Y', '>');
insert into folio_conf.join_filter (join_filter_id, from_table,to_table, join_expression, join_type, active_flag, join_cardinality) values(5028, 'MAIN.RDW.TRAN_ITEM_FACT', 'MAIN.RDW.DATE_DIM[FILL]', 'MAIN.RDW.TRAN_ITEM_FACT.FILL_DATE_DIM_ID = MAIN.RDW.DATE_DIM[FILL].DATE_DIM_ID', 'INNER', 'Y', '>');
insert into folio_conf.join_filter (join_filter_id, from_table,to_table, join_expression, join_type, active_flag, join_cardinality) values(5029, 'MAIN.RDW.TRAN_ITEM_FACT', 'MAIN.RDW.TIME_DIM[FILL]', 'MAIN.RDW.TRAN_ITEM_FACT.FILL_TIME_DIM_ID = MAIN.RDW.TIME_DIM[FILL].TIME_DIM_ID', 'INNER', 'Y', '>');
insert into folio_conf.join_filter (join_filter_id, from_table,to_table, join_expression, join_type, active_flag, join_cardinality) values(5030, 'MAIN.RDW.TRAN_ITEM_FACT', 'MAIN.RDW.AUTHORITY_TERMINAL_DIM', 'MAIN.RDW.TRAN_ITEM_FACT.AUTHORITY_TERMINAL_DIM_ID = MAIN.RDW.AUTHORITY_TERMINAL_DIM.AUTHORITY_TERMINAL_DIM_ID', 'INNER', 'Y', '>');
insert into folio_conf.join_filter (join_filter_id, from_table,to_table, join_expression, join_type, active_flag, join_cardinality) values(5031, 'MAIN.RDW.TRAN_ITEM_FACT', 'MAIN.RDW.CONSUMER_DIM[APPLY_TO]', 'MAIN.RDW.TRAN_ITEM_FACT.APPLY_TO_CONSUMER_DIM_ID = MAIN.RDW.CONSUMER_DIM[APPLY_TO].CONSUMER_DIM_ID', 'LEFT', 'Y', '>');
insert into folio_conf.join_filter (join_filter_id, from_table,to_table, join_expression, join_type, active_flag, join_cardinality) values(5032, 'MAIN.RDW.TRAN_ITEM_FACT', 'MAIN.RDW.TRAN_ITEM_DETAIL_DIM[ORIG_TRAN_DIM_ID]', 'MAIN.RDW.TRAN_ITEM_FACT.ORIG_TRAN_DIM_ID = MAIN.RDW.TRAN_ITEM_DETAIL_DIM[ORIG_TRAN_DIM_ID].ITEM_DETAIL_DIM_ID', 'LEFT', 'Y', '>');
insert into folio_conf.join_filter (join_filter_id, from_table,to_table, join_expression, join_type, active_flag, join_cardinality) values(5033, 'MAIN.RDW.TRAN_ITEM_FACT', 'MAIN.RDW.DATE_DIM[SETTLED]', 'MAIN.RDW.TRAN_ITEM_FACT.SETTLED_DATE_DIM_ID = MAIN.RDW.DATE_DIM[SETTLED].DATE_DIM_ID', 'INNER', 'Y', '>');
insert into folio_conf.join_filter (join_filter_id, from_table,to_table, join_expression, join_type, active_flag, join_cardinality) values(5034, 'MAIN.RDW.TRAN_ITEM_FACT', 'MAIN.RDW.TIME_DIM[SETTLED]', 'MAIN.RDW.TRAN_ITEM_FACT.SETTLED_TIME_DIM_ID = MAIN.RDW.TIME_DIM[SETTLED].TIME_DIM_ID', 'INNER', 'Y', '>');
insert into folio_conf.join_filter (join_filter_id, from_table,to_table, join_expression, join_type, active_flag, join_cardinality) values(5035, 'MAIN.RDW.TRAN_ITEM_FACT', 'MAIN.RDW.PAYMENT_DIM', 'MAIN.RDW.TRAN_ITEM_FACT.PAYMENT_DIM_ID = MAIN.RDW.PAYMENT_DIM.PAYMENT_DIM_ID', 'INNER', 'Y', '>');
insert into folio_conf.join_filter (join_filter_id, from_table,to_table, join_expression, join_type, active_flag, join_cardinality) values(5036, 'MAIN.RDW.TRAN_ITEM_FACT', 'MAIN.RDW.PAYMENT_BATCH_DIM', 'MAIN.RDW.TRAN_ITEM_FACT.PAYMENT_BATCH_DIM_ID = MAIN.RDW.PAYMENT_BATCH_DIM.PAYMENT_BATCH_DIM_ID', 'INNER', 'Y', '>');
insert into folio_conf.join_filter (join_filter_id, from_table,to_table, join_expression, join_type, active_flag, join_cardinality) values(5037, 'MAIN.RDW.TRAN_ITEM_FACT', 'MAIN.RDW.DATE_DIM[PAID]', 'MAIN.RDW.TRAN_ITEM_FACT.PAID_DATE_DIM_ID = MAIN.RDW.DATE_DIM[PAID].DATE_DIM_ID', 'INNER', 'Y', '>');
insert into folio_conf.join_filter (join_filter_id, from_table,to_table, join_expression, join_type, active_flag, join_cardinality) values(5038, 'MAIN.RDW.TRAN_ITEM_FACT', 'MAIN.RDW.ITEM_TYPE_DIM', 'MAIN.RDW.TRAN_ITEM_FACT.ITEM_TYPE_DIM_ID = MAIN.RDW.ITEM_TYPE_DIM.ITEM_TYPE_DIM_ID', 'INNER', 'Y', '>');
insert into folio_conf.join_filter (join_filter_id, from_table,to_table, join_expression, join_type, active_flag, join_cardinality) values(5039, 'MAIN.RDW.TRAN_ITEM_FACT', 'MAIN.RDW.DEVICE_DIM', 'MAIN.RDW.TRAN_ITEM_FACT.DEVICE_DIM_ID = MAIN.RDW.DEVICE_DIM.DEVICE_DIM_ID', 'INNER', 'Y', '>');
insert into folio_conf.join_filter (join_filter_id, from_table,to_table, join_expression, join_type, active_flag, join_cardinality) values(5040, 'MAIN.RDW.TRAN_ITEM_FACT', 'MAIN.RDW.LOCATION_DIM', 'MAIN.RDW.TRAN_ITEM_FACT.LOCATION_DIM_ID = MAIN.RDW.LOCATION_DIM.LOCATION_DIM_ID', 'INNER', 'Y', '>');
insert into folio_conf.join_filter (join_filter_id, from_table,to_table, join_expression, join_type, active_flag, join_cardinality) values(5041, 'MAIN.RDW.TRAN_ITEM_FACT', 'MAIN.RDW.POS_DIM', 'MAIN.RDW.TRAN_ITEM_FACT.POS_DIM_ID = MAIN.RDW.POS_DIM.POS_DIM_ID', 'INNER', 'Y', '>');
insert into folio_conf.join_filter (join_filter_id, from_table,to_table, join_expression, join_type, active_flag, join_cardinality) values(5042, 'MAIN.RDW.TRAN_ITEM_FACT', 'MAIN.RDW.DATE_DIM[TRAN]', 'MAIN.RDW.TRAN_ITEM_FACT.ITEM_DATE_DIM_ID = MAIN.RDW.DATE_DIM[TRAN].DATE_DIM_ID', 'INNER', 'Y', '>');
insert into folio_conf.join_filter (join_filter_id, from_table,to_table, join_expression, join_type, active_flag, join_cardinality) values(5043, 'MAIN.RDW.TRAN_ITEM_FACT', 'MAIN.RDW.TIME_DIM[TRAN]', 'MAIN.RDW.TRAN_ITEM_FACT.ITEM_TIME_DIM_ID = MAIN.RDW.TIME_DIM[TRAN].TIME_DIM_ID', 'INNER', 'Y', '>');
insert into folio_conf.join_filter (join_filter_id, from_table,to_table, join_expression, join_type, active_flag, join_cardinality) values(5044, 'MAIN.RDW.TRAN_ITEM_FACT', 'MAIN.RDW.DATE_DIM[UPLOAD]', 'MAIN.RDW.TRAN_ITEM_FACT.UPLOAD_DATE_DIM_ID = MAIN.RDW.DATE_DIM[UPLOAD].DATE_DIM_ID', 'INNER', 'Y', '>');
insert into folio_conf.join_filter (join_filter_id, from_table,to_table, join_expression, join_type, active_flag, join_cardinality) values(5045, 'MAIN.RDW.TRAN_ITEM_FACT', 'MAIN.RDW.TIME_DIM[UPLOAD]', 'MAIN.RDW.TRAN_ITEM_FACT.UPLOAD_TIME_DIM_ID = MAIN.RDW.TIME_DIM[UPLOAD].TIME_DIM_ID', 'INNER', 'Y', '>');
insert into folio_conf.join_filter (join_filter_id, from_table,to_table, join_expression, join_type, active_flag, join_cardinality) values(5046, 'MAIN.RDW.TRAN_ITEM_FACT', 'MAIN.RDW.DEVICE_CALL_DIM', 'MAIN.RDW.TRAN_ITEM_FACT.DEVICE_CALL_DIM_ID = MAIN.RDW.DEVICE_CALL_DIM.DEVICE_CALL_DIM_ID', 'INNER', 'Y', '>');
insert into folio_conf.join_filter (join_filter_id, from_table,to_table, join_expression, join_type, active_flag, join_cardinality) values(5047, 'MAIN.RDW.TRAN_ITEM_FACT', 'MAIN.RDW.CURRENCY_DIM', 'MAIN.RDW.TRAN_ITEM_FACT.CURRENCY_DIM_ID = MAIN.RDW.CURRENCY_DIM.CURRENCY_DIM_ID', 'INNER', 'Y', '>');
insert into folio_conf.join_filter (join_filter_id, from_table,to_table, join_expression, join_type, active_flag, join_cardinality) values(4963, 'MAIN.RDW.LEDGER_ITEM_FACT', 'MAIN.RDW.LEDGER_ITEM_DETAIL_DIM', 'MAIN.RDW.LEDGER_ITEM_FACT.ITEM_DETAIL_DIM_ID = MAIN.RDW.LEDGER_ITEM_DETAIL_DIM.ITEM_DETAIL_DIM_ID', 'INNER', 'Y', '=');
insert into folio_conf.join_filter (join_filter_id, from_table,to_table, join_expression, join_type, active_flag, join_cardinality) values(4964, 'MAIN.RDW.LEDGER_ITEM_FACT', 'MAIN.RDW.DATE_DIM[SETTLED]', 'MAIN.RDW.LEDGER_ITEM_FACT.SETTLED_DATE_DIM_ID = MAIN.RDW.DATE_DIM[SETTLED].DATE_DIM_ID', 'INNER', 'Y', '>');
insert into folio_conf.join_filter (join_filter_id, from_table,to_table, join_expression, join_type, active_flag, join_cardinality) values(4965, 'MAIN.RDW.LEDGER_ITEM_FACT', 'MAIN.RDW.TIME_DIM[SETTLED]', 'MAIN.RDW.LEDGER_ITEM_FACT.SETTLED_TIME_DIM_ID = MAIN.RDW.TIME_DIM[SETTLED].TIME_DIM_ID', 'INNER', 'Y', '>');
insert into folio_conf.join_filter (join_filter_id, from_table,to_table, join_expression, join_type, active_flag, join_cardinality) values(4966, 'MAIN.RDW.LEDGER_ITEM_FACT', 'MAIN.RDW.PAYMENT_DIM', 'MAIN.RDW.LEDGER_ITEM_FACT.PAYMENT_DIM_ID = MAIN.RDW.PAYMENT_DIM.PAYMENT_DIM_ID', 'INNER', 'Y', '>');
insert into folio_conf.join_filter (join_filter_id, from_table,to_table, join_expression, join_type, active_flag, join_cardinality) values(4967, 'MAIN.RDW.LEDGER_ITEM_FACT', 'MAIN.RDW.PAYMENT_BATCH_DIM', 'MAIN.RDW.LEDGER_ITEM_FACT.PAYMENT_BATCH_DIM_ID = MAIN.RDW.PAYMENT_BATCH_DIM.PAYMENT_BATCH_DIM_ID', 'INNER', 'Y', '>');
insert into folio_conf.join_filter (join_filter_id, from_table,to_table, join_expression, join_type, active_flag, join_cardinality) values(4968, 'MAIN.RDW.LEDGER_ITEM_FACT', 'MAIN.RDW.DATE_DIM[PAID]', 'MAIN.RDW.LEDGER_ITEM_FACT.PAID_DATE_DIM_ID = MAIN.RDW.DATE_DIM[PAID].DATE_DIM_ID', 'INNER', 'Y', '>');
insert into folio_conf.join_filter (join_filter_id, from_table,to_table, join_expression, join_type, active_flag, join_cardinality) values(4969, 'MAIN.RDW.LEDGER_ITEM_FACT', 'MAIN.RDW.ITEM_TYPE_DIM', 'MAIN.RDW.LEDGER_ITEM_FACT.ITEM_TYPE_DIM_ID = MAIN.RDW.ITEM_TYPE_DIM.ITEM_TYPE_DIM_ID', 'INNER', 'Y', '>');
insert into folio_conf.join_filter (join_filter_id, from_table,to_table, join_expression, join_type, active_flag, join_cardinality) values(4970, 'MAIN.RDW.LEDGER_ITEM_FACT', 'MAIN.RDW.DEVICE_DIM', 'MAIN.RDW.LEDGER_ITEM_FACT.DEVICE_DIM_ID = MAIN.RDW.DEVICE_DIM.DEVICE_DIM_ID', 'INNER', 'Y', '>');
insert into folio_conf.join_filter (join_filter_id, from_table,to_table, join_expression, join_type, active_flag, join_cardinality) values(4971, 'MAIN.RDW.LEDGER_ITEM_FACT', 'MAIN.RDW.LOCATION_DIM', 'MAIN.RDW.LEDGER_ITEM_FACT.LOCATION_DIM_ID = MAIN.RDW.LOCATION_DIM.LOCATION_DIM_ID', 'INNER', 'Y', '>');
insert into folio_conf.join_filter (join_filter_id, from_table,to_table, join_expression, join_type, active_flag, join_cardinality) values(4972, 'MAIN.RDW.LEDGER_ITEM_FACT', 'MAIN.RDW.POS_DIM', 'MAIN.RDW.LEDGER_ITEM_FACT.POS_DIM_ID = MAIN.RDW.POS_DIM.POS_DIM_ID', 'INNER', 'Y', '>');
insert into folio_conf.join_filter (join_filter_id, from_table,to_table, join_expression, join_type, active_flag, join_cardinality) values(4973, 'MAIN.RDW.LEDGER_ITEM_FACT', 'MAIN.RDW.DATE_DIM[ITEM]', 'MAIN.RDW.LEDGER_ITEM_FACT.ITEM_DATE_DIM_ID = MAIN.RDW.DATE_DIM[ITEM].DATE_DIM_ID', 'INNER', 'Y', '>');
insert into folio_conf.join_filter (join_filter_id, from_table,to_table, join_expression, join_type, active_flag, join_cardinality) values(4974, 'MAIN.RDW.LEDGER_ITEM_FACT', 'MAIN.RDW.TIME_DIM[ITEM]', 'MAIN.RDW.LEDGER_ITEM_FACT.ITEM_TIME_DIM_ID = MAIN.RDW.TIME_DIM[ITEM].TIME_DIM_ID', 'INNER', 'Y', '>');
insert into folio_conf.join_filter (join_filter_id, from_table,to_table, join_expression, join_type, active_flag, join_cardinality) values(4975, 'MAIN.RDW.LEDGER_ITEM_FACT', 'MAIN.RDW.DATE_DIM[UPLOAD]', 'MAIN.RDW.LEDGER_ITEM_FACT.UPLOAD_DATE_DIM_ID = MAIN.RDW.DATE_DIM[UPLOAD].DATE_DIM_ID', 'INNER', 'Y', '>');
insert into folio_conf.join_filter (join_filter_id, from_table,to_table, join_expression, join_type, active_flag, join_cardinality) values(4976, 'MAIN.RDW.LEDGER_ITEM_FACT', 'MAIN.RDW.TIME_DIM[UPLOAD]', 'MAIN.RDW.LEDGER_ITEM_FACT.UPLOAD_TIME_DIM_ID = MAIN.RDW.TIME_DIM[UPLOAD].TIME_DIM_ID', 'INNER', 'Y', '>');
insert into folio_conf.join_filter (join_filter_id, from_table,to_table, join_expression, join_type, active_flag, join_cardinality) values(4977, 'MAIN.RDW.LEDGER_ITEM_FACT', 'MAIN.RDW.DEVICE_CALL_DIM', 'MAIN.RDW.LEDGER_ITEM_FACT.DEVICE_CALL_DIM_ID = MAIN.RDW.DEVICE_CALL_DIM.DEVICE_CALL_DIM_ID', 'INNER', 'Y', '>');
insert into folio_conf.join_filter (join_filter_id, from_table,to_table, join_expression, join_type, active_flag, join_cardinality) values(4978, 'MAIN.RDW.LEDGER_ITEM_FACT', 'MAIN.RDW.CURRENCY_DIM', 'MAIN.RDW.LEDGER_ITEM_FACT.CURRENCY_DIM_ID = MAIN.RDW.CURRENCY_DIM.CURRENCY_DIM_ID', 'INNER', 'Y', '>');
insert into folio_conf.join_filter (join_filter_id, from_table,to_table, join_expression, join_type, active_flag, join_cardinality) values(5064, 'MAIN.RDW.LOCATION_BRIDGE', 'MAIN.RDW.LOCATION_DIM[ANCESTOR]', 'MAIN.RDW.LOCATION_BRIDGE.ANCESTOR_LOCATION_DIM_ID = MAIN.RDW.LOCATION_DIM[ANCESTOR].LOCATION_DIM_ID', 'INNER', 'Y', '=');
insert into folio_conf.join_filter (join_filter_id, from_table,to_table, join_expression, join_type, active_flag, join_cardinality) values(5066, 'MAIN.RDW.PAYMENT_BATCH_DIM', 'MAIN.RDW.PAYMENT_DIM', 'MAIN.RDW.PAYMENT_BATCH_DIM.PAYMENT_DIM_ID = MAIN.RDW.PAYMENT_DIM.PAYMENT_DIM_ID', 'INNER', 'Y', '>');
insert into folio_conf.join_filter (join_filter_id, from_table,to_table, join_expression, join_type, active_flag, join_cardinality) values(5067, 'MAIN.RDW.POS_DIM', 'MAIN.RDW.LOCATION_DIM', 'MAIN.RDW.POS_DIM.LOCATION_DIM_ID = MAIN.RDW.LOCATION_DIM.LOCATION_DIM_ID', 'INNER', 'Y', '>');
insert into folio_conf.join_filter (join_filter_id, from_table,to_table, join_expression, join_type, active_flag, join_cardinality) values(5068, 'MAIN.RDW.POS_DIM', 'MAIN.RDW.DEVICE_DIM', 'MAIN.RDW.POS_DIM.DEVICE_DIM_ID = MAIN.RDW.DEVICE_DIM.DEVICE_DIM_ID', 'INNER', 'Y', '>');
insert into folio_conf.join_filter (join_filter_id, from_table,to_table, join_expression, join_type, active_flag, join_cardinality) values(5069, 'MAIN.RDW.TRAN_ITEM_DETAIL_DIM', 'MAIN.RDW.ITEM_TYPE_DIM', 'MAIN.RDW.TRAN_ITEM_DETAIL_DIM.ITEM_TYPE_DIM_ID = MAIN.RDW.ITEM_TYPE_DIM.ITEM_TYPE_DIM_ID', 'INNER', 'Y', '>');
insert into folio_conf.join_filter (join_filter_id, from_table,to_table, join_expression, join_type, active_flag, join_cardinality) values(5070, 'MAIN.RDW.LEDGER_ITEM_DETAIL_DIM', 'MAIN.RDW.ITEM_TYPE_DIM', 'MAIN.RDW.LEDGER_ITEM_DETAIL_DIM.ITEM_TYPE_DIM_ID = MAIN.RDW.ITEM_TYPE_DIM.ITEM_TYPE_DIM_ID', 'INNER', 'Y', '>');
insert into folio_conf.join_filter (join_filter_id, from_table,to_table, join_expression, join_type, active_flag, join_cardinality) values(5071, 'MAIN.RDW.MODEM_HOST_DIM', 'MAIN.RDW.HOST_DIM', 'MAIN.RDW.MODEM_HOST_DIM.HOST_DIM_ID = MAIN.RDW.HOST_DIM.HOST_DIM_ID', 'INNER', 'Y', '=');
insert into folio_conf.join_filter (join_filter_id, from_table,to_table, join_expression, join_type, active_flag, join_cardinality) values(5073, 'MAIN.RDW.FILL_ITEM_DETAIL_DIM', 'MAIN.RDW.ITEM_TYPE_DIM', 'MAIN.RDW.FILL_ITEM_DETAIL_DIM.ITEM_TYPE_DIM_ID = MAIN.RDW.ITEM_TYPE_DIM.ITEM_TYPE_DIM_ID', 'INNER', 'Y', '>');
insert into folio_conf.join_filter (join_filter_id, from_table,to_table, join_expression, join_type, active_flag, join_cardinality) values(5074, 'MAIN.RDW.FILL_FACT', 'MAIN.RDW.FILL_ITEM_DETAIL_DIM', 'MAIN.RDW.FILL_FACT.ITEM_DETAIL_DIM_ID = MAIN.RDW.FILL_ITEM_DETAIL_DIM.ITEM_DETAIL_DIM_ID', 'INNER', 'Y', '=');
insert into folio_conf.join_filter (join_filter_id, from_table,to_table, join_expression, join_type, active_flag, join_cardinality) values(5075, 'MAIN.RDW.FILL_FACT', 'MAIN.RDW.FILL_ITEM_DETAIL_DIM[PREV_FILL_DIM_ID]', 'MAIN.RDW.FILL_FACT.PREV_FILL_DIM_ID = MAIN.RDW.FILL_ITEM_DETAIL_DIM[PREV_FILL_DIM_ID].ITEM_DETAIL_DIM_ID', 'INNER', 'Y', '=');
insert into folio_conf.join_filter (join_filter_id, from_table,to_table, join_expression, join_type, active_flag, join_cardinality) values(5076, 'MAIN.RDW.FILL_FACT', 'MAIN.RDW.HOST_DIM', 'MAIN.RDW.FILL_FACT.HOST_DIM_ID = MAIN.RDW.HOST_DIM.HOST_DIM_ID', 'INNER', 'Y', '>');
insert into folio_conf.join_filter (join_filter_id, from_table,to_table, join_expression, join_type, active_flag, join_cardinality) values(5077, 'MAIN.RDW.FILL_FACT', 'MAIN.RDW.AUTH_TYPE_DIM', 'MAIN.RDW.FILL_FACT.AUTH_TYPE_DIM_ID = MAIN.RDW.AUTH_TYPE_DIM.AUTH_TYPE_DIM_ID', 'INNER', 'Y', '>');
insert into folio_conf.join_filter (join_filter_id, from_table,to_table, join_expression, join_type, active_flag, join_cardinality) values(5078, 'MAIN.RDW.FILL_FACT', 'MAIN.RDW.AUTH_DETAIL_DIM', 'MAIN.RDW.FILL_FACT.AUTH_DETAIL_DIM_ID = MAIN.RDW.AUTH_DETAIL_DIM.AUTH_DETAIL_DIM_ID', 'INNER', 'Y', '>');
insert into folio_conf.join_filter (join_filter_id, from_table,to_table, join_expression, join_type, active_flag, join_cardinality) values(5079, 'MAIN.RDW.FILL_FACT', 'MAIN.RDW.CONSUMER_DIM', 'MAIN.RDW.FILL_FACT.CONSUMER_DIM_ID = MAIN.RDW.CONSUMER_DIM.CONSUMER_DIM_ID', 'INNER', 'Y', '>');
insert into folio_conf.join_filter (join_filter_id, from_table,to_table, join_expression, join_type, active_flag, join_cardinality) values(5080, 'MAIN.RDW.FILL_FACT', 'MAIN.RDW.ITEM_TYPE_DIM', 'MAIN.RDW.FILL_FACT.ITEM_TYPE_DIM_ID = MAIN.RDW.ITEM_TYPE_DIM.ITEM_TYPE_DIM_ID', 'INNER', 'Y', '>');
insert into folio_conf.join_filter (join_filter_id, from_table,to_table, join_expression, join_type, active_flag, join_cardinality) values(5081, 'MAIN.RDW.FILL_FACT', 'MAIN.RDW.DEVICE_DIM', 'MAIN.RDW.FILL_FACT.DEVICE_DIM_ID = MAIN.RDW.DEVICE_DIM.DEVICE_DIM_ID', 'INNER', 'Y', '>');
insert into folio_conf.join_filter (join_filter_id, from_table,to_table, join_expression, join_type, active_flag, join_cardinality) values(5082, 'MAIN.RDW.FILL_FACT', 'MAIN.RDW.LOCATION_DIM', 'MAIN.RDW.FILL_FACT.LOCATION_DIM_ID = MAIN.RDW.LOCATION_DIM.LOCATION_DIM_ID', 'INNER', 'Y', '>');
insert into folio_conf.join_filter (join_filter_id, from_table,to_table, join_expression, join_type, active_flag, join_cardinality) values(5083, 'MAIN.RDW.FILL_FACT', 'MAIN.RDW.POS_DIM', 'MAIN.RDW.FILL_FACT.POS_DIM_ID = MAIN.RDW.POS_DIM.POS_DIM_ID', 'INNER', 'Y', '>');
insert into folio_conf.join_filter (join_filter_id, from_table,to_table, join_expression, join_type, active_flag, join_cardinality) values(5084, 'MAIN.RDW.FILL_FACT', 'MAIN.RDW.DATE_DIM[FILL]', 'MAIN.RDW.FILL_FACT.ITEM_DATE_DIM_ID = MAIN.RDW.DATE_DIM[FILL].DATE_DIM_ID', 'INNER', 'Y', '>');
insert into folio_conf.join_filter (join_filter_id, from_table,to_table, join_expression, join_type, active_flag, join_cardinality) values(5085, 'MAIN.RDW.FILL_FACT', 'MAIN.RDW.TIME_DIM[FILL]', 'MAIN.RDW.FILL_FACT.ITEM_TIME_DIM_ID = MAIN.RDW.TIME_DIM[FILL].TIME_DIM_ID', 'INNER', 'Y', '>');
insert into folio_conf.join_filter (join_filter_id, from_table,to_table, join_expression, join_type, active_flag, join_cardinality) values(5086, 'MAIN.RDW.FILL_FACT', 'MAIN.RDW.DATE_DIM[UPLOAD]', 'MAIN.RDW.FILL_FACT.UPLOAD_DATE_DIM_ID = MAIN.RDW.DATE_DIM[UPLOAD].DATE_DIM_ID', 'INNER', 'Y', '>');
insert into folio_conf.join_filter (join_filter_id, from_table,to_table, join_expression, join_type, active_flag, join_cardinality) values(5087, 'MAIN.RDW.FILL_FACT', 'MAIN.RDW.TIME_DIM[UPLOAD]', 'MAIN.RDW.FILL_FACT.UPLOAD_TIME_DIM_ID = MAIN.RDW.TIME_DIM[UPLOAD].TIME_DIM_ID', 'INNER', 'Y', '>');
insert into folio_conf.join_filter (join_filter_id, from_table,to_table, join_expression, join_type, active_flag, join_cardinality) values(5088, 'MAIN.RDW.FILL_FACT', 'MAIN.RDW.DEVICE_CALL_DIM', 'MAIN.RDW.FILL_FACT.DEVICE_CALL_DIM_ID = MAIN.RDW.DEVICE_CALL_DIM.DEVICE_CALL_DIM_ID', 'INNER', 'Y', '>');
insert into folio_conf.join_filter (join_filter_id, from_table,to_table, join_expression, join_type, active_flag, join_cardinality) values(5089, 'MAIN.RDW.FILL_FACT', 'MAIN.RDW.CURRENCY_DIM', 'MAIN.RDW.FILL_FACT.CURRENCY_DIM_ID = MAIN.RDW.CURRENCY_DIM.CURRENCY_DIM_ID', 'INNER', 'Y', '>');
insert into folio_conf.join_filter (join_filter_id, from_table,to_table, join_expression, join_type, active_flag, join_cardinality) values(5090, 'MAIN.RDW.DEVICE_CALL_FACT', 'MAIN.RDW.DEVICE_CALL_DIM', 'MAIN.RDW.DEVICE_CALL_FACT.DEVICE_CALL_DIM_ID = MAIN.RDW.DEVICE_CALL_DIM.DEVICE_CALL_DIM_ID', 'INNER', 'Y', '>');
insert into folio_conf.join_filter (join_filter_id, from_table,to_table, join_expression, join_type, active_flag, join_cardinality) values(5091, 'MAIN.RDW.DEVICE_CALL_FACT', 'MAIN.RDW.DEVICE_DIM', 'MAIN.RDW.DEVICE_CALL_FACT.DEVICE_DIM_ID = MAIN.RDW.DEVICE_DIM.DEVICE_DIM_ID', 'INNER', 'Y', '>');
insert into folio_conf.join_filter (join_filter_id, from_table,to_table, join_expression, join_type, active_flag, join_cardinality) values(5092, 'MAIN.RDW.DEVICE_CALL_FACT', 'MAIN.RDW.LOCATION_DIM', 'MAIN.RDW.DEVICE_CALL_FACT.LOCATION_DIM_ID = MAIN.RDW.LOCATION_DIM.LOCATION_DIM_ID', 'INNER', 'Y', '>');
insert into folio_conf.join_filter (join_filter_id, from_table,to_table, join_expression, join_type, active_flag, join_cardinality) values(5093, 'MAIN.RDW.DEVICE_CALL_FACT', 'MAIN.RDW.POS_DIM', 'MAIN.RDW.DEVICE_CALL_FACT.POS_DIM_ID = MAIN.RDW.POS_DIM.POS_DIM_ID', 'INNER', 'Y', '>');
insert into folio_conf.join_filter (join_filter_id, from_table,to_table, join_expression, join_type, active_flag, join_cardinality) values(5094, 'MAIN.RDW.DEVICE_CALL_FACT', 'MAIN.RDW.DATE_DIM[START]', 'MAIN.RDW.DEVICE_CALL_FACT.START_DATE_DIM_ID = MAIN.RDW.DATE_DIM[START].DATE_DIM_ID', 'INNER', 'Y', '>');
insert into folio_conf.join_filter (join_filter_id, from_table,to_table, join_expression, join_type, active_flag, join_cardinality) values(5095, 'MAIN.RDW.DEVICE_CALL_FACT', 'MAIN.RDW.TIME_DIM[START]', 'MAIN.RDW.DEVICE_CALL_FACT.START_TIME_DIM_ID = MAIN.RDW.TIME_DIM[START].TIME_DIM_ID', 'INNER', 'Y', '>');
insert into folio_conf.join_filter (join_filter_id, from_table,to_table, join_expression, join_type, active_flag, join_cardinality) values(5096, 'MAIN.RDW.DEVICE_CALL_FACT', 'MAIN.RDW.DATE_DIM[END]', 'MAIN.RDW.DEVICE_CALL_FACT.END_DATE_DIM_ID = MAIN.RDW.DATE_DIM[END].DATE_DIM_ID', 'INNER', 'Y', '>');
insert into folio_conf.join_filter (join_filter_id, from_table,to_table, join_expression, join_type, active_flag, join_cardinality) values(5097, 'MAIN.RDW.DEVICE_CALL_FACT', 'MAIN.RDW.TIME_DIM[END]', 'MAIN.RDW.DEVICE_CALL_FACT.END_TIME_DIM_ID = MAIN.RDW.TIME_DIM[END].TIME_DIM_ID', 'INNER', 'Y', '>');
insert into folio_conf.join_filter (join_filter_id, from_table,to_table, join_expression, join_type, active_flag, join_cardinality) values(5098, 'MAIN.RDW.DEVICE_CALL_FACT', 'MAIN.RDW.DEVICE_CALL_TYPE_DIM', 'MAIN.RDW.DEVICE_CALL_FACT.DEVICE_CALL_TYPE_DIM_ID = MAIN.RDW.DEVICE_CALL_TYPE_DIM.DEVICE_CALL_TYPE_DIM_ID', 'INNER', 'Y', '>');
insert into folio_conf.join_filter (join_filter_id, from_table,to_table, join_expression, join_type, active_flag, join_cardinality) values(5099, 'MAIN.RDW.ALERT_FACT', 'MAIN.RDW.ALERT_DIM', 'MAIN.RDW.ALERT_FACT.ALERT_DIM_ID = MAIN.RDW.ALERT_DIM.ALERT_DIM_ID', 'INNER', 'Y', '>');
insert into folio_conf.join_filter (join_filter_id, from_table,to_table, join_expression, join_type, active_flag, join_cardinality) values(5100, 'MAIN.RDW.ALERT_FACT', 'MAIN.RDW.ALERT_TYPE_DIM', 'MAIN.RDW.ALERT_FACT.ALERT_TYPE_DIM_ID = MAIN.RDW.ALERT_TYPE_DIM.ALERT_TYPE_DIM_ID', 'INNER', 'Y', '>');
insert into folio_conf.join_filter (join_filter_id, from_table,to_table, join_expression, join_type, active_flag, join_cardinality) values(5101, 'MAIN.RDW.ALERT_FACT', 'MAIN.RDW.DATE_DIM[ALERT]', 'MAIN.RDW.ALERT_FACT.ALERT_DATE_DIM_ID = MAIN.RDW.DATE_DIM[ALERT].DATE_DIM_ID', 'INNER', 'Y', '>');
insert into folio_conf.join_filter (join_filter_id, from_table,to_table, join_expression, join_type, active_flag, join_cardinality) values(5102, 'MAIN.RDW.ALERT_FACT', 'MAIN.RDW.TIME_DIM[ALERT]', 'MAIN.RDW.ALERT_FACT.ALERT_TIME_DIM_ID = MAIN.RDW.TIME_DIM[ALERT].TIME_DIM_ID', 'INNER', 'Y', '>');
insert into folio_conf.join_filter (join_filter_id, from_table,to_table, join_expression, join_type, active_flag, join_cardinality) values(5103, 'MAIN.RDW.ALERT_FACT', 'MAIN.RDW.DEVICE_DIM', 'MAIN.RDW.ALERT_FACT.DEVICE_DIM_ID = MAIN.RDW.DEVICE_DIM.DEVICE_DIM_ID', 'INNER', 'Y', '>');
insert into folio_conf.join_filter (join_filter_id, from_table,to_table, join_expression, join_type, active_flag, join_cardinality) values(5104, 'MAIN.RDW.ALERT_FACT', 'MAIN.RDW.HOST_DIM', 'MAIN.RDW.ALERT_FACT.HOST_DIM_ID = MAIN.RDW.HOST_DIM.HOST_DIM_ID', 'INNER', 'Y', '>');
insert into folio_conf.join_filter (join_filter_id, from_table,to_table, join_expression, join_type, active_flag, join_cardinality) values(5105, 'MAIN.RDW.ALERT_FACT', 'MAIN.RDW.LOCATION_DIM', 'MAIN.RDW.ALERT_FACT.LOCATION_DIM_ID = MAIN.RDW.LOCATION_DIM.LOCATION_DIM_ID', 'INNER', 'Y', '>');
insert into folio_conf.join_filter (join_filter_id, from_table,to_table, join_expression, join_type, active_flag, join_cardinality) values(5106, 'MAIN.RDW.ALERT_FACT', 'MAIN.RDW.DEVICE_CALL_DIM', 'MAIN.RDW.ALERT_FACT.DEVICE_CALL_DIM_ID = MAIN.RDW.DEVICE_CALL_DIM.DEVICE_CALL_DIM_ID', 'INNER', 'Y', '>');
insert into folio_conf.join_filter (join_filter_id, from_table,to_table, join_expression, join_type, active_flag, join_cardinality) values(5107, 'MAIN.RDW.ALERT_FACT', 'MAIN.RDW.POS_DIM', 'MAIN.RDW.ALERT_FACT.POS_DIM_ID = MAIN.RDW.POS_DIM.POS_DIM_ID', 'INNER', 'Y', '>');
insert into folio_conf.join_filter (join_filter_id, from_table,to_table, join_expression, join_type, active_flag, join_cardinality) values(5108, 'MAIN.RDW.USER_BANK_ACCT_PRIV', 'MAIN.RDW.PAYMENT_DIM', 'MAIN.RDW.USER_BANK_ACCT_PRIV.SOURCE_CUSTOMER_BANK_ID = MAIN.RDW.PAYMENT_DIM.SOURCE_CUSTOMER_BANK_ID', 'INNER', 'Y', '<');
insert into folio_conf.join_filter (join_filter_id, from_table,to_table, join_expression, join_type, active_flag, join_cardinality) values(5112, 'MAIN.RDW.USER_LOCATION_PRIV', '', 'MAIN.RDW.USER_LOCATION_PRIV.ACTIVE_FLAG = ''Yes''', 'INNER', 'Y', '=');
insert into folio_conf.join_filter (join_filter_id, from_table,to_table, join_expression, join_type, active_flag, join_cardinality) values(5113, 'MAIN.RDW.USER_BANK_ACCT_PRIV', '', 'MAIN.RDW.USER_BANK_ACCT_PRIV.ACTIVE_FLAG = ''Yes''', 'INNER', 'Y', '=');
insert into folio_conf.join_filter (join_filter_id, from_table,to_table, join_expression, join_type, active_flag, join_cardinality) values(5114, 'MAIN.RDW.LOCATION_DIM[REGION]', '', 'MAIN.RDW.LOCATION_DIM[REGION].SOURCE_SYSTEM_CD = ''REGION''', 'INNER', 'Y', '=');
insert into folio_conf.join_filter (join_filter_id, from_table,to_table, join_expression, join_type, active_flag, join_cardinality) values(5109, 'MAIN.RDW.USER_BANK_ACCT_PRIV', 'MAIN.RDW.TRAN_ITEM_DETAIL_DIM', 'MAIN.RDW.USER_BANK_ACCT_PRIV.SOURCE_CUSTOMER_BANK_ID = MAIN.RDW.TRAN_ITEM_DETAIL_DIM.CUSTOMER_BANK_ID', 'INNER', 'Y', '<');
insert into folio_conf.join_filter (join_filter_id, from_table,to_table, join_expression, join_type, active_flag, join_cardinality) values(5110, 'MAIN.RDW.USER_BANK_ACCT_PRIV', 'MAIN.RDW.LEDGER_ITEM_DETAIL_DIM', 'MAIN.RDW.USER_BANK_ACCT_PRIV.SOURCE_CUSTOMER_BANK_ID = MAIN.RDW.LEDGER_ITEM_DETAIL_DIM.CUSTOMER_BANK_ID', 'INNER', 'Y', '<');
insert into folio_conf.join_filter (join_filter_id, from_table,to_table, join_expression, join_type, active_flag, join_cardinality) values(5111, 'MAIN.RDW.USER_BANK_ACCT_PRIV', 'MAIN.RDW.FILL_ITEM_DETAIL_DIM', 'MAIN.RDW.USER_BANK_ACCT_PRIV.SOURCE_CUSTOMER_BANK_ID = MAIN.RDW.FILL_ITEM_DETAIL_DIM.CUSTOMER_BANK_ID', 'INNER', 'Y', '<');
insert into folio_conf.join_filter (join_filter_id, from_table,to_table, join_expression, join_type, active_flag, join_cardinality) values(5115, 'MAIN.RDW.LOCATION_DIM[REGION]', 'MAIN.RDW.LOCATION_BRIDGE[REGION]', 'MAIN.RDW.LOCATION_BRIDGE[REGION].ANCESTOR_LOCATION_DIM_ID = MAIN.RDW.LOCATION_DIM[REGION].LOCATION_DIM_ID', 'INNER', 'Y', '=');
insert into folio_conf.join_filter (join_filter_id, from_table,to_table, join_expression, join_type, active_flag, join_cardinality) values(5116, 'MAIN.RDW.LOCATION_DIM', 'MAIN.RDW.LOCATION_BRIDGE[REGION]', 'MAIN.RDW.LOCATION_BRIDGE[REGION].DESCENDENT_LOCATION_DIM_ID = MAIN.RDW.LOCATION_DIM.LOCATION_DIM_ID', 'LEFT', 'Y', '<');
insert into folio_conf.join_filter (join_filter_id, from_table,to_table, join_expression, join_type, active_flag, join_cardinality) values(5122, 'MAIN.RDW.PAYMENT_BATCH_DIM', 'MAIN.RDW.PAID_ITEM_AGG', 'MAIN.RDW.PAYMENT_BATCH_DIM.PAYMENT_BATCH_DIM_ID = MAIN.RDW.PAID_ITEM_AGG,PAYMENT_BATCH_DIM_ID', 'INNER', 'Y', '=');
insert into folio_conf.join_filter (join_filter_id, from_table,to_table, join_expression, join_type, active_flag, join_cardinality) values(5123, 'MAIN.RDW.PAID_ITEM_AGG', 'MAIN.RDW.LOCATION_DIM', 'MAIN.RDW.PAID_ITEM_AGG.LOCATION_DIM_ID = MAIN.RDW.LOCATION_DIM.LOCATION_DIM_ID', 'INNER', 'Y', '>');
insert into folio_conf.join_filter (join_filter_id, from_table,to_table, join_expression, join_type, active_flag, join_cardinality) values(5124, 'MAIN.RDW.PAID_ITEM_AGG', 'MAIN.RDW.POS_DIM', 'MAIN.RDW.PAID_ITEM_AGG.POS_DIM_ID = MAIN.RDW.POS_DIM.POS_DIM_ID', 'INNER', 'Y', '>');
insert into folio_conf.join_filter (join_filter_id, from_table,to_table, join_expression, join_type, active_flag, join_cardinality) values(5125, 'MAIN.RDW.PAID_ITEM_AGG', 'MAIN.RDW.DEVICE_DIM', 'MAIN.RDW.PAID_ITEM_AGG.DEVICE_DIM_ID = MAIN.RDW.DEVICE_DIM.DEVICE_DIM_ID', 'INNER', 'Y', '>');
insert into folio_conf.join_filter (join_filter_id, from_table,to_table, join_expression, join_type, active_flag, join_cardinality) values(5126, 'MAIN.RDW.PAID_ITEM_AGG', 'MAIN.RDW.PAYMENT_BATCH_DIM', 'MAIN.RDW.PAID_ITEM_AGG.PAYMENT_BATCH_DIM_ID = MAIN.RDW.PAYMENT_BATCH_DIM.PAYMENT_BATCH_DIM_ID', 'INNER', 'Y', '>');
insert into folio_conf.join_filter (join_filter_id, from_table,to_table, join_expression, join_type, active_flag, join_cardinality) values(5127, 'MAIN.RDW.PAID_ITEM_AGG', 'MAIN.RDW.PAYMENT_DIM', 'MAIN.RDW.PAID_ITEM_AGG.PAYMENT_DIM_ID = MAIN.RDW.PAYMENT_DIM.PAYMENT_DIM_ID', 'INNER', 'Y', '>');


